controller,seed,manifest_id,scenario_id,scenario_type,scenario_category,primary_actor_id,actor_ids,mixed,route_position_m,encountered,evaluable,encountered_at_s,resolved_at_s,time_to_resolve_s,completed,success,collision,deadlock_duration_s,overtake_attempted,overtake_successful,minimum_ttc_s,minimum_clearance_m
Rule Controller,2026000,6cba0c1e0adbc0a8,seed-2026000-scenario-00000,pedestrian,pedestrian,sim-001eea10-pedestrian-00000,sim-001eea10-pedestrian-00000,False,64.64870154589354,True,True,0.05,19.750000000000146,19.700000000000145,True,True,False,0.1,False,False,4.682389174510752,5.925000000000001
Rule Controller,2026000,6cba0c1e0adbc0a8,seed-2026000-scenario-00002,slow_car,mixed,sim-001eea10-slow-car-00002,sim-001eea10-slow-car-00002|sim-001eea10-left-traffic-00002,True,210.8115047135509,True,True,26.000000000000234,34.75000000000016,8.749999999999929,True,True,False,0.0,True,False,3.443551052421008,3.3068133364308574
Rule Controller,2026000,6cba0c1e0adbc0a8,seed-2026000-scenario-00005,stopped_car,stopped_car,sim-001eea10-stopped-car-00005,sim-001eea10-stopped-car-00005,False,474.6574919651421,True,True,43.09999999999969,67.14999999999833,24.04999999999864,True,True,False,4.199999999999993,True,True,3.806697107509087,3.118260241717093
Rule Controller,2026000,6cba0c1e0adbc0a8,seed-2026000-scenario-00006,pedestrian,pedestrian,sim-001eea10-pedestrian-00006,sim-001eea10-pedestrian-00006,False,579.0064103159616,True,True,68.64999999999824,85.64999999999728,16.999999999999034,True,True,False,0.1,False,False,3.4093420326079973,5.3047563864111
Rule Controller,2026000,6cba0c1e0adbc0a8,seed-2026000-scenario-00007,stopped_car,stopped_car,sim-001eea10-stopped-car-00007,sim-001eea10-stopped-car-00007,False,684.2839201238559,True,True,87.0499999999972,106.3999999999961,19.3499999999989,True,True,False,0.0,True,True,3.8288927125482486,3.1485108572641884
Rule Controller,2026000,6cba0c1e0adbc0a8,seed-2026000-scenario-00009,truck,truck,sim-001eea10-truck-00009,sim-001eea10-truck-00009,False,862.0995151565143,True,True,116.29999999999553,215.55000000001476,99.25000000001923,True,True,False,1.2500000000000004,True,True,2.5173172009690656,1.8043073907167322
Rule Controller,2026000,6cba0c1e0adbc0a8,seed-2026000-scenario-00010,stopped_car,stopped_car,sim-001eea10-stopped-car-00010,sim-001eea10-stopped-car-00010,False,941.4449261091634,True,True,118.89999999999539,134.2999999999963,15.400000000000901,True,False,True,6.199999999999986,False,False,0.23539278228942956,-1.8281275666514833
Rule Controller,2026000,6cba0c1e0adbc0a8,seed-2026000-scenario-00011,slow_car,slow_car,sim-001eea10-slow-car-00011,sim-001eea10-slow-car-00011,False,1035.8237021331213,True,True,212.6500000000141,268.2500000000267,55.600000000012614,True,True,False,0.0,True,True,2.989496443464331,3.625
Rule Controller,2026000,6cba0c1e0adbc0a8,seed-2026000-scenario-00012,slow_car,slow_car,sim-001eea10-slow-car-00012,sim-001eea10-slow-car-00012,False,1106.9359281738627,True,True,206.4500000000127,218.70000000001548,12.250000000002785,True,True,False,1.7500000000000009,False,False,6.310261034131119,3.56686160745891
Rule Controller,2026000,6cba0c1e0adbc0a8,seed-2026000-scenario-00013,stopped_car,stopped_car,sim-001eea10-stopped-car-00013,sim-001eea10-stopped-car-00013,False,1181.9629706632602,True,True,154.40000000000086,178.05000000000624,23.650000000005377,True,True,False,4.199999999999993,True,True,3.405325533062181,3.1185257651780036
Rule Controller,2026000,6cba0c1e0adbc0a8,seed-2026000-scenario-00014,pedestrian,pedestrian,sim-001eea10-pedestrian-00014,sim-001eea10-pedestrian-00014,False,1278.416018279684,True,True,178.95000000000644,198.30000000001084,19.3500000000044,True,True,False,0.1,False,False,,5.381486158104735
Rule Controller,2026000,6cba0c1e0adbc0a8,seed-2026000-scenario-00015,stopped_car,mixed,sim-001eea10-stopped-car-00015,sim-001eea10-stopped-car-00015|sim-001eea10-left-traffic-00015,True,1359.4219307007916,True,True,197.2500000000106,204.3000000000122,7.050000000001603,True,True,False,0.0,True,False,0.06727325410345449,-1.6435543710178342
Rule Controller,2026000,6cba0c1e0adbc0a8,seed-2026000-scenario-00016,truck,truck,sim-001eea10-truck-00016,sim-001eea10-truck-00016,False,1467.244742600084,True,True,212.90000000001416,273.25000000002785,60.350000000013694,True,True,False,1.2500000000000004,False,False,5.286235485461622,3.3
Rule Controller,2026000,6cba0c1e0adbc0a8,seed-2026000-scenario-00017,slow_car,mixed,sim-001eea10-slow-car-00017,sim-001eea10-slow-car-00017|sim-001eea10-left-traffic-00017,True,1547.9762025572702,True,True,217.35000000001517,275.40000000002834,58.05000000001317,True,True,False,2.5999999999999988,False,False,0.018496435150375128,-1.875
Rule Controller,2026000,6cba0c1e0adbc0a8,seed-2026000-scenario-00018,pedestrian,pedestrian,sim-001eea10-pedestrian-00018,sim-001eea10-pedestrian-00018,False,1633.9398831534784,True,True,219.95000000001576,242.1500000000208,22.200000000005048,True,True,False,0.1,False,False,,0.42500000000000027
Rule Controller,2026000,6cba0c1e0adbc0a8,seed-2026000-scenario-00019,pedestrian,pedestrian,sim-001eea10-pedestrian-00019,sim-001eea10-pedestrian-00019,False,1714.26856713621,True,True,241.05000000002056,259.25000000002467,18.20000000000411,True,True,False,0.1,False,False,,0.42500000000000027
Rule Controller,2026000,6cba0c1e0adbc0a8,seed-2026000-scenario-00020,slow_car,slow_car,sim-001eea10-slow-car-00020,sim-001eea10-slow-car-00020,False,1802.2844993842634,True,True,266.25000000002626,275.2500000000283,9.000000000002046,True,True,False,0.39999999999999997,False,False,,3.625
Rule Controller,2026000,6cba0c1e0adbc0a8,seed-2026000-scenario-00021,stopped_car,mixed,sim-001eea10-stopped-car-00021,sim-001eea10-stopped-car-00021|sim-001eea10-left-traffic-00021,True,1898.6133541234838,True,True,266.3500000000263,272.6500000000277,6.3000000000014325,True,True,False,0.0,False,False,25.23893405738843,3.625
Rule Controller,2026000,6cba0c1e0adbc0a8,seed-2026000-scenario-00022,pedestrian,pedestrian,sim-001eea10-pedestrian-00022,sim-001eea10-pedestrian-00022,False,1993.9099439017798,True,False,273.20000000002784,292.3000000000322,19.100000000004343,True,False,False,0.1,False,False,,0.42500000000000027
Rule Controller,2026000,6cba0c1e0adbc0a8,seed-2026000-scenario-00023,truck,mixed,sim-001eea10-truck-00023,sim-001eea10-truck-00023|sim-001eea10-left-traffic-00023,True,2081.931849716764,False,False,,,,False,False,False,0.0,False,False,,
Rule Controller,2026000,6cba0c1e0adbc0a8,seed-2026000-scenario-00024,slow_car,slow_car,sim-001eea10-slow-car-00024,sim-001eea10-slow-car-00024,False,2153.128125873852,True,False,300.00000000003394,,,False,False,False,0.0,False,False,,70.37293111081264
Rule Controller,2026000,6cba0c1e0adbc0a8,seed-2026000-scenario-00025,stopped_car,stopped_car,sim-001eea10-stopped-car-00025,sim-001eea10-stopped-car-00025,False,2223.3676046174674,False,False,,,,False,False,False,0.0,False,False,,
Rule Controller,2026000,6cba0c1e0adbc0a8,seed-2026000-scenario-00026,truck,mixed,sim-001eea10-truck-00026,sim-001eea10-truck-00026|sim-001eea10-left-traffic-00026,True,2293.459513311566,False,False,,,,False,False,False,0.0,False,False,,
Rule Controller,2026000,6cba0c1e0adbc0a8,seed-2026000-scenario-00028,truck,mixed,sim-001eea10-truck-00028,sim-001eea10-truck-00028|sim-001eea10-left-traffic-00028,True,2486.5837836264072,False,False,,,,False,False,False,0.0,False,False,,
Rule Controller,2026000,6cba0c1e0adbc0a8,seed-2026000-scenario-00029,pedestrian,pedestrian,sim-001eea10-pedestrian-00029,sim-001eea10-pedestrian-00029,False,2564.4694086086874,False,False,,,,False,False,False,0.0,False,False,,
Rule Controller,2026000,6cba0c1e0adbc0a8,seed-2026000-scenario-00030,slow_car,mixed,sim-001eea10-slow-car-00030,sim-001eea10-slow-car-00030|sim-001eea10-left-traffic-00030,True,2671.709944180112,False,False,,,,False,False,False,0.0,False,False,,
Rule Controller,2026000,6cba0c1e0adbc0a8,seed-2026000-scenario-00031,stopped_car,mixed,sim-001eea10-stopped-car-00031,sim-001eea10-stopped-car-00031|sim-001eea10-left-traffic-00031,True,2761.039242963107,False,False,,,,False,False,False,0.0,False,False,,
Rule Controller,2026000,6cba0c1e0adbc0a8,seed-2026000-scenario-00032,stopped_car,stopped_car,sim-001eea10-stopped-car-00032,sim-001eea10-stopped-car-00032,False,2845.3654271791565,False,False,,,,False,False,False,0.0,False,False,,
Rule Controller,2026000,6cba0c1e0adbc0a8,seed-2026000-scenario-00033,slow_car,mixed,sim-001eea10-slow-car-00033,sim-001eea10-slow-car-00033|sim-001eea10-left-traffic-00033,True,2923.962718375405,False,False,,,,False,False,False,0.0,False,False,,
Rule Controller,2026000,6cba0c1e0adbc0a8,seed-2026000-scenario-00034,truck,truck,sim-001eea10-truck-00034,sim-001eea10-truck-00034,False,3006.3619447458627,False,False,,,,False,False,False,0.0,False,False,,
Rule Controller,2026000,6cba0c1e0adbc0a8,seed-2026000-scenario-00035,pedestrian,pedestrian,sim-001eea10-pedestrian-00035,sim-001eea10-pedestrian-00035,False,3089.76979990358,False,False,,,,False,False,False,0.0,False,False,,
Rule Controller,2026000,6cba0c1e0adbc0a8,seed-2026000-scenario-00037,pedestrian,pedestrian,sim-001eea10-pedestrian-00037,sim-001eea10-pedestrian-00037,False,3231.584524059914,False,False,,,,False,False,False,0.0,False,False,,
Rule Controller,2026000,6cba0c1e0adbc0a8,seed-2026000-scenario-00038,pedestrian,pedestrian,sim-001eea10-pedestrian-00038,sim-001eea10-pedestrian-00038,False,3302.632169175504,False,False,,,,False,False,False,0.0,False,False,,
Rule Controller,2026000,6cba0c1e0adbc0a8,seed-2026000-scenario-00039,pedestrian,pedestrian,sim-001eea10-pedestrian-00039,sim-001eea10-pedestrian-00039,False,3409.294296638919,False,False,,,,False,False,False,0.0,False,False,,
Rule Controller,2026000,6cba0c1e0adbc0a8,seed-2026000-scenario-00040,truck,mixed,sim-001eea10-truck-00040,sim-001eea10-truck-00040|sim-001eea10-left-traffic-00040,True,3502.7203982885767,False,False,,,,False,False,False,0.0,False,False,,
Rule Controller,2026000,6cba0c1e0adbc0a8,seed-2026000-scenario-00041,stopped_car,mixed,sim-001eea10-stopped-car-00041,sim-001eea10-stopped-car-00041|sim-001eea10-left-traffic-00041,True,3598.8630978834085,False,False,,,,False,False,False,0.0,False,False,,
Rule Controller,2026000,6cba0c1e0adbc0a8,seed-2026000-scenario-00042,slow_car,slow_car,sim-001eea10-slow-car-00042,sim-001eea10-slow-car-00042,False,3668.5571531493265,False,False,,,,False,False,False,0.0,False,False,,
Rule Controller,2026000,6cba0c1e0adbc0a8,seed-2026000-scenario-00043,truck,mixed,sim-001eea10-truck-00043,sim-001eea10-truck-00043|sim-001eea10-left-traffic-00043,True,3740.6825355596075,False,False,,,,False,False,False,0.0,False,False,,
Rule Controller,2026000,6cba0c1e0adbc0a8,seed-2026000-scenario-00044,pedestrian,pedestrian,sim-001eea10-pedestrian-00044,sim-001eea10-pedestrian-00044,False,3837.2793092854545,False,False,,,,False,False,False,0.0,False,False,,
Rule Controller,2026000,6cba0c1e0adbc0a8,seed-2026000-scenario-00045,pedestrian,pedestrian,sim-001eea10-pedestrian-00045,sim-001eea10-pedestrian-00045,False,3920.4123856686997,False,False,,,,False,False,False,0.0,False,False,,
Rule Controller,2026000,6cba0c1e0adbc0a8,seed-2026000-scenario-00046,stopped_car,stopped_car,sim-001eea10-stopped-car-00046,sim-001eea10-stopped-car-00046,False,3994.782434964632,False,False,,,,False,False,False,0.0,False,False,,
Rule Controller,2026000,6cba0c1e0adbc0a8,seed-2026000-scenario-00047,pedestrian,pedestrian,sim-001eea10-pedestrian-00047,sim-001eea10-pedestrian-00047,False,4091.380170939392,False,False,,,,False,False,False,0.0,False,False,,
Rule Controller,2026000,6cba0c1e0adbc0a8,seed-2026000-scenario-00048,slow_car,mixed,sim-001eea10-slow-car-00048,sim-001eea10-slow-car-00048|sim-001eea10-left-traffic-00048,True,4167.107269040245,False,False,,,,False,False,False,0.0,False,False,,
Rule Controller,2026000,6cba0c1e0adbc0a8,seed-2026000-scenario-00049,slow_car,slow_car,sim-001eea10-slow-car-00049,sim-001eea10-slow-car-00049,False,4258.56969543081,False,False,,,,False,False,False,0.0,False,False,,
Rule Controller,2026000,6cba0c1e0adbc0a8,seed-2026000-scenario-00050,pedestrian,pedestrian,sim-001eea10-pedestrian-00050,sim-001eea10-pedestrian-00050,False,4358.284080769812,False,False,,,,False,False,False,0.0,False,False,,
Hybrid ML Controller,2026000,6cba0c1e0adbc0a8,seed-2026000-scenario-00000,pedestrian,pedestrian,sim-001eea10-pedestrian-00000,sim-001eea10-pedestrian-00000,False,64.64870154589354,True,True,0.05,19.500000000000142,19.45000000000014,True,True,False,0.1,False,False,2.529082474063543,3.6137015458937327
Hybrid ML Controller,2026000,6cba0c1e0adbc0a8,seed-2026000-scenario-00002,slow_car,mixed,sim-001eea10-slow-car-00002,sim-001eea10-slow-car-00002|sim-001eea10-left-traffic-00002,True,210.8115047135509,True,True,25.850000000000232,34.80000000000016,8.949999999999928,True,True,False,0.0,True,False,3.410605851503151,3.2952902069683025
Hybrid ML Controller,2026000,6cba0c1e0adbc0a8,seed-2026000-scenario-00005,stopped_car,stopped_car,sim-001eea10-stopped-car-00005,sim-001eea10-stopped-car-00005,False,474.6574919651421,True,True,44.34999999999962,65.29999999999843,20.949999999998816,True,True,False,0.8000000000000002,True,True,1.8852212278362657,1.4558649183553976
Hybrid ML Controller,2026000,6cba0c1e0adbc0a8,seed-2026000-scenario-00006,pedestrian,pedestrian,sim-001eea10-pedestrian-00006,sim-001eea10-pedestrian-00006,False,579.0064103159616,True,True,67.39999999999831,86.39999999999723,18.99999999999892,True,True,False,0.1,False,False,4.260082015943187,5.925000000000001
Hybrid ML Controller,2026000,6cba0c1e0adbc0a8,seed-2026000-scenario-00007,stopped_car,stopped_car,sim-001eea10-stopped-car-00007,sim-001eea10-stopped-car-00007,False,684.2839201238559,True,True,87.79999999999715,104.44999999999621,16.649999999999054,True,True,False,0.0,True,True,1.9412823011653846,1.632177805597031
Hybrid ML Controller,2026000,6cba0c1e0adbc0a8,seed-2026000-scenario-00009,truck,truck,sim-001eea10-truck-00009,sim-001eea10-truck-00009,False,862.0995151565143,True,True,118.5999999999954,218.8500000000155,100.25000000002011,True,True,False,0.0,True,True,2.2904303849659704,2.144874842621571
Hybrid ML Controller,2026000,6cba0c1e0adbc0a8,seed-2026000-scenario-00010,stopped_car,stopped_car,sim-001eea10-stopped-car-00010,sim-001eea10-stopped-car-00010,False,941.4449261091634,True,True,119.99999999999532,126.29999999999497,6.299999999999642,True,True,False,0.0,False,False,2.380261250424505,2.9223870122278752
Hybrid ML Controller,2026000,6cba0c1e0adbc0a8,seed-2026000-scenario-00011,slow_car,slow_car,sim-001eea10-slow-car-00011,sim-001eea10-slow-car-00011,False,1035.8237021331213,True,True,213.70000000001434,266.3000000000263,52.60000000001193,True,True,False,2.7499999999999982,False,False,11.19726841769751,3.625
Hybrid ML Controller,2026000,6cba0c1e0adbc0a8,seed-2026000-scenario-00012,slow_car,slow_car,sim-001eea10-slow-car-00012,sim-001eea10-slow-car-00012,False,1106.9359281738627,True,True,214.3500000000145,264.80000000002593,50.45000000001144,True,True,False,4.299999999999993,False,False,,3.625
Hybrid ML Controller,2026000,6cba0c1e0adbc0a8,seed-2026000-scenario-00013,stopped_car,stopped_car,sim-001eea10-stopped-car-00013,sim-001eea10-stopped-car-00013,False,1181.9629706632602,True,True,157.05000000000146,177.25000000000605,20.200000000004593,True,False,False,5.549999999999988,True,True,1.8499860122702114,1.3489262199464864
Hybrid ML Controller,2026000,6cba0c1e0adbc0a8,seed-2026000-scenario-00014,pedestrian,pedestrian,sim-001eea10-pedestrian-00014,sim-001eea10-pedestrian-00014,False,1278.416018279684,True,True,178.40000000000632,199.70000000001116,21.300000000004843,True,True,False,0.1,False,False,5.884251858092065,5.925000000000001
Hybrid ML Controller,2026000,6cba0c1e0adbc0a8,seed-2026000-scenario-00015,stopped_car,mixed,sim-001eea10-stopped-car-00015,sim-001eea10-stopped-car-00015|sim-001eea10-left-traffic-00015,True,1359.4219307007916,True,True,198.70000000001093,206.35000000001267,7.650000000001739,True,True,False,0.0,True,True,0.3872048808750017,-1.3649070767746023
Hybrid ML Controller,2026000,6cba0c1e0adbc0a8,seed-2026000-scenario-00016,truck,truck,sim-001eea10-truck-00016,sim-001eea10-truck-00016,False,1467.244742600084,True,True,213.40000000001427,270.60000000002725,57.20000000001298,True,True,False,1.3000000000000005,False,False,11.953651125130893,3.3
Hybrid ML Controller,2026000,6cba0c1e0adbc0a8,seed-2026000-scenario-00017,slow_car,mixed,sim-001eea10-slow-car-00017,sim-001eea10-slow-car-00017|sim-001eea10-left-traffic-00017,True,1547.9762025572702,True,True,219.6500000000157,273.25000000002785,53.60000000001216,True,True,False,2.000000000000001,False,False,0.011910551414223057,-1.875
Hybrid ML Controller,2026000,6cba0c1e0adbc0a8,seed-2026000-scenario-00018,pedestrian,pedestrian,sim-001eea10-pedestrian-00018,sim-001eea10-pedestrian-00018,False,1633.9398831534784,True,True,222.90000000001643,241.40000000002064,18.500000000004206,True,True,False,0.1,False,False,,0.42500000000000027
Hybrid ML Controller,2026000,6cba0c1e0adbc0a8,seed-2026000-scenario-00019,pedestrian,pedestrian,sim-001eea10-pedestrian-00019,sim-001eea10-pedestrian-00019,False,1714.26856713621,True,True,240.25000000002038,258.5000000000245,18.25000000000412,True,True,False,0.1,False,False,,0.42500000000000027
Hybrid ML Controller,2026000,6cba0c1e0adbc0a8,seed-2026000-scenario-00020,slow_car,slow_car,sim-001eea10-slow-car-00020,sim-001eea10-slow-car-00020,False,1802.2844993842634,True,True,265.5000000000261,274.50000000002814,9.000000000002046,True,True,False,0.39999999999999997,False,False,,3.625
Hybrid ML Controller,2026000,6cba0c1e0adbc0a8,seed-2026000-scenario-00021,stopped_car,mixed,sim-001eea10-stopped-car-00021,sim-001eea10-stopped-car-00021|sim-001eea10-left-traffic-00021,True,1898.6133541234838,True,True,265.6000000000261,271.90000000002755,6.3000000000014325,True,True,False,0.0,False,False,25.2295898389028,3.625
Hybrid ML Controller,2026000,6cba0c1e0adbc0a8,seed-2026000-scenario-00022,pedestrian,pedestrian,sim-001eea10-pedestrian-00022,sim-001eea10-pedestrian-00022,False,1993.9099439017798,True,False,272.45000000002767,291.550000000032,19.100000000004343,True,False,False,0.1,False,False,,0.42500000000000027
Hybrid ML Controller,2026000,6cba0c1e0adbc0a8,seed-2026000-scenario-00023,truck,mixed,sim-001eea10-truck-00023,sim-001eea10-truck-00023|sim-001eea10-left-traffic-00023,True,2081.931849716764,False,False,,,,False,False,False,0.0,False,False,,
Hybrid ML Controller,2026000,6cba0c1e0adbc0a8,seed-2026000-scenario-00024,slow_car,slow_car,sim-001eea10-slow-car-00024,sim-001eea10-slow-car-00024,False,2153.128125873852,False,False,,,,False,False,False,0.0,False,False,,
Hybrid ML Controller,2026000,6cba0c1e0adbc0a8,seed-2026000-scenario-00025,stopped_car,stopped_car,sim-001eea10-stopped-car-00025,sim-001eea10-stopped-car-00025,False,2223.3676046174674,False,False,,,,False,False,False,0.0,False,False,,
Hybrid ML Controller,2026000,6cba0c1e0adbc0a8,seed-2026000-scenario-00026,truck,mixed,sim-001eea10-truck-00026,sim-001eea10-truck-00026|sim-001eea10-left-traffic-00026,True,2293.459513311566,False,False,,,,False,False,False,0.0,False,False,,
Hybrid ML Controller,2026000,6cba0c1e0adbc0a8,seed-2026000-scenario-00028,truck,mixed,sim-001eea10-truck-00028,sim-001eea10-truck-00028|sim-001eea10-left-traffic-00028,True,2486.5837836264072,False,False,,,,False,False,False,0.0,False,False,,
Hybrid ML Controller,2026000,6cba0c1e0adbc0a8,seed-2026000-scenario-00029,pedestrian,pedestrian,sim-001eea10-pedestrian-00029,sim-001eea10-pedestrian-00029,False,2564.4694086086874,False,False,,,,False,False,False,0.0,False,False,,
Hybrid ML Controller,2026000,6cba0c1e0adbc0a8,seed-2026000-scenario-00030,slow_car,mixed,sim-001eea10-slow-car-00030,sim-001eea10-slow-car-00030|sim-001eea10-left-traffic-00030,True,2671.709944180112,False,False,,,,False,False,False,0.0,False,False,,
Hybrid ML Controller,2026000,6cba0c1e0adbc0a8,seed-2026000-scenario-00031,stopped_car,mixed,sim-001eea10-stopped-car-00031,sim-001eea10-stopped-car-00031|sim-001eea10-left-traffic-00031,True,2761.039242963107,False,False,,,,False,False,False,0.0,False,False,,
Hybrid ML Controller,2026000,6cba0c1e0adbc0a8,seed-2026000-scenario-00032,stopped_car,stopped_car,sim-001eea10-stopped-car-00032,sim-001eea10-stopped-car-00032,False,2845.3654271791565,False,False,,,,False,False,False,0.0,False,False,,
Hybrid ML Controller,2026000,6cba0c1e0adbc0a8,seed-2026000-scenario-00033,slow_car,mixed,sim-001eea10-slow-car-00033,sim-001eea10-slow-car-00033|sim-001eea10-left-traffic-00033,True,2923.962718375405,False,False,,,,False,False,False,0.0,False,False,,
Hybrid ML Controller,2026000,6cba0c1e0adbc0a8,seed-2026000-scenario-00034,truck,truck,sim-001eea10-truck-00034,sim-001eea10-truck-00034,False,3006.3619447458627,False,False,,,,False,False,False,0.0,False,False,,
Hybrid ML Controller,2026000,6cba0c1e0adbc0a8,seed-2026000-scenario-00035,pedestrian,pedestrian,sim-001eea10-pedestrian-00035,sim-001eea10-pedestrian-00035,False,3089.76979990358,False,False,,,,False,False,False,0.0,False,False,,
Hybrid ML Controller,2026000,6cba0c1e0adbc0a8,seed-2026000-scenario-00037,pedestrian,pedestrian,sim-001eea10-pedestrian-00037,sim-001eea10-pedestrian-00037,False,3231.584524059914,False,False,,,,False,False,False,0.0,False,False,,
Hybrid ML Controller,2026000,6cba0c1e0adbc0a8,seed-2026000-scenario-00038,pedestrian,pedestrian,sim-001eea10-pedestrian-00038,sim-001eea10-pedestrian-00038,False,3302.632169175504,False,False,,,,False,False,False,0.0,False,False,,
Hybrid ML Controller,2026000,6cba0c1e0adbc0a8,seed-2026000-scenario-00039,pedestrian,pedestrian,sim-001eea10-pedestrian-00039,sim-001eea10-pedestrian-00039,False,3409.294296638919,False,False,,,,False,False,False,0.0,False,False,,
Hybrid ML Controller,2026000,6cba0c1e0adbc0a8,seed-2026000-scenario-00040,truck,mixed,sim-001eea10-truck-00040,sim-001eea10-truck-00040|sim-001eea10-left-traffic-00040,True,3502.7203982885767,False,False,,,,False,False,False,0.0,False,False,,
Hybrid ML Controller,2026000,6cba0c1e0adbc0a8,seed-2026000-scenario-00041,stopped_car,mixed,sim-001eea10-stopped-car-00041,sim-001eea10-stopped-car-00041|sim-001eea10-left-traffic-00041,True,3598.8630978834085,False,False,,,,False,False,False,0.0,False,False,,
Hybrid ML Controller,2026000,6cba0c1e0adbc0a8,seed-2026000-scenario-00042,slow_car,slow_car,sim-001eea10-slow-car-00042,sim-001eea10-slow-car-00042,False,3668.5571531493265,False,False,,,,False,False,False,0.0,False,False,,
Hybrid ML Controller,2026000,6cba0c1e0adbc0a8,seed-2026000-scenario-00043,truck,mixed,sim-001eea10-truck-00043,sim-001eea10-truck-00043|sim-001eea10-left-traffic-00043,True,3740.6825355596075,False,False,,,,False,False,False,0.0,False,False,,
Hybrid ML Controller,2026000,6cba0c1e0adbc0a8,seed-2026000-scenario-00044,pedestrian,pedestrian,sim-001eea10-pedestrian-00044,sim-001eea10-pedestrian-00044,False,3837.2793092854545,False,False,,,,False,False,False,0.0,False,False,,
Hybrid ML Controller,2026000,6cba0c1e0adbc0a8,seed-2026000-scenario-00045,pedestrian,pedestrian,sim-001eea10-pedestrian-00045,sim-001eea10-pedestrian-00045,False,3920.4123856686997,False,False,,,,False,False,False,0.0,False,False,,
Hybrid ML Controller,2026000,6cba0c1e0adbc0a8,seed-2026000-scenario-00046,stopped_car,stopped_car,sim-001eea10-stopped-car-00046,sim-001eea10-stopped-car-00046,False,3994.782434964632,False,False,,,,False,False,False,0.0,False,False,,
Hybrid ML Controller,2026000,6cba0c1e0adbc0a8,seed-2026000-scenario-00047,pedestrian,pedestrian,sim-001eea10-pedestrian-00047,sim-001eea10-pedestrian-00047,False,4091.380170939392,False,False,,,,False,False,False,0.0,False,False,,
Hybrid ML Controller,2026000,6cba0c1e0adbc0a8,seed-2026000-scenario-00048,slow_car,mixed,sim-001eea10-slow-car-00048,sim-001eea10-slow-car-00048|sim-001eea10-left-traffic-00048,True,4167.107269040245,False,False,,,,False,False,False,0.0,False,False,,
Hybrid ML Controller,2026000,6cba0c1e0adbc0a8,seed-2026000-scenario-00049,slow_car,slow_car,sim-001eea10-slow-car-00049,sim-001eea10-slow-car-00049,False,4258.56969543081,False,False,,,,False,False,False,0.0,False,False,,
Hybrid ML Controller,2026000,6cba0c1e0adbc0a8,seed-2026000-scenario-00050,pedestrian,pedestrian,sim-001eea10-pedestrian-00050,sim-001eea10-pedestrian-00050,False,4358.284080769812,False,False,,,,False,False,False,0.0,False,False,,
Rule Controller,2026001,e24554f00b307285,seed-2026001-scenario-00000,pedestrian,pedestrian,sim-001eea11-pedestrian-00000,sim-001eea11-pedestrian-00000,False,58.55362111591535,True,True,0.05,19.150000000000137,19.100000000000136,True,True,False,0.1,False,False,6.152915394876153,5.925000000000001
Rule Controller,2026001,e24554f00b307285,seed-2026001-scenario-00001,truck,truck,sim-001eea11-truck-00001,sim-001eea11-truck-00001,False,144.97068345565668,True,True,33.850000000000215,46.09999999999952,12.249999999999304,True,True,False,0.0,True,True,2.3235688490964095,2.301697501992451
Rule Controller,2026001,e24554f00b307285,seed-2026001-scenario-00002,stopped_car,mixed,sim-001eea11-stopped-car-00002,sim-001eea11-stopped-car-00002|sim-001eea11-left-traffic-00002,True,250.06790976328458,True,True,26.800000000000246,33.05000000000026,6.250000000000014,True,True,False,0.0,True,True,0.07930715877472258,-1.0455000000000014
Rule Controller,2026001,e24554f00b307285,seed-2026001-scenario-00003,truck,truck,sim-001eea11-truck-00003,sim-001eea11-truck-00003,False,353.4053485031384,True,True,37.94999999999998,49.9999999999993,12.049999999999315,True,True,False,2.4499999999999993,True,True,3.894942559922429,3.0492669246465507
Rule Controller,2026001,e24554f00b307285,seed-2026001-scenario-00004,slow_car,slow_car,sim-001eea11-slow-car-00004,sim-001eea11-slow-car-00004,False,448.44989637147273,True,True,44.6499999999996,121.84999999999522,77.19999999999561,True,False,True,2.3499999999999996,True,True,2.623684446516959,1.1999999999999549
Rule Controller,2026001,e24554f00b307285,seed-2026001-scenario-00005,slow_car,slow_car,sim-001eea11-slow-car-00005,sim-001eea11-slow-car-00005,False,547.9306202032856,True,True,51.6499999999992,184.9500000000078,133.3000000000086,True,False,True,0.8500000000000002,True,True,1.9108419668672358,1.1949999999998457
Rule Controller,2026001,e24554f00b307285,seed-2026001-scenario-00006,pedestrian,pedestrian,sim-001eea11-pedestrian-00006,sim-001eea11-pedestrian-00006,False,626.6741201527262,True,True,54.84999999999902,77.39999999999775,22.549999999998725,True,True,False,0.1,False,False,,0.42500000000000027
Rule Controller,2026001,e24554f00b307285,seed-2026001-scenario-00007,stopped_car,stopped_car,sim-001eea11-stopped-car-00007,sim-001eea11-stopped-car-00007,False,701.7452518526181,True,True,75.49999999999785,82.94999999999743,7.4499999999995765,True,True,False,0.0,False,False,,3.625
Rule Controller,2026001,e24554f00b307285,seed-2026001-scenario-00009,truck,mixed,sim-001eea11-truck-00009,sim-001eea11-truck-00009|sim-001eea11-left-traffic-00009,True,907.0852276089341,True,True,157.2500000000015,204.45000000001224,47.20000000001073,True,True,False,0.6,True,True,3.626664500435585,3.3
Rule Controller,2026001,e24554f00b307285,seed-2026001-scenario-00010,slow_car,mixed,sim-001eea11-slow-car-00010,sim-001eea11-slow-car-00010|sim-001eea11-left-traffic-00010,True,1013.6123603905837,True,True,119.34999999999536,154.50000000000088,35.15000000000552,True,True,False,2.8999999999999977,False,False,3.6037143781358516,3.31897094063308
Rule Controller,2026001,e24554f00b307285,seed-2026001-scenario-00012,slow_car,slow_car,sim-001eea11-slow-car-00012,sim-001eea11-slow-car-00012,False,1189.2794289225099,True,True,157.45000000000155,184.5000000000077,27.05000000000615,True,True,False,0.0,False,False,4.946537113125374,3.5343766342451444
Rule Controller,2026001,e24554f00b307285,seed-2026001-scenario-00013,pedestrian,pedestrian,sim-001eea11-pedestrian-00013,sim-001eea11-pedestrian-00013,False,1280.6766168691174,True,True,155.60000000000113,174.8000000000055,19.200000000004366,True,True,False,0.1,False,False,8.934220633179113,5.925000000000001
Rule Controller,2026001,e24554f00b307285,seed-2026001-scenario-00014,truck,truck,sim-001eea11-truck-00014,sim-001eea11-truck-00014,False,1368.4747322854612,True,True,185.30000000000788,209.00000000001327,23.70000000000539,True,True,False,0.0,False,False,15.01824720018378,3.3
Rule Controller,2026001,e24554f00b307285,seed-2026001-scenario-00015,stopped_car,stopped_car,sim-001eea11-stopped-car-00015,sim-001eea11-stopped-car-00015,False,1468.2226789478407,True,True,182.15000000000717,196.10000000001034,13.950000000003172,True,False,True,4.599999999999992,False,False,0.24261600416350398,-1.7079506810131768
Rule Controller,2026001,e24554f00b307285,seed-2026001-scenario-00016,stopped_car,stopped_car,sim-001eea11-stopped-car-00016,sim-001eea11-stopped-car-00016,False,1570.9052145798885,True,True,197.80000000001073,204.20000000001218,6.400000000001455,True,True,False,0.0,False,False,,3.625
Rule Controller,2026001,e24554f00b307285,seed-2026001-scenario-00017,truck,mixed,sim-001eea11-truck-00017,sim-001eea11-truck-00017|sim-001eea11-left-traffic-00017,True,1647.238882677541,True,True,206.70000000001275,230.00000000001805,23.300000000005298,True,True,False,0.0,True,True,2.7395665154150417,3.1153608186327633
Rule Controller,2026001,e24554f00b307285,seed-2026001-scenario-00019,stopped_car,stopped_car,sim-001eea11-stopped-car-00019,sim-001eea11-stopped-car-00019,False,1826.1152594844223,True,True,219.30000000001561,229.50000000001793,10.20000000000232,True,True,False,0.0,False,False,8.781577966110843,3.538092192241093
Rule Controller,2026001,e24554f00b307285,seed-2026001-scenario-00020,slow_car,mixed,sim-001eea11-slow-car-00020,sim-001eea11-slow-car-00020|sim-001eea11-left-traffic-00020,True,1913.733169539317,True,True,233.10000000001875,243.75000000002117,10.650000000002422,True,True,False,0.0,True,True,4.482424194622889,3.4795031735282302
Rule Controller,2026001,e24554f00b307285,seed-2026001-scenario-00021,truck,truck,sim-001eea11-truck-00021,sim-001eea11-truck-00021,False,1997.386742802381,True,True,238.05000000001988,248.15000000002217,10.100000000002296,True,False,True,0.0,False,False,,1.2000000000000002
Rule Controller,2026001,e24554f00b307285,seed-2026001-scenario-00022,stopped_car,mixed,sim-001eea11-stopped-car-00022,sim-001eea11-stopped-car-00022|sim-001eea11-left-traffic-00022,True,2094.273715089018,True,True,242.5500000000209,248.80000000002232,6.250000000001421,True,True,False,0.0,False,False,12.414783955946833,3.625
Rule Controller,2026001,e24554f00b307285,seed-2026001-scenario-00023,pedestrian,pedestrian,sim-001eea11-pedestrian-00023,sim-001eea11-pedestrian-00023,False,2167.779087558934,True,True,247.8000000000221,265.35000000002606,17.550000000003962,True,True,False,0.1,False,False,5.549002908175194,5.420434603901413
Rule Controller,2026001,e24554f00b307285,seed-2026001-scenario-00024,slow_car,slow_car,sim-001eea11-slow-car-00024,sim-001eea11-slow-car-00024,False,2260.7787727255377,True,False,274.55000000002815,,,False,False,False,2.8999999999999977,True,False,3.534864415691572,3.1232482838839637
Rule Controller,2026001,e24554f00b307285,seed-2026001-scenario-00025,truck,truck,sim-001eea11-truck-00025,sim-001eea11-truck-00025,False,2358.4828382537257,True,False,275.2500000000283,,,False,False,False,1.6500000000000008,False,False,3.7832399878561134,3.0036087574702215
Rule Controller,2026001,e24554f00b307285,seed-2026001-scenario-00027,pedestrian,pedestrian,sim-001eea11-pedestrian-00027,sim-001eea11-pedestrian-00027,False,2523.664052843476,True,False,294.6000000000327,,,False,False,False,0.0,False,False,,13.728238064706067
Rule Controller,2026001,e24554f00b307285,seed-2026001-scenario-00028,pedestrian,pedestrian,sim-001eea11-pedestrian-00028,sim-001eea11-pedestrian-00028,False,2607.43010814485,False,False,,,,False,False,False,0.0,False,False,,
Rule Controller,2026001,e24554f00b307285,seed-2026001-scenario-00029,truck,truck,sim-001eea11-truck-00029,sim-001eea11-truck-00029,False,2683.533998267499,False,False,,,,False,False,False,0.0,False,False,,
Rule Controller,2026001,e24554f00b307285,seed-2026001-scenario-00030,pedestrian,pedestrian,sim-001eea11-pedestrian-00030,sim-001eea11-pedestrian-00030,False,2780.3950587632203,False,False,,,,False,False,False,0.0,False,False,,
Rule Controller,2026001,e24554f00b307285,seed-2026001-scenario-00031,truck,truck,sim-001eea11-truck-00031,sim-001eea11-truck-00031,False,2852.9866350771686,False,False,,,,False,False,False,0.0,False,False,,
Rule Controller,2026001,e24554f00b307285,seed-2026001-scenario-00032,slow_car,slow_car,sim-001eea11-slow-car-00032,sim-001eea11-slow-car-00032,False,2936.198201704883,False,False,,,,False,False,False,0.0,False,False,,
Rule Controller,2026001,e24554f00b307285,seed-2026001-scenario-00033,slow_car,mixed,sim-001eea11-slow-car-00033,sim-001eea11-slow-car-00033|sim-001eea11-left-traffic-00033,True,3042.782517759147,False,False,,,,False,False,False,0.0,False,False,,
Rule Controller,2026001,e24554f00b307285,seed-2026001-scenario-00034,truck,truck,sim-001eea11-truck-00034,sim-001eea11-truck-00034,False,3142.2939756073056,False,False,,,,False,False,False,0.0,False,False,,
Rule Controller,2026001,e24554f00b307285,seed-2026001-scenario-00035,stopped_car,mixed,sim-001eea11-stopped-car-00035,sim-001eea11-stopped-car-00035|sim-001eea11-left-traffic-00035,True,3239.5814722391865,False,False,,,,False,False,False,0.0,False,False,,
Rule Controller,2026001,e24554f00b307285,seed-2026001-scenario-00036,stopped_car,stopped_car,sim-001eea11-stopped-car-00036,sim-001eea11-stopped-car-00036,False,3316.192027168469,False,False,,,,False,False,False,0.0,False,False,,
Rule Controller,2026001,e24554f00b307285,seed-2026001-scenario-00037,pedestrian,pedestrian,sim-001eea11-pedestrian-00037,sim-001eea11-pedestrian-00037,False,3384.3677554106034,False,False,,,,False,False,False,0.0,False,False,,
Rule Controller,2026001,e24554f00b307285,seed-2026001-scenario-00038,pedestrian,pedestrian,sim-001eea11-pedestrian-00038,sim-001eea11-pedestrian-00038,False,3474.732108939577,False,False,,,,False,False,False,0.0,False,False,,
Rule Controller,2026001,e24554f00b307285,seed-2026001-scenario-00040,truck,truck,sim-001eea11-truck-00040,sim-001eea11-truck-00040,False,3650.837141764242,False,False,,,,False,False,False,0.0,False,False,,
Rule Controller,2026001,e24554f00b307285,seed-2026001-scenario-00041,slow_car,slow_car,sim-001eea11-slow-car-00041,sim-001eea11-slow-car-00041,False,3727.6571128047194,False,False,,,,False,False,False,0.0,False,False,,
Rule Controller,2026001,e24554f00b307285,seed-2026001-scenario-00042,slow_car,slow_car,sim-001eea11-slow-car-00042,sim-001eea11-slow-car-00042,False,3803.981108087628,False,False,,,,False,False,False,0.0,False,False,,
Rule Controller,2026001,e24554f00b307285,seed-2026001-scenario-00043,pedestrian,pedestrian,sim-001eea11-pedestrian-00043,sim-001eea11-pedestrian-00043,False,3881.8933436973603,False,False,,,,False,False,False,0.0,False,False,,
Rule Controller,2026001,e24554f00b307285,seed-2026001-scenario-00045,stopped_car,stopped_car,sim-001eea11-stopped-car-00045,sim-001eea11-stopped-car-00045,False,4073.9773695790145,False,False,,,,False,False,False,0.0,False,False,,
Rule Controller,2026001,e24554f00b307285,seed-2026001-scenario-00046,slow_car,slow_car,sim-001eea11-slow-car-00046,sim-001eea11-slow-car-00046,False,4177.753281945572,False,False,,,,False,False,False,0.0,False,False,,
Rule Controller,2026001,e24554f00b307285,seed-2026001-scenario-00047,truck,mixed,sim-001eea11-truck-00047,sim-001eea11-truck-00047|sim-001eea11-left-traffic-00047,True,4257.172473291262,False,False,,,,False,False,False,0.0,False,False,,
Rule Controller,2026001,e24554f00b307285,seed-2026001-scenario-00048,slow_car,mixed,sim-001eea11-slow-car-00048,sim-001eea11-slow-car-00048|sim-001eea11-left-traffic-00048,True,4334.062126579591,False,False,,,,False,False,False,0.0,False,False,,
Hybrid ML Controller,2026001,e24554f00b307285,seed-2026001-scenario-00000,pedestrian,pedestrian,sim-001eea11-pedestrian-00000,sim-001eea11-pedestrian-00000,False,58.55362111591535,True,True,0.05,19.050000000000136,19.000000000000135,True,True,False,0.1,False,False,3.176709163479156,5.146121115915513
Hybrid ML Controller,2026001,e24554f00b307285,seed-2026001-scenario-00001,truck,truck,sim-001eea11-truck-00001,sim-001eea11-truck-00001,False,144.97068345565668,True,True,41.54999999999978,53.79999999999908,12.249999999999304,True,True,False,0.0,False,False,,3.3
Hybrid ML Controller,2026001,e24554f00b307285,seed-2026001-scenario-00002,stopped_car,mixed,sim-001eea11-stopped-car-00002,sim-001eea11-stopped-car-00002|sim-001eea11-left-traffic-00002,True,250.06790976328458,True,True,29.10000000000028,37.000000000000036,7.899999999999757,True,True,False,0.0,True,True,3.0376479632501114,-1.875
Hybrid ML Controller,2026001,e24554f00b307285,seed-2026001-scenario-00003,truck,truck,sim-001eea11-truck-00003,sim-001eea11-truck-00003,False,353.4053485031384,True,True,42.8499999999997,54.84999999999902,11.999999999999318,True,True,False,0.0,False,False,,3.3
Hybrid ML Controller,2026001,e24554f00b307285,seed-2026001-scenario-00004,slow_car,slow_car,sim-001eea11-slow-car-00004,sim-001eea11-slow-car-00004,False,448.44989637147273,True,True,48.64999999999937,60.14999999999872,11.499999999999346,True,False,True,0.0,False,False,,1.1999999999999549
Hybrid ML Controller,2026001,e24554f00b307285,seed-2026001-scenario-00005,slow_car,slow_car,sim-001eea11-slow-car-00005,sim-001eea11-slow-car-00005,False,547.9306202032856,True,True,55.69999999999897,115.99999999999555,60.29999999999658,True,True,False,0.0,True,True,15.04919575479749,1.4298986232826083
Hybrid ML Controller,2026001,e24554f00b307285,seed-2026001-scenario-00006,pedestrian,pedestrian,sim-001eea11-pedestrian-00006,sim-001eea11-pedestrian-00006,False,626.6741201527262,True,True,57.949999999998845,76.3999999999978,18.44999999999896,True,True,False,0.1,False,False,11.43047879702461,5.925000000000001
Hybrid ML Controller,2026001,e24554f00b307285,seed-2026001-scenario-00007,stopped_car,stopped_car,sim-001eea11-stopped-car-00007,sim-001eea11-stopped-car-00007,False,701.7452518526181,True,True,74.49999999999791,83.09999999999742,8.599999999999511,True,True,False,0.0,True,True,3.01773850020342,3.1804427498536536
Hybrid ML Controller,2026001,e24554f00b307285,seed-2026001-scenario-00009,truck,mixed,sim-001eea11-truck-00009,sim-001eea11-truck-00009|sim-001eea11-left-traffic-00009,True,907.0852276089341,True,True,117.29999999999548,179.10000000000647,61.800000000010996,True,True,False,0.5499999999999999,False,False,31.26892647940834,-1.766586662895146
Hybrid ML Controller,2026001,e24554f00b307285,seed-2026001-scenario-00010,slow_car,mixed,sim-001eea11-slow-car-00010,sim-001eea11-slow-car-00010|sim-001eea11-left-traffic-00010,True,1013.6123603905837,True,True,115.94999999999555,145.89999999999893,29.95000000000337,True,True,False,0.0,True,True,0.5868549468853415,-1.875
Hybrid ML Controller,2026001,e24554f00b307285,seed-2026001-scenario-00012,slow_car,slow_car,sim-001eea11-slow-car-00012,sim-001eea11-slow-car-00012,False,1189.2794289225099,True,True,148.34999999999948,178.10000000000625,29.750000000006764,True,True,False,0.0,False,False,,3.625
Hybrid ML Controller,2026001,e24554f00b307285,seed-2026001-scenario-00013,pedestrian,pedestrian,sim-001eea11-pedestrian-00013,sim-001eea11-pedestrian-00013,False,1280.6766168691174,True,True,147.24999999999923,166.25000000000355,19.00000000000432,True,True,False,0.1,False,False,,0.42500000000000027
Hybrid ML Controller,2026001,e24554f00b307285,seed-2026001-scenario-00014,truck,truck,sim-001eea11-truck-00014,sim-001eea11-truck-00014,False,1368.4747322854612,True,True,180.0500000000067,190.30000000000902,10.25000000000233,True,True,False,0.0,False,False,,3.3
Hybrid ML Controller,2026001,e24554f00b307285,seed-2026001-scenario-00015,stopped_car,stopped_car,sim-001eea11-stopped-car-00015,sim-001eea11-stopped-car-00015,False,1468.2226789478407,True,True,175.60000000000568,182.00000000000713,6.400000000001455,True,True,False,0.0,False,False,,3.625
Hybrid ML Controller,2026001,e24554f00b307285,seed-2026001-scenario-00016,stopped_car,stopped_car,sim-001eea11-stopped-car-00016,sim-001eea11-stopped-car-00016,False,1570.9052145798885,True,True,183.10000000000738,189.3500000000088,6.250000000001421,True,True,False,0.0,False,False,,3.625
Hybrid ML Controller,2026001,e24554f00b307285,seed-2026001-scenario-00017,truck,mixed,sim-001eea11-truck-00017,sim-001eea11-truck-00017|sim-001eea11-left-traffic-00017,True,1647.238882677541,True,True,191.80000000000936,224.00000000001668,32.20000000000732,True,True,False,0.0,True,True,17.687281181587554,3.3
Hybrid ML Controller,2026001,e24554f00b307285,seed-2026001-scenario-00019,stopped_car,stopped_car,sim-001eea11-stopped-car-00019,sim-001eea11-stopped-car-00019,False,1826.1152594844223,True,True,209.40000000001336,219.7000000000157,10.300000000002342,True,True,False,0.0,False,False,5.001188647319424,3.525294313718071
Hybrid ML Controller,2026001,e24554f00b307285,seed-2026001-scenario-00020,slow_car,mixed,sim-001eea11-slow-car-00020,sim-001eea11-slow-car-00020|sim-001eea11-left-traffic-00020,True,1913.733169539317,True,True,224.5500000000168,235.20000000001923,10.650000000002422,True,True,False,0.0,True,False,10.807702856985843,3.625
Hybrid ML Controller,2026001,e24554f00b307285,seed-2026001-scenario-00021,truck,truck,sim-001eea11-truck-00021,sim-001eea11-truck-00021,False,1997.386742802381,True,True,228.25000000001765,238.35000000001995,10.100000000002296,True,False,True,0.0,False,False,,1.2000000000000002
Hybrid ML Controller,2026001,e24554f00b307285,seed-2026001-scenario-00022,stopped_car,mixed,sim-001eea11-stopped-car-00022,sim-001eea11-stopped-car-00022|sim-001eea11-left-traffic-00022,True,2094.273715089018,True,True,232.75000000001867,239.0000000000201,6.250000000001421,True,True,False,0.0,False,False,13.474248852288799,3.625
Hybrid ML Controller,2026001,e24554f00b307285,seed-2026001-scenario-00023,pedestrian,pedestrian,sim-001eea11-pedestrian-00023,sim-001eea11-pedestrian-00023,False,2167.779087558934,True,True,238.00000000001987,255.50000000002385,17.50000000000398,True,True,False,0.1,False,False,5.044273283162464,5.0583372530595625
Hybrid ML Controller,2026001,e24554f00b307285,seed-2026001-scenario-00024,slow_car,slow_car,sim-001eea11-slow-car-00024,sim-001eea11-slow-car-00024,False,2260.7787727255377,True,True,267.60000000002657,,,False,False,False,0.0,True,False,7.568661844839273,8.106942634714398
Hybrid ML Controller,2026001,e24554f00b307285,seed-2026001-scenario-00025,truck,truck,sim-001eea11-truck-00025,sim-001eea11-truck-00025,False,2358.4828382537257,True,True,268.3000000000267,,,False,False,False,0.0,False,False,8.251014957861878,11.336980229581059
Hybrid ML Controller,2026001,e24554f00b307285,seed-2026001-scenario-00027,pedestrian,pedestrian,sim-001eea11-pedestrian-00027,sim-001eea11-pedestrian-00027,False,2523.664052843476,True,False,285.2500000000306,,,False,False,False,0.0,False,False,,6.091436423367213
Hybrid ML Controller,2026001,e24554f00b307285,seed-2026001-scenario-00028,pedestrian,pedestrian,sim-001eea11-pedestrian-00028,sim-001eea11-pedestrian-00028,False,2607.43010814485,False,False,,,,False,False,False,0.0,False,False,,
Hybrid ML Controller,2026001,e24554f00b307285,seed-2026001-scenario-00029,truck,truck,sim-001eea11-truck-00029,sim-001eea11-truck-00029,False,2683.533998267499,False,False,,,,False,False,False,0.0,False,False,,
Hybrid ML Controller,2026001,e24554f00b307285,seed-2026001-scenario-00030,pedestrian,pedestrian,sim-001eea11-pedestrian-00030,sim-001eea11-pedestrian-00030,False,2780.3950587632203,False,False,,,,False,False,False,0.0,False,False,,
Hybrid ML Controller,2026001,e24554f00b307285,seed-2026001-scenario-00031,truck,truck,sim-001eea11-truck-00031,sim-001eea11-truck-00031,False,2852.9866350771686,False,False,,,,False,False,False,0.0,False,False,,
Hybrid ML Controller,2026001,e24554f00b307285,seed-2026001-scenario-00032,slow_car,slow_car,sim-001eea11-slow-car-00032,sim-001eea11-slow-car-00032,False,2936.198201704883,False,False,,,,False,False,False,0.0,False,False,,
Hybrid ML Controller,2026001,e24554f00b307285,seed-2026001-scenario-00033,slow_car,mixed,sim-001eea11-slow-car-00033,sim-001eea11-slow-car-00033|sim-001eea11-left-traffic-00033,True,3042.782517759147,False,False,,,,False,False,False,0.0,False,False,,
Hybrid ML Controller,2026001,e24554f00b307285,seed-2026001-scenario-00034,truck,truck,sim-001eea11-truck-00034,sim-001eea11-truck-00034,False,3142.2939756073056,False,False,,,,False,False,False,0.0,False,False,,
Hybrid ML Controller,2026001,e24554f00b307285,seed-2026001-scenario-00035,stopped_car,mixed,sim-001eea11-stopped-car-00035,sim-001eea11-stopped-car-00035|sim-001eea11-left-traffic-00035,True,3239.5814722391865,False,False,,,,False,False,False,0.0,False,False,,
Hybrid ML Controller,2026001,e24554f00b307285,seed-2026001-scenario-00036,stopped_car,stopped_car,sim-001eea11-stopped-car-00036,sim-001eea11-stopped-car-00036,False,3316.192027168469,False,False,,,,False,False,False,0.0,False,False,,
Hybrid ML Controller,2026001,e24554f00b307285,seed-2026001-scenario-00037,pedestrian,pedestrian,sim-001eea11-pedestrian-00037,sim-001eea11-pedestrian-00037,False,3384.3677554106034,False,False,,,,False,False,False,0.0,False,False,,
Hybrid ML Controller,2026001,e24554f00b307285,seed-2026001-scenario-00038,pedestrian,pedestrian,sim-001eea11-pedestrian-00038,sim-001eea11-pedestrian-00038,False,3474.732108939577,False,False,,,,False,False,False,0.0,False,False,,
Hybrid ML Controller,2026001,e24554f00b307285,seed-2026001-scenario-00040,truck,truck,sim-001eea11-truck-00040,sim-001eea11-truck-00040,False,3650.837141764242,False,False,,,,False,False,False,0.0,False,False,,
Hybrid ML Controller,2026001,e24554f00b307285,seed-2026001-scenario-00041,slow_car,slow_car,sim-001eea11-slow-car-00041,sim-001eea11-slow-car-00041,False,3727.6571128047194,False,False,,,,False,False,False,0.0,False,False,,
Hybrid ML Controller,2026001,e24554f00b307285,seed-2026001-scenario-00042,slow_car,slow_car,sim-001eea11-slow-car-00042,sim-001eea11-slow-car-00042,False,3803.981108087628,False,False,,,,False,False,False,0.0,False,False,,
Hybrid ML Controller,2026001,e24554f00b307285,seed-2026001-scenario-00043,pedestrian,pedestrian,sim-001eea11-pedestrian-00043,sim-001eea11-pedestrian-00043,False,3881.8933436973603,False,False,,,,False,False,False,0.0,False,False,,
Hybrid ML Controller,2026001,e24554f00b307285,seed-2026001-scenario-00045,stopped_car,stopped_car,sim-001eea11-stopped-car-00045,sim-001eea11-stopped-car-00045,False,4073.9773695790145,False,False,,,,False,False,False,0.0,False,False,,
Hybrid ML Controller,2026001,e24554f00b307285,seed-2026001-scenario-00046,slow_car,slow_car,sim-001eea11-slow-car-00046,sim-001eea11-slow-car-00046,False,4177.753281945572,False,False,,,,False,False,False,0.0,False,False,,
Hybrid ML Controller,2026001,e24554f00b307285,seed-2026001-scenario-00047,truck,mixed,sim-001eea11-truck-00047,sim-001eea11-truck-00047|sim-001eea11-left-traffic-00047,True,4257.172473291262,False,False,,,,False,False,False,0.0,False,False,,
Hybrid ML Controller,2026001,e24554f00b307285,seed-2026001-scenario-00048,slow_car,mixed,sim-001eea11-slow-car-00048,sim-001eea11-slow-car-00048|sim-001eea11-left-traffic-00048,True,4334.062126579591,False,False,,,,False,False,False,0.0,False,False,,
Rule Controller,2026002,52cd3cec91e58c2b,seed-2026002-scenario-00000,pedestrian,pedestrian,sim-001eea12-pedestrian-00000,sim-001eea12-pedestrian-00000,False,59.01616963439754,True,True,0.05,20.400000000000155,20.350000000000154,True,True,False,0.1,False,False,7.056954064463456,5.925000000000001
Rule Controller,2026002,52cd3cec91e58c2b,seed-2026002-scenario-00001,stopped_car,mixed,sim-001eea12-stopped-car-00001,sim-001eea12-stopped-car-00001|sim-001eea12-left-traffic-00001,True,132.81789964042045,True,True,18.300000000000125,25.850000000000232,7.550000000000107,True,True,False,0.0,True,True,0.06664883003549099,-0.010496095343237144
Rule Controller,2026002,52cd3cec91e58c2b,seed-2026002-scenario-00002,slow_car,mixed,sim-001eea12-slow-car-00002,sim-001eea12-slow-car-00002|sim-001eea12-left-traffic-00002,True,231.6496326229734,True,True,28.60000000000027,37.65,9.049999999999727,True,True,False,0.0,True,True,2.1181447861002725,2.6273301300851113
Rule Controller,2026002,52cd3cec91e58c2b,seed-2026002-scenario-00004,truck,truck,sim-001eea12-truck-00004,sim-001eea12-truck-00004,False,419.5879821790436,True,True,43.24999999999968,137.54999999999703,94.29999999999734,True,True,False,0.3,True,False,2.752099587122349,3.1733248782158645
Rule Controller,2026002,52cd3cec91e58c2b,seed-2026002-scenario-00005,stopped_car,stopped_car,sim-001eea12-stopped-car-00005,sim-001eea12-stopped-car-00005,False,519.7076642895761,True,True,47.69999999999943,68.79999999999824,21.099999999998808,True,True,False,1.6000000000000008,True,True,3.6088870192573386,3.1303202653305107
Rule Controller,2026002,52cd3cec91e58c2b,seed-2026002-scenario-00007,pedestrian,pedestrian,sim-001eea12-pedestrian-00007,sim-001eea12-pedestrian-00007,False,691.4927246103077,True,True,75.24999999999787,94.74999999999676,19.49999999999889,True,True,False,0.1,False,False,4.927544656539088,1.6818449157682
Rule Controller,2026002,52cd3cec91e58c2b,seed-2026002-scenario-00008,stopped_car,mixed,sim-001eea12-stopped-car-00008,sim-001eea12-stopped-car-00008|sim-001eea12-left-traffic-00008,True,788.4756346632224,True,True,95.44999999999672,110.64999999999586,15.199999999999136,True,False,True,5.749999999999988,True,True,0.608142003793898,1.1999999999999549
Rule Controller,2026002,52cd3cec91e58c2b,seed-2026002-scenario-00009,pedestrian,pedestrian,sim-001eea12-pedestrian-00009,sim-001eea12-pedestrian-00009,False,862.7082670619541,True,True,108.59999999999597,126.64999999999495,18.049999999998974,True,True,False,0.1,False,False,3.2415703046548354,5.560132398731639
Rule Controller,2026002,52cd3cec91e58c2b,seed-2026002-scenario-00010,slow_car,mixed,sim-001eea12-slow-car-00010,sim-001eea12-slow-car-00010|sim-001eea12-left-traffic-00010,True,936.1196745610206,True,True,137.94999999999712,169.20000000000422,31.250000000007105,True,True,False,2.4499999999999993,True,True,2.981073388099176,-1.875
Rule Controller,2026002,52cd3cec91e58c2b,seed-2026002-scenario-00011,truck,truck,sim-001eea12-truck-00011,sim-001eea12-truck-00011,False,1017.2430646997694,True,True,136.1499999999967,171.7000000000048,35.55000000000808,True,True,False,2.1500000000000004,False,False,6.820261980148464,3.2485838340605606
Rule Controller,2026002,52cd3cec91e58c2b,seed-2026002-scenario-00012,slow_car,slow_car,sim-001eea12-slow-car-00012,sim-001eea12-slow-car-00012,False,1119.6446232985802,True,True,146.09999999999897,,,False,False,False,0.25,False,False,8.82024661908784,4.709722341569054
Rule Controller,2026002,52cd3cec91e58c2b,seed-2026002-scenario-00014,truck,truck,sim-001eea12-truck-00014,sim-001eea12-truck-00014,False,1293.8033900127525,False,False,,,,False,False,False,0.0,False,False,,
Rule Controller,2026002,52cd3cec91e58c2b,seed-2026002-scenario-00015,pedestrian,pedestrian,sim-001eea12-pedestrian-00015,sim-001eea12-pedestrian-00015,False,1367.4594547599797,True,True,168.05000000000396,187.25000000000833,19.200000000004366,True,True,False,0.1,False,False,,0.42500000000000027
Rule Controller,2026002,52cd3cec91e58c2b,seed-2026002-scenario-00017,slow_car,slow_car,sim-001eea12-slow-car-00017,sim-001eea12-slow-car-00017,False,1559.1523335335316,True,True,249.35000000002245,,,False,False,False,0.0,False,False,8.166009759658635,48.42415425528193
Rule Controller,2026002,52cd3cec91e58c2b,seed-2026002-scenario-00018,stopped_car,stopped_car,sim-001eea12-stopped-car-00018,sim-001eea12-stopped-car-00018,False,1664.6503783540948,True,True,217.75000000001526,234.90000000001916,17.1500000000039,True,True,False,0.0,False,False,,3.625
Rule Controller,2026002,52cd3cec91e58c2b,seed-2026002-scenario-00019,truck,truck,sim-001eea12-truck-00019,sim-001eea12-truck-00019,False,1755.6194316594708,False,False,,,,False,False,False,0.0,False,False,,
Rule Controller,2026002,52cd3cec91e58c2b,seed-2026002-scenario-00020,pedestrian,pedestrian,sim-001eea12-pedestrian-00020,sim-001eea12-pedestrian-00020,False,1860.7292038826015,True,True,251.85000000002302,271.95000000002756,20.100000000004542,True,True,False,0.1,False,False,4.676736121524826,5.925000000000001
Rule Controller,2026002,52cd3cec91e58c2b,seed-2026002-scenario-00021,pedestrian,pedestrian,sim-001eea12-pedestrian-00021,sim-001eea12-pedestrian-00021,False,1946.8956645536243,True,False,271.55000000002747,291.65000000003204,20.10000000000457,True,False,False,0.1,False,False,7.591938875844952,5.925000000000001
Rule Controller,2026002,52cd3cec91e58c2b,seed-2026002-scenario-00022,stopped_car,stopped_car,sim-001eea12-stopped-car-00022,sim-001eea12-stopped-car-00022,False,2047.1345975730967,True,False,292.65000000003226,,,False,False,False,0.0,False,False,3.822368758236381,14.552730661005308
Rule Controller,2026002,52cd3cec91e58c2b,seed-2026002-scenario-00023,slow_car,mixed,sim-001eea12-slow-car-00023,sim-001eea12-slow-car-00023|sim-001eea12-left-traffic-00023,True,2136.4331350523053,False,False,,,,False,False,False,0.0,False,False,,
Rule Controller,2026002,52cd3cec91e58c2b,seed-2026002-scenario-00024,stopped_car,stopped_car,sim-001eea12-stopped-car-00024,sim-001eea12-stopped-car-00024,False,2223.315309056907,False,False,,,,False,False,False,0.0,False,False,,
Rule Controller,2026002,52cd3cec91e58c2b,seed-2026002-scenario-00025,pedestrian,pedestrian,sim-001eea12-pedestrian-00025,sim-001eea12-pedestrian-00025,False,2316.6049540014565,False,False,,,,False,False,False,0.0,False,False,,
Rule Controller,2026002,52cd3cec91e58c2b,seed-2026002-scenario-00026,stopped_car,stopped_car,sim-001eea12-stopped-car-00026,sim-001eea12-stopped-car-00026,False,2392.6795276462067,False,False,,,,False,False,False,0.0,False,False,,
Rule Controller,2026002,52cd3cec91e58c2b,seed-2026002-scenario-00027,slow_car,mixed,sim-001eea12-slow-car-00027,sim-001eea12-slow-car-00027|sim-001eea12-left-traffic-00027,True,2490.0766007430175,False,False,,,,False,False,False,0.0,False,False,,
Rule Controller,2026002,52cd3cec91e58c2b,seed-2026002-scenario-00028,truck,mixed,sim-001eea12-truck-00028,sim-001eea12-truck-00028|sim-001eea12-left-traffic-00028,True,2571.1932925770698,False,False,,,,False,False,False,0.0,False,False,,
Rule Controller,2026002,52cd3cec91e58c2b,seed-2026002-scenario-00029,truck,truck,sim-001eea12-truck-00029,sim-001eea12-truck-00029,False,2654.3894251675847,False,False,,,,False,False,False,0.0,False,False,,
Rule Controller,2026002,52cd3cec91e58c2b,seed-2026002-scenario-00030,stopped_car,mixed,sim-001eea12-stopped-car-00030,sim-001eea12-stopped-car-00030|sim-001eea12-left-traffic-00030,True,2732.64217902315,False,False,,,,False,False,False,0.0,False,False,,
Rule Controller,2026002,52cd3cec91e58c2b,seed-2026002-scenario-00031,slow_car,mixed,sim-001eea12-slow-car-00031,sim-001eea12-slow-car-00031|sim-001eea12-left-traffic-00031,True,2840.1185051534158,False,False,,,,False,False,False,0.0,False,False,,
Rule Controller,2026002,52cd3cec91e58c2b,seed-2026002-scenario-00032,slow_car,slow_car,sim-001eea12-slow-car-00032,sim-001eea12-slow-car-00032,False,2936.4128283615655,False,False,,,,False,False,False,0.0,False,False,,
Rule Controller,2026002,52cd3cec91e58c2b,seed-2026002-scenario-00033,stopped_car,stopped_car,sim-001eea12-stopped-car-00033,sim-001eea12-stopped-car-00033,False,3038.9930383874016,False,False,,,,False,False,False,0.0,False,False,,
Rule Controller,2026002,52cd3cec91e58c2b,seed-2026002-scenario-00034,pedestrian,pedestrian,sim-001eea12-pedestrian-00034,sim-001eea12-pedestrian-00034,False,3127.634393496246,False,False,,,,False,False,False,0.0,False,False,,
Rule Controller,2026002,52cd3cec91e58c2b,seed-2026002-scenario-00035,truck,truck,sim-001eea12-truck-00035,sim-001eea12-truck-00035,False,3206.0519067776086,False,False,,,,False,False,False,0.0,False,False,,
Rule Controller,2026002,52cd3cec91e58c2b,seed-2026002-scenario-00036,pedestrian,pedestrian,sim-001eea12-pedestrian-00036,sim-001eea12-pedestrian-00036,False,3308.232835092354,False,False,,,,False,False,False,0.0,False,False,,
Rule Controller,2026002,52cd3cec91e58c2b,seed-2026002-scenario-00038,truck,mixed,sim-001eea12-truck-00038,sim-001eea12-truck-00038|sim-001eea12-left-traffic-00038,True,3492.856512701996,False,False,,,,False,False,False,0.0,False,False,,
Rule Controller,2026002,52cd3cec91e58c2b,seed-2026002-scenario-00039,pedestrian,pedestrian,sim-001eea12-pedestrian-00039,sim-001eea12-pedestrian-00039,False,3590.6793782568066,False,False,,,,False,False,False,0.0,False,False,,
Rule Controller,2026002,52cd3cec91e58c2b,seed-2026002-scenario-00040,slow_car,slow_car,sim-001eea12-slow-car-00040,sim-001eea12-slow-car-00040,False,3675.882764090579,False,False,,,,False,False,False,0.0,False,False,,
Rule Controller,2026002,52cd3cec91e58c2b,seed-2026002-scenario-00041,slow_car,slow_car,sim-001eea12-slow-car-00041,sim-001eea12-slow-car-00041,False,3769.897559043871,False,False,,,,False,False,False,0.0,False,False,,
Rule Controller,2026002,52cd3cec91e58c2b,seed-2026002-scenario-00042,slow_car,slow_car,sim-001eea12-slow-car-00042,sim-001eea12-slow-car-00042,False,3862.9636755123524,False,False,,,,False,False,False,0.0,False,False,,
Rule Controller,2026002,52cd3cec91e58c2b,seed-2026002-scenario-00043,slow_car,slow_car,sim-001eea12-slow-car-00043,sim-001eea12-slow-car-00043,False,3956.2419104904184,False,False,,,,False,False,False,0.0,False,False,,
Rule Controller,2026002,52cd3cec91e58c2b,seed-2026002-scenario-00044,pedestrian,pedestrian,sim-001eea12-pedestrian-00044,sim-001eea12-pedestrian-00044,False,4032.95047076051,False,False,,,,False,False,False,0.0,False,False,,
Rule Controller,2026002,52cd3cec91e58c2b,seed-2026002-scenario-00045,stopped_car,stopped_car,sim-001eea12-stopped-car-00045,sim-001eea12-stopped-car-00045,False,4123.854370142898,False,False,,,,False,False,False,0.0,False,False,,
Rule Controller,2026002,52cd3cec91e58c2b,seed-2026002-scenario-00046,truck,mixed,sim-001eea12-truck-00046,sim-001eea12-truck-00046|sim-001eea12-left-traffic-00046,True,4210.5517446674785,False,False,,,,False,False,False,0.0,False,False,,
Rule Controller,2026002,52cd3cec91e58c2b,seed-2026002-scenario-00047,slow_car,slow_car,sim-001eea12-slow-car-00047,sim-001eea12-slow-car-00047,False,4313.449715548184,False,False,,,,False,False,False,0.0,False,False,,
Rule Controller,2026002,52cd3cec91e58c2b,seed-2026002-scenario-00048,stopped_car,stopped_car,sim-001eea12-stopped-car-00048,sim-001eea12-stopped-car-00048,False,4417.429074654291,False,False,,,,False,False,False,0.0,False,False,,
Hybrid ML Controller,2026002,52cd3cec91e58c2b,seed-2026002-scenario-00000,pedestrian,pedestrian,sim-001eea12-pedestrian-00000,sim-001eea12-pedestrian-00000,False,59.01616963439754,True,True,0.05,20.350000000000154,20.300000000000153,True,True,False,0.1,False,False,6.29901454399847,5.608669634397707
Hybrid ML Controller,2026002,52cd3cec91e58c2b,seed-2026002-scenario-00001,stopped_car,mixed,sim-001eea12-stopped-car-00001,sim-001eea12-stopped-car-00001|sim-001eea12-left-traffic-00001,True,132.81789964042045,True,True,18.200000000000124,27.10000000000025,8.900000000000126,True,True,False,0.0,True,True,0.2788282819827234,-1.875
Hybrid ML Controller,2026002,52cd3cec91e58c2b,seed-2026002-scenario-00002,slow_car,mixed,sim-001eea12-slow-car-00002,sim-001eea12-slow-car-00002|sim-001eea12-left-traffic-00002,True,231.6496326229734,True,True,30.450000000000298,39.49999999999989,9.049999999999596,True,True,False,0.0,False,False,18.048361923339407,3.625
Hybrid ML Controller,2026002,52cd3cec91e58c2b,seed-2026002-scenario-00004,truck,truck,sim-001eea12-truck-00004,sim-001eea12-truck-00004,False,419.5879821790436,True,True,44.5999999999996,149.2499999999997,104.65000000000009,True,True,False,0.0,True,False,4.689892204839015,3.1786382277510246
Hybrid ML Controller,2026002,52cd3cec91e58c2b,seed-2026002-scenario-00005,stopped_car,stopped_car,sim-001eea12-stopped-car-00005,sim-001eea12-stopped-car-00005,False,519.7076642895761,True,True,48.89999999999936,68.44999999999825,19.549999999998896,True,True,False,0.0,True,True,1.9050842992642354,1.5190298917609004
Hybrid ML Controller,2026002,52cd3cec91e58c2b,seed-2026002-scenario-00007,pedestrian,pedestrian,sim-001eea12-pedestrian-00007,sim-001eea12-pedestrian-00007,False,691.4927246103077,True,True,78.89999999999766,101.0999999999964,22.199999999998738,True,True,False,3.099999999999997,False,False,4.46919980990959,0.42500000000000027
Hybrid ML Controller,2026002,52cd3cec91e58c2b,seed-2026002-scenario-00008,stopped_car,mixed,sim-001eea12-stopped-car-00008,sim-001eea12-stopped-car-00008|sim-001eea12-left-traffic-00008,True,788.4756346632224,True,True,101.79999999999636,109.39999999999593,7.599999999999568,True,True,False,0.0,False,False,33.08945819062044,3.625
Hybrid ML Controller,2026002,52cd3cec91e58c2b,seed-2026002-scenario-00009,pedestrian,pedestrian,sim-001eea12-pedestrian-00009,sim-001eea12-pedestrian-00009,False,862.7082670619541,True,True,107.79999999999602,129.44999999999519,21.649999999999167,True,True,False,3.2499999999999964,False,False,10.73080742271606,5.925000000000001
Hybrid ML Controller,2026002,52cd3cec91e58c2b,seed-2026002-scenario-00010,slow_car,mixed,sim-001eea12-slow-car-00010,sim-001eea12-slow-car-00010|sim-001eea12-left-traffic-00010,True,936.1196745610206,True,True,155.80000000000118,232.95000000001872,77.15000000001754,True,True,False,0.0,True,True,6.971275109342073,3.5857705398886877
Hybrid ML Controller,2026002,52cd3cec91e58c2b,seed-2026002-scenario-00011,truck,truck,sim-001eea12-truck-00011,sim-001eea12-truck-00011,False,1017.2430646997694,True,True,139.04999999999737,238.60000000002,99.55000000002264,True,True,False,2.6499999999999986,True,False,7.922807370100409,3.3
Hybrid ML Controller,2026002,52cd3cec91e58c2b,seed-2026002-scenario-00012,slow_car,slow_car,sim-001eea12-slow-car-00012,sim-001eea12-slow-car-00012,False,1119.6446232985802,True,True,162.1000000000026,235.9000000000194,73.80000000001678,True,True,False,0.0,False,False,9.465613010518002,3.625
Hybrid ML Controller,2026002,52cd3cec91e58c2b,seed-2026002-scenario-00014,truck,truck,sim-001eea12-truck-00014,sim-001eea12-truck-00014,False,1293.8033900127525,True,True,232.60000000001864,288.65000000003135,56.050000000012716,True,True,False,0.9000000000000002,False,False,,3.3
Hybrid ML Controller,2026002,52cd3cec91e58c2b,seed-2026002-scenario-00015,pedestrian,pedestrian,sim-001eea12-pedestrian-00015,sim-001eea12-pedestrian-00015,False,1367.4594547599797,True,True,173.9500000000053,195.20000000001014,21.25000000000483,True,True,False,0.1,False,False,,5.925000000000001
Hybrid ML Controller,2026002,52cd3cec91e58c2b,seed-2026002-scenario-00017,slow_car,slow_car,sim-001eea12-slow-car-00017,sim-001eea12-slow-car-00017,False,1559.1523335335316,True,True,216.50000000001498,236.50000000001953,20.000000000004547,True,True,False,0.0,False,False,19.168406659825777,3.625
Hybrid ML Controller,2026002,52cd3cec91e58c2b,seed-2026002-scenario-00018,stopped_car,stopped_car,sim-001eea12-stopped-car-00018,sim-001eea12-stopped-car-00018,False,1664.6503783540948,True,True,219.10000000001557,230.55000000001817,11.450000000002603,True,True,False,0.0,False,False,4.207897243783634,3.4403608186327634
Hybrid ML Controller,2026002,52cd3cec91e58c2b,seed-2026002-scenario-00019,truck,truck,sim-001eea12-truck-00019,sim-001eea12-truck-00019,False,1755.6194316594708,True,True,235.20000000001923,283.5500000000302,48.350000000010965,True,True,False,0.0,False,False,,3.3
Hybrid ML Controller,2026002,52cd3cec91e58c2b,seed-2026002-scenario-00020,pedestrian,pedestrian,sim-001eea12-pedestrian-00020,sim-001eea12-pedestrian-00020,False,1860.7292038826015,True,True,238.50000000001998,255.20000000002378,16.700000000003797,True,True,False,0.1,False,False,,0.42500000000000027
Hybrid ML Controller,2026002,52cd3cec91e58c2b,seed-2026002-scenario-00021,pedestrian,pedestrian,sim-001eea12-pedestrian-00021,sim-001eea12-pedestrian-00021,False,1946.8956645536243,True,True,254.8000000000237,274.60000000002816,19.800000000004474,True,True,False,0.1,False,False,,0.42500000000000027
Hybrid ML Controller,2026002,52cd3cec91e58c2b,seed-2026002-scenario-00022,stopped_car,stopped_car,sim-001eea12-stopped-car-00022,sim-001eea12-stopped-car-00022,False,2047.1345975730967,True,False,275.6000000000284,281.95000000002983,6.350000000001444,True,False,False,0.0,False,False,,3.625
Hybrid ML Controller,2026002,52cd3cec91e58c2b,seed-2026002-scenario-00023,slow_car,mixed,sim-001eea12-slow-car-00023,sim-001eea12-slow-car-00023|sim-001eea12-left-traffic-00023,True,2136.4331350523053,True,False,285.50000000003064,296.7000000000332,11.200000000002547,True,False,False,0.0,False,False,14.923394666685013,3.625
Hybrid ML Controller,2026002,52cd3cec91e58c2b,seed-2026002-scenario-00024,stopped_car,stopped_car,sim-001eea12-stopped-car-00024,sim-001eea12-stopped-car-00024,False,2223.315309056907,True,False,288.3500000000313,294.6000000000327,6.250000000001421,True,False,False,0.0,False,False,,3.625
Hybrid ML Controller,2026002,52cd3cec91e58c2b,seed-2026002-scenario-00025,pedestrian,pedestrian,sim-001eea12-pedestrian-00025,sim-001eea12-pedestrian-00025,False,2316.6049540014565,True,False,295.0500000000328,,,False,False,False,0.0,False,False,,15.262088808766892
Hybrid ML Controller,2026002,52cd3cec91e58c2b,seed-2026002-scenario-00026,stopped_car,stopped_car,sim-001eea12-stopped-car-00026,sim-001eea12-stopped-car-00026,False,2392.6795276462067,False,False,,,,False,False,False,0.0,False,False,,
Hybrid ML Controller,2026002,52cd3cec91e58c2b,seed-2026002-scenario-00027,slow_car,mixed,sim-001eea12-slow-car-00027,sim-001eea12-slow-car-00027|sim-001eea12-left-traffic-00027,True,2490.0766007430175,False,False,,,,False,False,False,0.0,False,False,,
Hybrid ML Controller,2026002,52cd3cec91e58c2b,seed-2026002-scenario-00028,truck,mixed,sim-001eea12-truck-00028,sim-001eea12-truck-00028|sim-001eea12-left-traffic-00028,True,2571.1932925770698,False,False,,,,False,False,False,0.0,False,False,,
Hybrid ML Controller,2026002,52cd3cec91e58c2b,seed-2026002-scenario-00029,truck,truck,sim-001eea12-truck-00029,sim-001eea12-truck-00029,False,2654.3894251675847,False,False,,,,False,False,False,0.0,False,False,,
Hybrid ML Controller,2026002,52cd3cec91e58c2b,seed-2026002-scenario-00030,stopped_car,mixed,sim-001eea12-stopped-car-00030,sim-001eea12-stopped-car-00030|sim-001eea12-left-traffic-00030,True,2732.64217902315,False,False,,,,False,False,False,0.0,False,False,,
Hybrid ML Controller,2026002,52cd3cec91e58c2b,seed-2026002-scenario-00031,slow_car,mixed,sim-001eea12-slow-car-00031,sim-001eea12-slow-car-00031|sim-001eea12-left-traffic-00031,True,2840.1185051534158,False,False,,,,False,False,False,0.0,False,False,,
Hybrid ML Controller,2026002,52cd3cec91e58c2b,seed-2026002-scenario-00032,slow_car,slow_car,sim-001eea12-slow-car-00032,sim-001eea12-slow-car-00032,False,2936.4128283615655,False,False,,,,False,False,False,0.0,False,False,,
Hybrid ML Controller,2026002,52cd3cec91e58c2b,seed-2026002-scenario-00033,stopped_car,stopped_car,sim-001eea12-stopped-car-00033,sim-001eea12-stopped-car-00033,False,3038.9930383874016,False,False,,,,False,False,False,0.0,False,False,,
Hybrid ML Controller,2026002,52cd3cec91e58c2b,seed-2026002-scenario-00034,pedestrian,pedestrian,sim-001eea12-pedestrian-00034,sim-001eea12-pedestrian-00034,False,3127.634393496246,False,False,,,,False,False,False,0.0,False,False,,
Hybrid ML Controller,2026002,52cd3cec91e58c2b,seed-2026002-scenario-00035,truck,truck,sim-001eea12-truck-00035,sim-001eea12-truck-00035,False,3206.0519067776086,False,False,,,,False,False,False,0.0,False,False,,
Hybrid ML Controller,2026002,52cd3cec91e58c2b,seed-2026002-scenario-00036,pedestrian,pedestrian,sim-001eea12-pedestrian-00036,sim-001eea12-pedestrian-00036,False,3308.232835092354,False,False,,,,False,False,False,0.0,False,False,,
Hybrid ML Controller,2026002,52cd3cec91e58c2b,seed-2026002-scenario-00038,truck,mixed,sim-001eea12-truck-00038,sim-001eea12-truck-00038|sim-001eea12-left-traffic-00038,True,3492.856512701996,False,False,,,,False,False,False,0.0,False,False,,
Hybrid ML Controller,2026002,52cd3cec91e58c2b,seed-2026002-scenario-00039,pedestrian,pedestrian,sim-001eea12-pedestrian-00039,sim-001eea12-pedestrian-00039,False,3590.6793782568066,False,False,,,,False,False,False,0.0,False,False,,
Hybrid ML Controller,2026002,52cd3cec91e58c2b,seed-2026002-scenario-00040,slow_car,slow_car,sim-001eea12-slow-car-00040,sim-001eea12-slow-car-00040,False,3675.882764090579,False,False,,,,False,False,False,0.0,False,False,,
Hybrid ML Controller,2026002,52cd3cec91e58c2b,seed-2026002-scenario-00041,slow_car,slow_car,sim-001eea12-slow-car-00041,sim-001eea12-slow-car-00041,False,3769.897559043871,False,False,,,,False,False,False,0.0,False,False,,
Hybrid ML Controller,2026002,52cd3cec91e58c2b,seed-2026002-scenario-00042,slow_car,slow_car,sim-001eea12-slow-car-00042,sim-001eea12-slow-car-00042,False,3862.9636755123524,False,False,,,,False,False,False,0.0,False,False,,
Hybrid ML Controller,2026002,52cd3cec91e58c2b,seed-2026002-scenario-00043,slow_car,slow_car,sim-001eea12-slow-car-00043,sim-001eea12-slow-car-00043,False,3956.2419104904184,False,False,,,,False,False,False,0.0,False,False,,
Hybrid ML Controller,2026002,52cd3cec91e58c2b,seed-2026002-scenario-00044,pedestrian,pedestrian,sim-001eea12-pedestrian-00044,sim-001eea12-pedestrian-00044,False,4032.95047076051,False,False,,,,False,False,False,0.0,False,False,,
Hybrid ML Controller,2026002,52cd3cec91e58c2b,seed-2026002-scenario-00045,stopped_car,stopped_car,sim-001eea12-stopped-car-00045,sim-001eea12-stopped-car-00045,False,4123.854370142898,False,False,,,,False,False,False,0.0,False,False,,
Hybrid ML Controller,2026002,52cd3cec91e58c2b,seed-2026002-scenario-00046,truck,mixed,sim-001eea12-truck-00046,sim-001eea12-truck-00046|sim-001eea12-left-traffic-00046,True,4210.5517446674785,False,False,,,,False,False,False,0.0,False,False,,
Hybrid ML Controller,2026002,52cd3cec91e58c2b,seed-2026002-scenario-00047,slow_car,slow_car,sim-001eea12-slow-car-00047,sim-001eea12-slow-car-00047,False,4313.449715548184,False,False,,,,False,False,False,0.0,False,False,,
Hybrid ML Controller,2026002,52cd3cec91e58c2b,seed-2026002-scenario-00048,stopped_car,stopped_car,sim-001eea12-stopped-car-00048,sim-001eea12-stopped-car-00048,False,4417.429074654291,False,False,,,,False,False,False,0.0,False,False,,
Rule Controller,2026003,76f534ed31711937,seed-2026003-scenario-00001,slow_car,mixed,sim-001eea13-slow-car-00001,sim-001eea13-slow-car-00001|sim-001eea13-left-traffic-00001,True,161.16422851211723,True,True,12.600000000000044,40.09999999999986,27.499999999999815,True,True,False,0.0,True,True,4.379273039930327,-1.875
Rule Controller,2026003,76f534ed31711937,seed-2026003-scenario-00002,pedestrian,pedestrian,sim-001eea13-pedestrian-00002,sim-001eea13-pedestrian-00002,False,252.59556913240135,True,True,16.250000000000096,32.800000000000274,16.55000000000018,True,True,False,0.1,False,False,,0.42500000000000027
Rule Controller,2026003,76f534ed31711937,seed-2026003-scenario-00003,slow_car,mixed,sim-001eea13-slow-car-00003,sim-001eea13-slow-car-00003|sim-001eea13-left-traffic-00003,True,347.5350691986761,True,True,39.999999999999865,49.24999999999934,9.249999999999474,True,True,False,0.0,False,False,0.029700699462266004,-1.875
Rule Controller,2026003,76f534ed31711937,seed-2026003-scenario-00004,stopped_car,mixed,sim-001eea13-stopped-car-00004,sim-001eea13-stopped-car-00004|sim-001eea13-left-traffic-00004,True,433.7847075208074,True,True,39.69999999999988,45.94999999999953,6.249999999999645,True,True,False,0.0,False,False,35.90249140546903,-1.3913893001495676
Rule Controller,2026003,76f534ed31711937,seed-2026003-scenario-00005,truck,truck,sim-001eea13-truck-00005,sim-001eea13-truck-00005,False,516.0937248673505,True,True,48.29999999999939,72.54999999999802,24.24999999999863,True,True,False,0.0,True,False,2.508023431815478,3.0955854264662386
Rule Controller,2026003,76f534ed31711937,seed-2026003-scenario-00007,stopped_car,stopped_car,sim-001eea13-stopped-car-00007,sim-001eea13-stopped-car-00007,False,710.943819856192,True,True,67.49999999999831,75.04999999999788,7.549999999999571,True,True,False,0.0,False,False,,0.5339466283664329
Rule Controller,2026003,76f534ed31711937,seed-2026003-scenario-00008,pedestrian,pedestrian,sim-001eea13-pedestrian-00008,sim-001eea13-pedestrian-00008,False,817.7777609183776,True,True,76.4999999999978,94.94999999999675,18.44999999999895,True,True,False,0.1,False,False,9.600972259411769,5.4358264204997795
Rule Controller,2026003,76f534ed31711937,seed-2026003-scenario-00009,truck,mixed,sim-001eea13-truck-00009,sim-001eea13-truck-00009|sim-001eea13-left-traffic-00009,True,887.5153404198842,True,True,104.39999999999621,170.70000000000456,66.30000000000835,True,True,False,0.0,False,False,4.6697000971324485,-1.3707135559432402
Rule Controller,2026003,76f534ed31711937,seed-2026003-scenario-00010,slow_car,mixed,sim-001eea13-slow-car-00010,sim-001eea13-slow-car-00010|sim-001eea13-left-traffic-00010,True,962.6378800289574,True,True,102.24999999999633,166.60000000000363,64.3500000000073,True,True,False,0.0,True,True,0.40149522603453874,-1.713
Rule Controller,2026003,76f534ed31711937,seed-2026003-scenario-00011,stopped_car,mixed,sim-001eea13-stopped-car-00011,sim-001eea13-stopped-car-00011|sim-001eea13-left-traffic-00011,True,1038.5309413771656,True,True,104.6999999999962,121.74999999999523,17.04999999999903,True,True,False,0.0,True,True,0.3386098962641008,-1.875
Rule Controller,2026003,76f534ed31711937,seed-2026003-scenario-00013,pedestrian,pedestrian,sim-001eea13-pedestrian-00013,sim-001eea13-pedestrian-00013,False,1242.4379236033549,True,True,135.54999999999657,158.70000000000184,23.150000000005264,True,True,False,0.1,False,False,,0.42500000000000027
Rule Controller,2026003,76f534ed31711937,seed-2026003-scenario-00014,stopped_car,mixed,sim-001eea13-stopped-car-00014,sim-001eea13-stopped-car-00014|sim-001eea13-left-traffic-00014,True,1331.579169408189,True,True,158.65000000000182,165.25000000000333,6.600000000001501,True,True,False,0.0,False,False,12.261004511268778,2.9200984971383512
Rule Controller,2026003,76f534ed31711937,seed-2026003-scenario-00015,slow_car,slow_car,sim-001eea13-slow-car-00015,sim-001eea13-slow-car-00015,False,1403.9496069895738,True,True,167.90000000000393,253.25000000002333,85.3500000000194,True,True,False,0.0,False,False,3.254127765580929,3.625
Rule Controller,2026003,76f534ed31711937,seed-2026003-scenario-00016,truck,mixed,sim-001eea13-truck-00016,sim-001eea13-truck-00016|sim-001eea13-left-traffic-00016,True,1505.8354974567135,True,True,175.15000000000558,233.60000000001887,58.45000000001329,True,True,False,0.0,True,True,2.34600355740246,-1.5317501313256843
Rule Controller,2026003,76f534ed31711937,seed-2026003-scenario-00017,slow_car,mixed,sim-001eea13-slow-car-00017,sim-001eea13-slow-car-00017|sim-001eea13-left-traffic-00017,True,1599.0153141520464,True,True,258.30000000002445,,,False,False,False,0.0,False,False,9.711615182856757,44.43594410826099
Rule Controller,2026003,76f534ed31711937,seed-2026003-scenario-00018,stopped_car,stopped_car,sim-001eea13-stopped-car-00018,sim-001eea13-stopped-car-00018,False,1693.2254477858432,True,True,198.50000000001089,218.45000000001542,19.950000000004536,True,True,False,1.0000000000000002,True,True,3.3378722117406943,3.1356286148121115
Rule Controller,2026003,76f534ed31711937,seed-2026003-scenario-00019,slow_car,slow_car,sim-001eea13-slow-car-00019,sim-001eea13-slow-car-00019,False,1765.6280513129757,True,True,255.85000000002393,,,False,False,False,0.0,False,False,6.077660707246717,21.90257587521446
Rule Controller,2026003,76f534ed31711937,seed-2026003-scenario-00020,stopped_car,mixed,sim-001eea13-stopped-car-00020,sim-001eea13-stopped-car-00020|sim-001eea13-left-traffic-00020,True,1851.752348179624,True,True,226.35000000001722,235.65000000001933,9.300000000002115,True,True,False,0.0,False,False,18.062946471458254,3.625
Rule Controller,2026003,76f534ed31711937,seed-2026003-scenario-00021,truck,mixed,sim-001eea13-truck-00021,sim-001eea13-truck-00021|sim-001eea13-left-traffic-00021,True,1942.5628730198293,True,True,257.1500000000242,,,False,False,False,0.0,False,False,8.718813213894169,34.76196518463594
Rule Controller,2026003,76f534ed31711937,seed-2026003-scenario-00023,pedestrian,pedestrian,sim-001eea13-pedestrian-00023,sim-001eea13-pedestrian-00023,False,2135.563903654803,True,True,259.15000000002465,276.35000000002856,17.20000000000391,True,True,False,0.1,False,False,5.031307647414972,5.925000000000001
Rule Controller,2026003,76f534ed31711937,seed-2026003-scenario-00024,stopped_car,stopped_car,sim-001eea13-stopped-car-00024,sim-001eea13-stopped-car-00024,False,2239.1362000250087,True,False,277.60000000002884,,,False,False,False,2.549999999999999,True,False,3.8059617408644444,3.1255695012038314
Rule Controller,2026003,76f534ed31711937,seed-2026003-scenario-00026,slow_car,mixed,sim-001eea13-slow-car-00026,sim-001eea13-slow-car-00026|sim-001eea13-left-traffic-00026,True,2403.4486057785084,False,False,,,,False,False,False,0.0,False,False,,
Rule Controller,2026003,76f534ed31711937,seed-2026003-scenario-00029,pedestrian,pedestrian,sim-001eea13-pedestrian-00029,sim-001eea13-pedestrian-00029,False,2647.210000127046,False,False,,,,False,False,False,0.0,False,False,,
Rule Controller,2026003,76f534ed31711937,seed-2026003-scenario-00032,pedestrian,pedestrian,sim-001eea13-pedestrian-00032,sim-001eea13-pedestrian-00032,False,2901.232513515249,False,False,,,,False,False,False,0.0,False,False,,
Rule Controller,2026003,76f534ed31711937,seed-2026003-scenario-00034,slow_car,slow_car,sim-001eea13-slow-car-00034,sim-001eea13-slow-car-00034,False,3057.1162252979875,False,False,,,,False,False,False,0.0,False,False,,
Rule Controller,2026003,76f534ed31711937,seed-2026003-scenario-00035,truck,mixed,sim-001eea13-truck-00035,sim-001eea13-truck-00035|sim-001eea13-left-traffic-00035,True,3141.2601890009664,False,False,,,,False,False,False,0.0,False,False,,
Rule Controller,2026003,76f534ed31711937,seed-2026003-scenario-00036,stopped_car,mixed,sim-001eea13-stopped-car-00036,sim-001eea13-stopped-car-00036|sim-001eea13-left-traffic-00036,True,3238.138681013278,False,False,,,,False,False,False,0.0,False,False,,
Rule Controller,2026003,76f534ed31711937,seed-2026003-scenario-00037,pedestrian,pedestrian,sim-001eea13-pedestrian-00037,sim-001eea13-pedestrian-00037,False,3318.8019595113838,False,False,,,,False,False,False,0.0,False,False,,
Rule Controller,2026003,76f534ed31711937,seed-2026003-scenario-00038,truck,truck,sim-001eea13-truck-00038,sim-001eea13-truck-00038,False,3407.251132315013,False,False,,,,False,False,False,0.0,False,False,,
Rule Controller,2026003,76f534ed31711937,seed-2026003-scenario-00039,slow_car,slow_car,sim-001eea13-slow-car-00039,sim-001eea13-slow-car-00039,False,3491.6023239089104,False,False,,,,False,False,False,0.0,False,False,,
Rule Controller,2026003,76f534ed31711937,seed-2026003-scenario-00040,truck,mixed,sim-001eea13-truck-00040,sim-001eea13-truck-00040|sim-001eea13-left-traffic-00040,True,3574.280427664089,False,False,,,,False,False,False,0.0,False,False,,
Rule Controller,2026003,76f534ed31711937,seed-2026003-scenario-00042,stopped_car,mixed,sim-001eea13-stopped-car-00042,sim-001eea13-stopped-car-00042|sim-001eea13-left-traffic-00042,True,3750.672619488896,False,False,,,,False,False,False,0.0,False,False,,
Rule Controller,2026003,76f534ed31711937,seed-2026003-scenario-00044,truck,truck,sim-001eea13-truck-00044,sim-001eea13-truck-00044,False,3935.522067879399,False,False,,,,False,False,False,0.0,False,False,,
Rule Controller,2026003,76f534ed31711937,seed-2026003-scenario-00045,pedestrian,pedestrian,sim-001eea13-pedestrian-00045,sim-001eea13-pedestrian-00045,False,4018.453492750654,False,False,,,,False,False,False,0.0,False,False,,
Rule Controller,2026003,76f534ed31711937,seed-2026003-scenario-00046,truck,truck,sim-001eea13-truck-00046,sim-001eea13-truck-00046,False,4117.111575973177,False,False,,,,False,False,False,0.0,False,False,,
Rule Controller,2026003,76f534ed31711937,seed-2026003-scenario-00047,slow_car,slow_car,sim-001eea13-slow-car-00047,sim-001eea13-slow-car-00047,False,4190.5015794575565,False,False,,,,False,False,False,0.0,False,False,,
Rule Controller,2026003,76f534ed31711937,seed-2026003-scenario-00048,slow_car,slow_car,sim-001eea13-slow-car-00048,sim-001eea13-slow-car-00048,False,4279.557843439369,False,False,,,,False,False,False,0.0,False,False,,
Rule Controller,2026003,76f534ed31711937,seed-2026003-scenario-00049,slow_car,slow_car,sim-001eea13-slow-car-00049,sim-001eea13-slow-car-00049,False,4376.817141504319,False,False,,,,False,False,False,0.0,False,False,,
Hybrid ML Controller,2026003,76f534ed31711937,seed-2026003-scenario-00001,slow_car,mixed,sim-001eea13-slow-car-00001,sim-001eea13-slow-car-00001|sim-001eea13-left-traffic-00001,True,161.16422851211723,True,True,20.80000000000016,50.549999999999265,29.749999999999105,True,True,False,0.0,True,True,8.761845974210472,1.243622181661064
Hybrid ML Controller,2026003,76f534ed31711937,seed-2026003-scenario-00002,pedestrian,pedestrian,sim-001eea13-pedestrian-00002,sim-001eea13-pedestrian-00002,False,252.59556913240135,True,True,21.250000000000167,39.14999999999991,17.899999999999746,True,True,False,0.1,False,False,17.635563963262125,0.42500000000000027
Hybrid ML Controller,2026003,76f534ed31711937,seed-2026003-scenario-00003,slow_car,mixed,sim-001eea13-slow-car-00003,sim-001eea13-slow-car-00003|sim-001eea13-left-traffic-00003,True,347.5350691986761,True,True,46.3999999999995,55.44999999999899,9.049999999999486,True,True,False,0.0,False,False,50.42464707099741,0.4755000000000029
Hybrid ML Controller,2026003,76f534ed31711937,seed-2026003-scenario-00004,stopped_car,mixed,sim-001eea13-stopped-car-00004,sim-001eea13-stopped-car-00004|sim-001eea13-left-traffic-00004,True,433.7847075208074,True,True,46.04999999999952,52.299999999999166,6.249999999999645,True,True,False,0.0,False,False,29.095401771323758,-0.24661799999999534
Hybrid ML Controller,2026003,76f534ed31711937,seed-2026003-scenario-00005,truck,truck,sim-001eea13-truck-00005,sim-001eea13-truck-00005,False,516.0937248673505,True,True,54.599999999999035,65.34999999999843,10.749999999999396,True,True,False,0.0,False,False,,3.3
Hybrid ML Controller,2026003,76f534ed31711937,seed-2026003-scenario-00007,stopped_car,stopped_car,sim-001eea13-stopped-car-00007,sim-001eea13-stopped-car-00007,False,710.943819856192,True,True,66.54999999999836,78.64999999999768,12.099999999999312,True,True,False,0.0,True,True,2.0850939019528707,1.8056687282520647
Hybrid ML Controller,2026003,76f534ed31711937,seed-2026003-scenario-00008,pedestrian,pedestrian,sim-001eea13-pedestrian-00008,sim-001eea13-pedestrian-00008,False,817.7777609183776,True,True,81.09999999999754,101.44999999999638,20.349999999998843,True,True,False,0.1,False,False,6.627957656543862,5.429947070679759
Hybrid ML Controller,2026003,76f534ed31711937,seed-2026003-scenario-00009,truck,mixed,sim-001eea13-truck-00009,sim-001eea13-truck-00009|sim-001eea13-left-traffic-00009,True,887.5153404198842,True,True,111.84999999999579,182.7500000000073,70.90000000001152,True,True,False,0.0,False,False,11.452470911614812,-0.24661799999999534
Hybrid ML Controller,2026003,76f534ed31711937,seed-2026003-scenario-00010,slow_car,mixed,sim-001eea13-slow-car-00010,sim-001eea13-slow-car-00010|sim-001eea13-left-traffic-00010,True,962.6378800289574,True,True,108.74999999999596,171.20000000000468,62.450000000008714,True,True,False,0.0,True,True,6.24069522568091,-1.875
Hybrid ML Controller,2026003,76f534ed31711937,seed-2026003-scenario-00011,stopped_car,mixed,sim-001eea13-stopped-car-00011,sim-001eea13-stopped-car-00011|sim-001eea13-left-traffic-00011,True,1038.5309413771656,True,True,111.19999999999582,126.19999999999497,14.999999999999147,True,True,False,0.0,True,True,0.07779169263224892,-1.875
Hybrid ML Controller,2026003,76f534ed31711937,seed-2026003-scenario-00013,pedestrian,pedestrian,sim-001eea13-pedestrian-00013,sim-001eea13-pedestrian-00013,False,1242.4379236033549,True,True,142.79999999999822,163.90000000000302,21.100000000004798,True,True,False,0.1,False,False,,0.42500000000000027
Hybrid ML Controller,2026003,76f534ed31711937,seed-2026003-scenario-00014,stopped_car,mixed,sim-001eea13-stopped-car-00014,sim-001eea13-stopped-car-00014|sim-001eea13-left-traffic-00014,True,1331.579169408189,True,True,163.850000000003,170.4500000000045,6.600000000001501,True,True,False,0.0,False,False,42.64200782959493,1.2219317811392423
Hybrid ML Controller,2026003,76f534ed31711937,seed-2026003-scenario-00015,slow_car,slow_car,sim-001eea13-slow-car-00015,sim-001eea13-slow-car-00015,False,1403.9496069895738,True,True,178.55000000000635,272.6000000000277,94.05000000002136,True,False,True,0.0,False,False,12.442344669331193,1.2000000000001823
Hybrid ML Controller,2026003,76f534ed31711937,seed-2026003-scenario-00016,truck,mixed,sim-001eea13-truck-00016,sim-001eea13-truck-00016|sim-001eea13-left-traffic-00016,True,1505.8354974567135,True,True,191.9500000000094,237.45000000001974,45.500000000010346,True,True,False,0.0,False,False,13.478416167348783,-1.875
Hybrid ML Controller,2026003,76f534ed31711937,seed-2026003-scenario-00017,slow_car,mixed,sim-001eea13-slow-car-00017,sim-001eea13-slow-car-00017|sim-001eea13-left-traffic-00017,True,1599.0153141520464,True,False,276.6000000000286,,,False,False,False,0.0,False,False,10.025724130627951,54.37731617550165
Hybrid ML Controller,2026003,76f534ed31711937,seed-2026003-scenario-00018,stopped_car,stopped_car,sim-001eea13-stopped-car-00018,sim-001eea13-stopped-car-00018,False,1693.2254477858432,True,True,204.55000000001226,223.10000000001648,18.550000000004218,True,True,False,0.0,True,True,1.914641916703771,1.546910762870376
Hybrid ML Controller,2026003,76f534ed31711937,seed-2026003-scenario-00019,slow_car,slow_car,sim-001eea13-slow-car-00019,sim-001eea13-slow-car-00019,False,1765.6280513129757,True,False,294.40000000003266,,,False,False,False,0.0,False,False,8.97905091488371,49.26521064305305
Hybrid ML Controller,2026003,76f534ed31711937,seed-2026003-scenario-00020,stopped_car,mixed,sim-001eea13-stopped-car-00020,sim-001eea13-stopped-car-00020|sim-001eea13-left-traffic-00020,True,1851.752348179624,True,True,231.0500000000183,242.80000000002096,11.750000000002672,True,True,False,0.0,False,False,13.043056978408998,3.625
Hybrid ML Controller,2026003,76f534ed31711937,seed-2026003-scenario-00021,truck,mixed,sim-001eea13-truck-00021,sim-001eea13-truck-00021|sim-001eea13-left-traffic-00021,True,1942.5628730198293,False,False,,,,False,False,False,0.0,False,False,,
Hybrid ML Controller,2026003,76f534ed31711937,seed-2026003-scenario-00023,pedestrian,pedestrian,sim-001eea13-pedestrian-00023,sim-001eea13-pedestrian-00023,False,2135.563903654803,True,False,271.6000000000275,289.95000000003165,18.350000000004172,True,False,False,0.1,False,False,4.201720940121912,5.925000000000001
Hybrid ML Controller,2026003,76f534ed31711937,seed-2026003-scenario-00024,stopped_car,stopped_car,sim-001eea13-stopped-car-00024,sim-001eea13-stopped-car-00024,False,2239.1362000250087,True,False,291.20000000003193,298.5000000000336,7.30000000000166,True,False,False,0.0,True,False,1.8753282984945019,2.5540565393103893
Hybrid ML Controller,2026003,76f534ed31711937,seed-2026003-scenario-00026,slow_car,mixed,sim-001eea13-slow-car-00026,sim-001eea13-slow-car-00026|sim-001eea13-left-traffic-00026,True,2403.4486057785084,False,False,,,,False,False,False,0.0,False,False,,
Hybrid ML Controller,2026003,76f534ed31711937,seed-2026003-scenario-00029,pedestrian,pedestrian,sim-001eea13-pedestrian-00029,sim-001eea13-pedestrian-00029,False,2647.210000127046,False,False,,,,False,False,False,0.0,False,False,,
Hybrid ML Controller,2026003,76f534ed31711937,seed-2026003-scenario-00032,pedestrian,pedestrian,sim-001eea13-pedestrian-00032,sim-001eea13-pedestrian-00032,False,2901.232513515249,False,False,,,,False,False,False,0.0,False,False,,
Hybrid ML Controller,2026003,76f534ed31711937,seed-2026003-scenario-00034,slow_car,slow_car,sim-001eea13-slow-car-00034,sim-001eea13-slow-car-00034,False,3057.1162252979875,False,False,,,,False,False,False,0.0,False,False,,
Hybrid ML Controller,2026003,76f534ed31711937,seed-2026003-scenario-00035,truck,mixed,sim-001eea13-truck-00035,sim-001eea13-truck-00035|sim-001eea13-left-traffic-00035,True,3141.2601890009664,False,False,,,,False,False,False,0.0,False,False,,
Hybrid ML Controller,2026003,76f534ed31711937,seed-2026003-scenario-00036,stopped_car,mixed,sim-001eea13-stopped-car-00036,sim-001eea13-stopped-car-00036|sim-001eea13-left-traffic-00036,True,3238.138681013278,False,False,,,,False,False,False,0.0,False,False,,
Hybrid ML Controller,2026003,76f534ed31711937,seed-2026003-scenario-00037,pedestrian,pedestrian,sim-001eea13-pedestrian-00037,sim-001eea13-pedestrian-00037,False,3318.8019595113838,False,False,,,,False,False,False,0.0,False,False,,
Hybrid ML Controller,2026003,76f534ed31711937,seed-2026003-scenario-00038,truck,truck,sim-001eea13-truck-00038,sim-001eea13-truck-00038,False,3407.251132315013,False,False,,,,False,False,False,0.0,False,False,,
Hybrid ML Controller,2026003,76f534ed31711937,seed-2026003-scenario-00039,slow_car,slow_car,sim-001eea13-slow-car-00039,sim-001eea13-slow-car-00039,False,3491.6023239089104,False,False,,,,False,False,False,0.0,False,False,,
Hybrid ML Controller,2026003,76f534ed31711937,seed-2026003-scenario-00040,truck,mixed,sim-001eea13-truck-00040,sim-001eea13-truck-00040|sim-001eea13-left-traffic-00040,True,3574.280427664089,False,False,,,,False,False,False,0.0,False,False,,
Hybrid ML Controller,2026003,76f534ed31711937,seed-2026003-scenario-00042,stopped_car,mixed,sim-001eea13-stopped-car-00042,sim-001eea13-stopped-car-00042|sim-001eea13-left-traffic-00042,True,3750.672619488896,False,False,,,,False,False,False,0.0,False,False,,
Hybrid ML Controller,2026003,76f534ed31711937,seed-2026003-scenario-00044,truck,truck,sim-001eea13-truck-00044,sim-001eea13-truck-00044,False,3935.522067879399,False,False,,,,False,False,False,0.0,False,False,,
Hybrid ML Controller,2026003,76f534ed31711937,seed-2026003-scenario-00045,pedestrian,pedestrian,sim-001eea13-pedestrian-00045,sim-001eea13-pedestrian-00045,False,4018.453492750654,False,False,,,,False,False,False,0.0,False,False,,
Hybrid ML Controller,2026003,76f534ed31711937,seed-2026003-scenario-00046,truck,truck,sim-001eea13-truck-00046,sim-001eea13-truck-00046,False,4117.111575973177,False,False,,,,False,False,False,0.0,False,False,,
Hybrid ML Controller,2026003,76f534ed31711937,seed-2026003-scenario-00047,slow_car,slow_car,sim-001eea13-slow-car-00047,sim-001eea13-slow-car-00047,False,4190.5015794575565,False,False,,,,False,False,False,0.0,False,False,,
Hybrid ML Controller,2026003,76f534ed31711937,seed-2026003-scenario-00048,slow_car,slow_car,sim-001eea13-slow-car-00048,sim-001eea13-slow-car-00048,False,4279.557843439369,False,False,,,,False,False,False,0.0,False,False,,
Hybrid ML Controller,2026003,76f534ed31711937,seed-2026003-scenario-00049,slow_car,slow_car,sim-001eea13-slow-car-00049,sim-001eea13-slow-car-00049,False,4376.817141504319,False,False,,,,False,False,False,0.0,False,False,,
Rule Controller,2026004,ae3c4174f1b3f564,seed-2026004-scenario-00000,stopped_car,mixed,sim-001eea14-stopped-car-00000,sim-001eea14-stopped-car-00000|sim-001eea14-left-traffic-00000,True,72.65895557357362,True,True,0.05,9.600000000000001,9.55,True,True,False,0.0,True,True,0.13143505253262155,-1.875
Rule Controller,2026004,ae3c4174f1b3f564,seed-2026004-scenario-00001,pedestrian,pedestrian,sim-001eea14-pedestrian-00001,sim-001eea14-pedestrian-00001,False,164.81622666580088,True,True,9.950000000000006,27.75000000000026,17.800000000000253,True,True,False,0.1,False,False,5.638777010897723,5.236226665801581
Rule Controller,2026004,ae3c4174f1b3f564,seed-2026004-scenario-00002,slow_car,slow_car,sim-001eea14-slow-car-00002,sim-001eea14-slow-car-00002,False,264.4002637435568,True,True,42.04999999999975,94.69999999999676,52.649999999997014,True,True,False,0.8500000000000002,False,False,6.867533344822139,3.625
Rule Controller,2026004,ae3c4174f1b3f564,seed-2026004-scenario-00003,slow_car,mixed,sim-001eea14-slow-car-00003,sim-001eea14-slow-car-00003|sim-001eea14-left-traffic-00003,True,339.31391855599867,True,True,36.60000000000006,46.54999999999949,9.949999999999434,True,False,True,0.0,True,True,0.04828271881219385,-1.6824669641634653
Rule Controller,2026004,ae3c4174f1b3f564,seed-2026004-scenario-00004,truck,truck,sim-001eea14-truck-00004,sim-001eea14-truck-00004,False,422.9905709477787,True,True,42.34999999999973,67.34999999999832,24.999999999998586,True,True,False,0.05,True,True,2.942159809745225,3.3
Rule Controller,2026004,ae3c4174f1b3f564,seed-2026004-scenario-00005,pedestrian,pedestrian,sim-001eea14-pedestrian-00005,sim-001eea14-pedestrian-00005,False,493.6516980052869,True,True,45.24999999999957,61.49999999999864,16.249999999999076,True,True,False,0.1,False,False,3.3264992876036366,1.7812271673948195
Rule Controller,2026004,ae3c4174f1b3f564,seed-2026004-scenario-00006,stopped_car,stopped_car,sim-001eea14-stopped-car-00006,sim-001eea14-stopped-car-00006,False,563.5651354281844,True,True,58.449999999998816,66.64999999999836,8.199999999999541,True,True,False,0.0,False,False,18.47253385704689,3.625
Rule Controller,2026004,ae3c4174f1b3f564,seed-2026004-scenario-00007,pedestrian,pedestrian,sim-001eea14-pedestrian-00007,sim-001eea14-pedestrian-00007,False,644.8002104831644,True,True,66.24999999999838,84.69999999999733,18.44999999999895,True,True,False,0.1,False,False,,0.42500000000000027
Rule Controller,2026004,ae3c4174f1b3f564,seed-2026004-scenario-00008,truck,mixed,sim-001eea14-truck-00008,sim-001eea14-truck-00008|sim-001eea14-left-traffic-00008,True,748.5459247292545,True,True,122.39999999999519,,,False,False,False,0.0,True,False,3.1158777360167003,3.2503788184844082
Rule Controller,2026004,ae3c4174f1b3f564,seed-2026004-scenario-00010,pedestrian,pedestrian,sim-001eea14-pedestrian-00010,sim-001eea14-pedestrian-00010,False,917.2219249167458,True,True,98.14999999999657,114.34999999999565,16.19999999999908,True,True,False,0.1,False,False,2.965007336342701,5.3312738431136495
Rule Controller,2026004,ae3c4174f1b3f564,seed-2026004-scenario-00011,truck,truck,sim-001eea14-truck-00011,sim-001eea14-truck-00011,False,1004.6072401119743,True,True,123.14999999999515,140.19999999999763,17.050000000002484,True,True,False,2.3,False,False,4.41264694935326,3.1502327340050593
Rule Controller,2026004,ae3c4174f1b3f564,seed-2026004-scenario-00013,truck,truck,sim-001eea14-truck-00013,sim-001eea14-truck-00013,False,1183.215319309617,True,True,131.64999999999569,,,False,False,False,0.0,False,False,12.423461597113743,60.914105361746856
Rule Controller,2026004,ae3c4174f1b3f564,seed-2026004-scenario-00014,pedestrian,pedestrian,sim-001eea14-pedestrian-00014,sim-001eea14-pedestrian-00014,False,1260.9863522806052,True,True,133.19999999999604,154.50000000000088,21.300000000004843,True,True,False,0.1,False,False,,0.42500000000000027
Rule Controller,2026004,ae3c4174f1b3f564,seed-2026004-scenario-00015,slow_car,slow_car,sim-001eea14-slow-car-00015,sim-001eea14-slow-car-00015,False,1359.1376621389866,True,True,163.65000000000296,211.7500000000139,48.10000000001094,True,True,False,0.0,True,False,3.237294955392155,3.3926796387810847
Rule Controller,2026004,ae3c4174f1b3f564,seed-2026004-scenario-00016,stopped_car,stopped_car,sim-001eea14-stopped-car-00016,sim-001eea14-stopped-car-00016,False,1447.1813723497364,True,True,162.15000000000262,182.50000000000725,20.350000000004627,True,False,False,5.09999999999999,True,True,3.002799479858474,3.1111650525359917
Rule Controller,2026004,ae3c4174f1b3f564,seed-2026004-scenario-00017,truck,truck,sim-001eea14-truck-00017,sim-001eea14-truck-00017,False,1517.652194448584,True,True,210.4000000000136,252.05000000002306,41.65000000000947,True,True,False,3.049999999999997,True,True,7.406474376703561,3.081702160618107
Rule Controller,2026004,ae3c4174f1b3f564,seed-2026004-scenario-00018,slow_car,mixed,sim-001eea14-slow-car-00018,sim-001eea14-slow-car-00018|sim-001eea14-left-traffic-00018,True,1600.2385996000107,True,True,223.2000000000165,285.10000000003055,61.900000000014046,True,True,False,0.0,True,True,0.13047924365484748,-1.875
Rule Controller,2026004,ae3c4174f1b3f564,seed-2026004-scenario-00020,slow_car,mixed,sim-001eea14-slow-car-00020,sim-001eea14-slow-car-00020|sim-001eea14-left-traffic-00020,True,1794.7051648307477,True,True,226.55000000001726,272.5000000000277,45.95000000001042,True,True,False,0.0,False,False,0.8614835629612969,-1.875
Rule Controller,2026004,ae3c4174f1b3f564,seed-2026004-scenario-00021,truck,truck,sim-001eea14-truck-00021,sim-001eea14-truck-00021,False,1877.5036200200816,False,False,,,,False,False,False,0.0,False,False,,
Rule Controller,2026004,ae3c4174f1b3f564,seed-2026004-scenario-00022,pedestrian,pedestrian,sim-001eea14-pedestrian-00022,sim-001eea14-pedestrian-00022,False,1964.431553799992,True,True,247.350000000022,265.85000000002617,18.500000000004178,True,True,False,0.1,False,False,,0.42500000000000027
Rule Controller,2026004,ae3c4174f1b3f564,seed-2026004-scenario-00023,slow_car,slow_car,sim-001eea14-slow-car-00023,sim-001eea14-slow-car-00023,False,2071.4724745848844,True,False,276.35000000002856,,,False,False,False,0.0,False,False,4.881979219337334,3.4003198290108028
Rule Controller,2026004,ae3c4174f1b3f564,seed-2026004-scenario-00025,slow_car,slow_car,sim-001eea14-slow-car-00025,sim-001eea14-slow-car-00025,False,2251.148743118115,True,False,284.30000000003037,,,False,False,False,0.0,False,False,,53.48228143038151
Rule Controller,2026004,ae3c4174f1b3f564,seed-2026004-scenario-00027,stopped_car,mixed,sim-001eea14-stopped-car-00027,sim-001eea14-stopped-car-00027|sim-001eea14-left-traffic-00027,True,2448.3576356765902,False,False,,,,False,False,False,0.0,False,False,,
Rule Controller,2026004,ae3c4174f1b3f564,seed-2026004-scenario-00028,pedestrian,pedestrian,sim-001eea14-pedestrian-00028,sim-001eea14-pedestrian-00028,False,2546.256144226102,False,False,,,,False,False,False,0.0,False,False,,
Rule Controller,2026004,ae3c4174f1b3f564,seed-2026004-scenario-00029,truck,truck,sim-001eea14-truck-00029,sim-001eea14-truck-00029,False,2647.549380426822,False,False,,,,False,False,False,0.0,False,False,,
Rule Controller,2026004,ae3c4174f1b3f564,seed-2026004-scenario-00030,pedestrian,pedestrian,sim-001eea14-pedestrian-00030,sim-001eea14-pedestrian-00030,False,2738.8280444761613,False,False,,,,False,False,False,0.0,False,False,,
Rule Controller,2026004,ae3c4174f1b3f564,seed-2026004-scenario-00031,slow_car,slow_car,sim-001eea14-slow-car-00031,sim-001eea14-slow-car-00031,False,2842.9193441915036,False,False,,,,False,False,False,0.0,False,False,,
Rule Controller,2026004,ae3c4174f1b3f564,seed-2026004-scenario-00032,slow_car,mixed,sim-001eea14-slow-car-00032,sim-001eea14-slow-car-00032|sim-001eea14-left-traffic-00032,True,2935.354683510887,False,False,,,,False,False,False,0.0,False,False,,
Rule Controller,2026004,ae3c4174f1b3f564,seed-2026004-scenario-00033,stopped_car,mixed,sim-001eea14-stopped-car-00033,sim-001eea14-stopped-car-00033|sim-001eea14-left-traffic-00033,True,3013.0953125363208,False,False,,,,False,False,False,0.0,False,False,,
Rule Controller,2026004,ae3c4174f1b3f564,seed-2026004-scenario-00035,truck,truck,sim-001eea14-truck-00035,sim-001eea14-truck-00035,False,3217.5588314687293,False,False,,,,False,False,False,0.0,False,False,,
Rule Controller,2026004,ae3c4174f1b3f564,seed-2026004-scenario-00036,truck,truck,sim-001eea14-truck-00036,sim-001eea14-truck-00036,False,3308.7818853477697,False,False,,,,False,False,False,0.0,False,False,,
Rule Controller,2026004,ae3c4174f1b3f564,seed-2026004-scenario-00037,pedestrian,pedestrian,sim-001eea14-pedestrian-00037,sim-001eea14-pedestrian-00037,False,3386.386802755682,False,False,,,,False,False,False,0.0,False,False,,
Rule Controller,2026004,ae3c4174f1b3f564,seed-2026004-scenario-00038,truck,mixed,sim-001eea14-truck-00038,sim-001eea14-truck-00038|sim-001eea14-left-traffic-00038,True,3458.012504497405,False,False,,,,False,False,False,0.0,False,False,,
Rule Controller,2026004,ae3c4174f1b3f564,seed-2026004-scenario-00039,stopped_car,mixed,sim-001eea14-stopped-car-00039,sim-001eea14-stopped-car-00039|sim-001eea14-left-traffic-00039,True,3564.0231795542873,False,False,,,,False,False,False,0.0,False,False,,
Rule Controller,2026004,ae3c4174f1b3f564,seed-2026004-scenario-00040,stopped_car,stopped_car,sim-001eea14-stopped-car-00040,sim-001eea14-stopped-car-00040,False,3649.408380763916,False,False,,,,False,False,False,0.0,False,False,,
Rule Controller,2026004,ae3c4174f1b3f564,seed-2026004-scenario-00041,slow_car,slow_car,sim-001eea14-slow-car-00041,sim-001eea14-slow-car-00041,False,3718.5042793228376,False,False,,,,False,False,False,0.0,False,False,,
Rule Controller,2026004,ae3c4174f1b3f564,seed-2026004-scenario-00043,pedestrian,pedestrian,sim-001eea14-pedestrian-00043,sim-001eea14-pedestrian-00043,False,3903.891674546669,False,False,,,,False,False,False,0.0,False,False,,
Rule Controller,2026004,ae3c4174f1b3f564,seed-2026004-scenario-00044,stopped_car,mixed,sim-001eea14-stopped-car-00044,sim-001eea14-stopped-car-00044|sim-001eea14-left-traffic-00044,True,3996.509822546501,False,False,,,,False,False,False,0.0,False,False,,
Rule Controller,2026004,ae3c4174f1b3f564,seed-2026004-scenario-00045,slow_car,slow_car,sim-001eea14-slow-car-00045,sim-001eea14-slow-car-00045,False,4101.288066699282,False,False,,,,False,False,False,0.0,False,False,,
Rule Controller,2026004,ae3c4174f1b3f564,seed-2026004-scenario-00046,stopped_car,mixed,sim-001eea14-stopped-car-00046,sim-001eea14-stopped-car-00046|sim-001eea14-left-traffic-00046,True,4196.131711786693,False,False,,,,False,False,False,0.0,False,False,,
Rule Controller,2026004,ae3c4174f1b3f564,seed-2026004-scenario-00047,stopped_car,mixed,sim-001eea14-stopped-car-00047,sim-001eea14-stopped-car-00047|sim-001eea14-left-traffic-00047,True,4269.666351661457,False,False,,,,False,False,False,0.0,False,False,,
Rule Controller,2026004,ae3c4174f1b3f564,seed-2026004-scenario-00048,slow_car,mixed,sim-001eea14-slow-car-00048,sim-001eea14-slow-car-00048|sim-001eea14-left-traffic-00048,True,4350.063196000513,False,False,,,,False,False,False,0.0,False,False,,
Hybrid ML Controller,2026004,ae3c4174f1b3f564,seed-2026004-scenario-00000,stopped_car,mixed,sim-001eea14-stopped-car-00000,sim-001eea14-stopped-car-00000|sim-001eea14-left-traffic-00000,True,72.65895557357362,True,True,0.05,11.700000000000031,11.65000000000003,True,True,False,0.0,True,True,0.5467145433241501,-1.875
Hybrid ML Controller,2026004,ae3c4174f1b3f564,seed-2026004-scenario-00001,pedestrian,pedestrian,sim-001eea14-pedestrian-00001,sim-001eea14-pedestrian-00001,False,164.81622666580088,True,True,12.100000000000037,29.95000000000029,17.850000000000254,True,True,False,0.1,False,False,,0.42500000000000027
Hybrid ML Controller,2026004,ae3c4174f1b3f564,seed-2026004-scenario-00002,slow_car,slow_car,sim-001eea14-slow-car-00002,sim-001eea14-slow-car-00002,False,264.4002637435568,True,True,54.89999999999902,110.59999999999586,55.69999999999684,True,False,True,0.0,False,False,,1.1999999999999549
Hybrid ML Controller,2026004,ae3c4174f1b3f564,seed-2026004-scenario-00003,slow_car,mixed,sim-001eea14-slow-car-00003,sim-001eea14-slow-car-00003|sim-001eea14-left-traffic-00003,True,339.31391855599867,True,True,45.59999999999955,73.94999999999794,28.349999999998396,True,True,False,2.9499999999999975,False,False,3.7722174701323152,-1.875
Hybrid ML Controller,2026004,ae3c4174f1b3f564,seed-2026004-scenario-00004,truck,truck,sim-001eea14-truck-00004,sim-001eea14-truck-00004,False,422.9905709477787,True,True,52.299999999999166,77.39999999999775,25.09999999999858,True,True,False,2.549999999999999,False,False,,3.3
Hybrid ML Controller,2026004,ae3c4174f1b3f564,seed-2026004-scenario-00005,pedestrian,pedestrian,sim-001eea14-pedestrian-00005,sim-001eea14-pedestrian-00005,False,493.6516980052869,True,True,53.24999999999911,69.54999999999819,16.29999999999908,True,True,False,0.1,False,False,,0.42500000000000027
Hybrid ML Controller,2026004,ae3c4174f1b3f564,seed-2026004-scenario-00006,stopped_car,stopped_car,sim-001eea14-stopped-car-00006,sim-001eea14-stopped-car-00006,False,563.5651354281844,True,True,66.49999999999837,74.6999999999979,8.199999999999534,True,True,False,0.0,False,False,,3.625
Hybrid ML Controller,2026004,ae3c4174f1b3f564,seed-2026004-scenario-00007,pedestrian,pedestrian,sim-001eea14-pedestrian-00007,sim-001eea14-pedestrian-00007,False,644.8002104831644,True,True,74.29999999999792,92.74999999999687,18.44999999999895,True,True,False,0.1,False,False,,0.42500000000000027
Hybrid ML Controller,2026004,ae3c4174f1b3f564,seed-2026004-scenario-00008,truck,mixed,sim-001eea14-truck-00008,sim-001eea14-truck-00008|sim-001eea14-left-traffic-00008,True,748.5459247292545,True,True,157.40000000000154,,,False,False,False,0.0,False,False,6.451209626691782,38.74079748661798
Hybrid ML Controller,2026004,ae3c4174f1b3f564,seed-2026004-scenario-00010,pedestrian,pedestrian,sim-001eea14-pedestrian-00010,sim-001eea14-pedestrian-00010,False,917.2219249167458,True,True,106.19999999999611,123.9999999999951,17.799999999998988,True,True,False,0.1,False,False,4.590177501889597,5.925000000000001
Hybrid ML Controller,2026004,ae3c4174f1b3f564,seed-2026004-scenario-00011,truck,truck,sim-001eea14-truck-00011,sim-001eea14-truck-00011,False,1004.6072401119743,True,True,141.3999999999979,180.60000000000682,39.20000000000891,True,True,False,0.0,True,False,16.718689213111844,3.3
Hybrid ML Controller,2026004,ae3c4174f1b3f564,seed-2026004-scenario-00013,truck,truck,sim-001eea14-truck-00013,sim-001eea14-truck-00013,False,1183.215319309617,False,False,,,,False,False,False,0.0,False,False,,
Hybrid ML Controller,2026004,ae3c4174f1b3f564,seed-2026004-scenario-00014,pedestrian,pedestrian,sim-001eea14-pedestrian-00014,sim-001eea14-pedestrian-00014,False,1260.9863522806052,True,True,152.3500000000004,171.95000000000485,19.600000000004457,True,True,False,0.1,False,False,,0.42500000000000027
Hybrid ML Controller,2026004,ae3c4174f1b3f564,seed-2026004-scenario-00015,slow_car,slow_car,sim-001eea14-slow-car-00015,sim-001eea14-slow-car-00015,False,1359.1376621389866,True,True,179.80000000000663,211.3500000000138,31.550000000007174,True,False,True,0.0,True,False,0.995343118182166,1.1999999999999549
Hybrid ML Controller,2026004,ae3c4174f1b3f564,seed-2026004-scenario-00016,stopped_car,stopped_car,sim-001eea14-stopped-car-00016,sim-001eea14-stopped-car-00016,False,1447.1813723497364,True,True,179.2000000000065,192.4000000000095,13.200000000003001,True,False,True,4.099999999999993,True,True,0.4205720725115975,1.1728129793261663
Hybrid ML Controller,2026004,ae3c4174f1b3f564,seed-2026004-scenario-00017,truck,truck,sim-001eea14-truck-00017,sim-001eea14-truck-00017,False,1517.652194448584,True,True,199.25000000001106,246.0500000000217,46.80000000001064,True,True,False,0.0,True,False,4.50521262665661,2.923235116157839
Hybrid ML Controller,2026004,ae3c4174f1b3f564,seed-2026004-scenario-00018,slow_car,mixed,sim-001eea14-slow-car-00018,sim-001eea14-slow-car-00018|sim-001eea14-left-traffic-00018,True,1600.2385996000107,True,True,247.60000000002205,,,False,False,False,0.0,False,False,7.912899642086624,-0.43880928528981755
Hybrid ML Controller,2026004,ae3c4174f1b3f564,seed-2026004-scenario-00020,slow_car,mixed,sim-001eea14-slow-car-00020,sim-001eea14-slow-car-00020|sim-001eea14-left-traffic-00020,True,1794.7051648307477,True,True,245.90000000002166,284.30000000003037,38.4000000000087,True,True,False,0.0,True,False,8.797862193689037,0.732541036136676
Hybrid ML Controller,2026004,ae3c4174f1b3f564,seed-2026004-scenario-00021,truck,truck,sim-001eea14-truck-00021,sim-001eea14-truck-00021,False,1877.5036200200816,False,False,,,,False,False,False,0.0,False,False,,
Hybrid ML Controller,2026004,ae3c4174f1b3f564,seed-2026004-scenario-00022,pedestrian,pedestrian,sim-001eea14-pedestrian-00022,sim-001eea14-pedestrian-00022,False,1964.431553799992,True,True,252.6500000000232,272.75000000002774,20.100000000004542,True,True,False,0.1,False,False,4.286290478484022,1.6939065639600348
Hybrid ML Controller,2026004,ae3c4174f1b3f564,seed-2026004-scenario-00023,slow_car,slow_car,sim-001eea14-slow-car-00023,sim-001eea14-slow-car-00023,False,2071.4724745848844,True,False,291.9000000000321,,,False,False,False,0.0,False,False,11.609582264024137,41.73211210572335
Hybrid ML Controller,2026004,ae3c4174f1b3f564,seed-2026004-scenario-00025,slow_car,slow_car,sim-001eea14-slow-car-00025,sim-001eea14-slow-car-00025,False,2251.148743118115,False,False,,,,False,False,False,0.0,False,False,,
Hybrid ML Controller,2026004,ae3c4174f1b3f564,seed-2026004-scenario-00027,stopped_car,mixed,sim-001eea14-stopped-car-00027,sim-001eea14-stopped-car-00027|sim-001eea14-left-traffic-00027,True,2448.3576356765902,False,False,,,,False,False,False,0.0,False,False,,
Hybrid ML Controller,2026004,ae3c4174f1b3f564,seed-2026004-scenario-00028,pedestrian,pedestrian,sim-001eea14-pedestrian-00028,sim-001eea14-pedestrian-00028,False,2546.256144226102,False,False,,,,False,False,False,0.0,False,False,,
Hybrid ML Controller,2026004,ae3c4174f1b3f564,seed-2026004-scenario-00029,truck,truck,sim-001eea14-truck-00029,sim-001eea14-truck-00029,False,2647.549380426822,False,False,,,,False,False,False,0.0,False,False,,
Hybrid ML Controller,2026004,ae3c4174f1b3f564,seed-2026004-scenario-00030,pedestrian,pedestrian,sim-001eea14-pedestrian-00030,sim-001eea14-pedestrian-00030,False,2738.8280444761613,False,False,,,,False,False,False,0.0,False,False,,
Hybrid ML Controller,2026004,ae3c4174f1b3f564,seed-2026004-scenario-00031,slow_car,slow_car,sim-001eea14-slow-car-00031,sim-001eea14-slow-car-00031,False,2842.9193441915036,False,False,,,,False,False,False,0.0,False,False,,
Hybrid ML Controller,2026004,ae3c4174f1b3f564,seed-2026004-scenario-00032,slow_car,mixed,sim-001eea14-slow-car-00032,sim-001eea14-slow-car-00032|sim-001eea14-left-traffic-00032,True,2935.354683510887,False,False,,,,False,False,False,0.0,False,False,,
Hybrid ML Controller,2026004,ae3c4174f1b3f564,seed-2026004-scenario-00033,stopped_car,mixed,sim-001eea14-stopped-car-00033,sim-001eea14-stopped-car-00033|sim-001eea14-left-traffic-00033,True,3013.0953125363208,False,False,,,,False,False,False,0.0,False,False,,
Hybrid ML Controller,2026004,ae3c4174f1b3f564,seed-2026004-scenario-00035,truck,truck,sim-001eea14-truck-00035,sim-001eea14-truck-00035,False,3217.5588314687293,False,False,,,,False,False,False,0.0,False,False,,
Hybrid ML Controller,2026004,ae3c4174f1b3f564,seed-2026004-scenario-00036,truck,truck,sim-001eea14-truck-00036,sim-001eea14-truck-00036,False,3308.7818853477697,False,False,,,,False,False,False,0.0,False,False,,
Hybrid ML Controller,2026004,ae3c4174f1b3f564,seed-2026004-scenario-00037,pedestrian,pedestrian,sim-001eea14-pedestrian-00037,sim-001eea14-pedestrian-00037,False,3386.386802755682,False,False,,,,False,False,False,0.0,False,False,,
Hybrid ML Controller,2026004,ae3c4174f1b3f564,seed-2026004-scenario-00038,truck,mixed,sim-001eea14-truck-00038,sim-001eea14-truck-00038|sim-001eea14-left-traffic-00038,True,3458.012504497405,False,False,,,,False,False,False,0.0,False,False,,
Hybrid ML Controller,2026004,ae3c4174f1b3f564,seed-2026004-scenario-00039,stopped_car,mixed,sim-001eea14-stopped-car-00039,sim-001eea14-stopped-car-00039|sim-001eea14-left-traffic-00039,True,3564.0231795542873,False,False,,,,False,False,False,0.0,False,False,,
Hybrid ML Controller,2026004,ae3c4174f1b3f564,seed-2026004-scenario-00040,stopped_car,stopped_car,sim-001eea14-stopped-car-00040,sim-001eea14-stopped-car-00040,False,3649.408380763916,False,False,,,,False,False,False,0.0,False,False,,
Hybrid ML Controller,2026004,ae3c4174f1b3f564,seed-2026004-scenario-00041,slow_car,slow_car,sim-001eea14-slow-car-00041,sim-001eea14-slow-car-00041,False,3718.5042793228376,False,False,,,,False,False,False,0.0,False,False,,
Hybrid ML Controller,2026004,ae3c4174f1b3f564,seed-2026004-scenario-00043,pedestrian,pedestrian,sim-001eea14-pedestrian-00043,sim-001eea14-pedestrian-00043,False,3903.891674546669,False,False,,,,False,False,False,0.0,False,False,,
Hybrid ML Controller,2026004,ae3c4174f1b3f564,seed-2026004-scenario-00044,stopped_car,mixed,sim-001eea14-stopped-car-00044,sim-001eea14-stopped-car-00044|sim-001eea14-left-traffic-00044,True,3996.509822546501,False,False,,,,False,False,False,0.0,False,False,,
Hybrid ML Controller,2026004,ae3c4174f1b3f564,seed-2026004-scenario-00045,slow_car,slow_car,sim-001eea14-slow-car-00045,sim-001eea14-slow-car-00045,False,4101.288066699282,False,False,,,,False,False,False,0.0,False,False,,
Hybrid ML Controller,2026004,ae3c4174f1b3f564,seed-2026004-scenario-00046,stopped_car,mixed,sim-001eea14-stopped-car-00046,sim-001eea14-stopped-car-00046|sim-001eea14-left-traffic-00046,True,4196.131711786693,False,False,,,,False,False,False,0.0,False,False,,
Hybrid ML Controller,2026004,ae3c4174f1b3f564,seed-2026004-scenario-00047,stopped_car,mixed,sim-001eea14-stopped-car-00047,sim-001eea14-stopped-car-00047|sim-001eea14-left-traffic-00047,True,4269.666351661457,False,False,,,,False,False,False,0.0,False,False,,
Hybrid ML Controller,2026004,ae3c4174f1b3f564,seed-2026004-scenario-00048,slow_car,mixed,sim-001eea14-slow-car-00048,sim-001eea14-slow-car-00048|sim-001eea14-left-traffic-00048,True,4350.063196000513,False,False,,,,False,False,False,0.0,False,False,,
Rule Controller,2026005,fb010e6d5160d8ca,seed-2026005-scenario-00000,truck,mixed,sim-001eea15-truck-00000,sim-001eea15-truck-00000|sim-001eea15-left-traffic-00000,True,60.20956748688366,True,True,0.05,13.75000000000006,13.70000000000006,True,True,False,0.0,True,True,4.25565885842831,3.1301908530409985
Rule Controller,2026005,fb010e6d5160d8ca,seed-2026005-scenario-00001,truck,mixed,sim-001eea15-truck-00001,sim-001eea15-truck-00001|sim-001eea15-left-traffic-00001,True,157.41696278166035,True,True,12.35000000000004,43.09999999999969,30.74999999999965,True,False,True,0.0,True,True,4.025804021887581,1.1950000000000047
Rule Controller,2026005,fb010e6d5160d8ca,seed-2026005-scenario-00002,pedestrian,pedestrian,sim-001eea15-pedestrian-00002,sim-001eea15-pedestrian-00002,False,230.69698002581364,True,True,14.700000000000074,33.150000000000254,18.45000000000018,True,True,False,0.1,False,False,8.554631750910346,5.3424680353984115
Rule Controller,2026005,fb010e6d5160d8ca,seed-2026005-scenario-00004,stopped_car,mixed,sim-001eea15-stopped-car-00004,sim-001eea15-stopped-car-00004|sim-001eea15-left-traffic-00004,True,417.8675510054147,True,True,40.44999999999984,,,False,False,True,254.0000000000235,False,False,0.14787816570056447,-1.875
Rule Controller,2026005,fb010e6d5160d8ca,seed-2026005-scenario-00005,pedestrian,pedestrian,sim-001eea15-pedestrian-00005,sim-001eea15-pedestrian-00005,False,523.1516991452304,False,False,,,,False,False,False,0.0,False,False,,
Rule Controller,2026005,fb010e6d5160d8ca,seed-2026005-scenario-00006,stopped_car,stopped_car,sim-001eea15-stopped-car-00006,sim-001eea15-stopped-car-00006,False,602.32034623882,False,False,,,,False,False,False,0.0,False,False,,
Rule Controller,2026005,fb010e6d5160d8ca,seed-2026005-scenario-00007,stopped_car,stopped_car,sim-001eea15-stopped-car-00007,sim-001eea15-stopped-car-00007,False,703.7471057369625,False,False,,,,False,False,False,0.0,False,False,,
Rule Controller,2026005,fb010e6d5160d8ca,seed-2026005-scenario-00008,truck,truck,sim-001eea15-truck-00008,sim-001eea15-truck-00008,False,775.4391456741628,False,False,,,,False,False,False,0.0,False,False,,
Rule Controller,2026005,fb010e6d5160d8ca,seed-2026005-scenario-00009,truck,truck,sim-001eea15-truck-00009,sim-001eea15-truck-00009,False,865.5369062374009,False,False,,,,False,False,False,0.0,False,False,,
Rule Controller,2026005,fb010e6d5160d8ca,seed-2026005-scenario-00010,pedestrian,pedestrian,sim-001eea15-pedestrian-00010,sim-001eea15-pedestrian-00010,False,966.3238321544645,False,False,,,,False,False,False,0.0,False,False,,
Rule Controller,2026005,fb010e6d5160d8ca,seed-2026005-scenario-00011,slow_car,slow_car,sim-001eea15-slow-car-00011,sim-001eea15-slow-car-00011,False,1038.4986684727944,False,False,,,,False,False,False,0.0,False,False,,
Rule Controller,2026005,fb010e6d5160d8ca,seed-2026005-scenario-00012,slow_car,slow_car,sim-001eea15-slow-car-00012,sim-001eea15-slow-car-00012,False,1140.5285461623664,False,False,,,,False,False,False,0.0,False,False,,
Rule Controller,2026005,fb010e6d5160d8ca,seed-2026005-scenario-00013,pedestrian,pedestrian,sim-001eea15-pedestrian-00013,sim-001eea15-pedestrian-00013,False,1219.0056945738656,False,False,,,,False,False,False,0.0,False,False,,
Rule Controller,2026005,fb010e6d5160d8ca,seed-2026005-scenario-00015,truck,truck,sim-001eea15-truck-00015,sim-001eea15-truck-00015,False,1394.1340933801955,False,False,,,,False,False,False,0.0,False,False,,
Rule Controller,2026005,fb010e6d5160d8ca,seed-2026005-scenario-00016,stopped_car,stopped_car,sim-001eea15-stopped-car-00016,sim-001eea15-stopped-car-00016,False,1481.8064993973646,False,False,,,,False,False,False,0.0,False,False,,
Rule Controller,2026005,fb010e6d5160d8ca,seed-2026005-scenario-00017,slow_car,mixed,sim-001eea15-slow-car-00017,sim-001eea15-slow-car-00017|sim-001eea15-left-traffic-00017,True,1565.5108087026172,False,False,,,,False,False,False,0.0,False,False,,
Rule Controller,2026005,fb010e6d5160d8ca,seed-2026005-scenario-00019,pedestrian,pedestrian,sim-001eea15-pedestrian-00019,sim-001eea15-pedestrian-00019,False,1774.3544631641753,False,False,,,,False,False,False,0.0,False,False,,
Rule Controller,2026005,fb010e6d5160d8ca,seed-2026005-scenario-00020,stopped_car,mixed,sim-001eea15-stopped-car-00020,sim-001eea15-stopped-car-00020|sim-001eea15-left-traffic-00020,True,1853.0146529123606,False,False,,,,False,False,False,0.0,False,False,,
Rule Controller,2026005,fb010e6d5160d8ca,seed-2026005-scenario-00021,truck,truck,sim-001eea15-truck-00021,sim-001eea15-truck-00021,False,1927.6505112961902,False,False,,,,False,False,False,0.0,False,False,,
Rule Controller,2026005,fb010e6d5160d8ca,seed-2026005-scenario-00022,stopped_car,mixed,sim-001eea15-stopped-car-00022,sim-001eea15-stopped-car-00022|sim-001eea15-left-traffic-00022,True,2000.6314031419383,False,False,,,,False,False,False,0.0,False,False,,
Rule Controller,2026005,fb010e6d5160d8ca,seed-2026005-scenario-00023,slow_car,mixed,sim-001eea15-slow-car-00023,sim-001eea15-slow-car-00023|sim-001eea15-left-traffic-00023,True,2103.743891465495,False,False,,,,False,False,False,0.0,False,False,,
Rule Controller,2026005,fb010e6d5160d8ca,seed-2026005-scenario-00024,truck,truck,sim-001eea15-truck-00024,sim-001eea15-truck-00024,False,2191.57237943279,False,False,,,,False,False,False,0.0,False,False,,
Rule Controller,2026005,fb010e6d5160d8ca,seed-2026005-scenario-00025,pedestrian,pedestrian,sim-001eea15-pedestrian-00025,sim-001eea15-pedestrian-00025,False,2285.5223721230327,False,False,,,,False,False,False,0.0,False,False,,
Rule Controller,2026005,fb010e6d5160d8ca,seed-2026005-scenario-00026,pedestrian,pedestrian,sim-001eea15-pedestrian-00026,sim-001eea15-pedestrian-00026,False,2390.9298645632616,False,False,,,,False,False,False,0.0,False,False,,
Rule Controller,2026005,fb010e6d5160d8ca,seed-2026005-scenario-00028,stopped_car,stopped_car,sim-001eea15-stopped-car-00028,sim-001eea15-stopped-car-00028,False,2590.4885070768796,False,False,,,,False,False,False,0.0,False,False,,
Rule Controller,2026005,fb010e6d5160d8ca,seed-2026005-scenario-00029,truck,truck,sim-001eea15-truck-00029,sim-001eea15-truck-00029,False,2692.685210156969,False,False,,,,False,False,False,0.0,False,False,,
Rule Controller,2026005,fb010e6d5160d8ca,seed-2026005-scenario-00030,pedestrian,pedestrian,sim-001eea15-pedestrian-00030,sim-001eea15-pedestrian-00030,False,2791.7169933013447,False,False,,,,False,False,False,0.0,False,False,,
Rule Controller,2026005,fb010e6d5160d8ca,seed-2026005-scenario-00031,pedestrian,pedestrian,sim-001eea15-pedestrian-00031,sim-001eea15-pedestrian-00031,False,2880.4917058744404,False,False,,,,False,False,False,0.0,False,False,,
Rule Controller,2026005,fb010e6d5160d8ca,seed-2026005-scenario-00032,slow_car,slow_car,sim-001eea15-slow-car-00032,sim-001eea15-slow-car-00032,False,2974.0205489437476,False,False,,,,False,False,False,0.0,False,False,,
Rule Controller,2026005,fb010e6d5160d8ca,seed-2026005-scenario-00033,slow_car,slow_car,sim-001eea15-slow-car-00033,sim-001eea15-slow-car-00033,False,3046.0528853123533,False,False,,,,False,False,False,0.0,False,False,,
Rule Controller,2026005,fb010e6d5160d8ca,seed-2026005-scenario-00034,truck,truck,sim-001eea15-truck-00034,sim-001eea15-truck-00034,False,3126.626134931306,False,False,,,,False,False,False,0.0,False,False,,
Rule Controller,2026005,fb010e6d5160d8ca,seed-2026005-scenario-00035,stopped_car,stopped_car,sim-001eea15-stopped-car-00035,sim-001eea15-stopped-car-00035,False,3218.0870299255575,False,False,,,,False,False,False,0.0,False,False,,
Rule Controller,2026005,fb010e6d5160d8ca,seed-2026005-scenario-00036,truck,mixed,sim-001eea15-truck-00036,sim-001eea15-truck-00036|sim-001eea15-left-traffic-00036,True,3291.3230621594503,False,False,,,,False,False,False,0.0,False,False,,
Rule Controller,2026005,fb010e6d5160d8ca,seed-2026005-scenario-00037,pedestrian,pedestrian,sim-001eea15-pedestrian-00037,sim-001eea15-pedestrian-00037,False,3384.4307636918497,False,False,,,,False,False,False,0.0,False,False,,
Rule Controller,2026005,fb010e6d5160d8ca,seed-2026005-scenario-00038,slow_car,slow_car,sim-001eea15-slow-car-00038,sim-001eea15-slow-car-00038,False,3489.66593865243,False,False,,,,False,False,False,0.0,False,False,,
Rule Controller,2026005,fb010e6d5160d8ca,seed-2026005-scenario-00039,slow_car,slow_car,sim-001eea15-slow-car-00039,sim-001eea15-slow-car-00039,False,3587.044938964519,False,False,,,,False,False,False,0.0,False,False,,
Rule Controller,2026005,fb010e6d5160d8ca,seed-2026005-scenario-00040,truck,truck,sim-001eea15-truck-00040,sim-001eea15-truck-00040,False,3687.20832275533,False,False,,,,False,False,False,0.0,False,False,,
Rule Controller,2026005,fb010e6d5160d8ca,seed-2026005-scenario-00041,stopped_car,stopped_car,sim-001eea15-stopped-car-00041,sim-001eea15-stopped-car-00041,False,3772.464654311844,False,False,,,,False,False,False,0.0,False,False,,
Rule Controller,2026005,fb010e6d5160d8ca,seed-2026005-scenario-00042,truck,mixed,sim-001eea15-truck-00042,sim-001eea15-truck-00042|sim-001eea15-left-traffic-00042,True,3856.717021350158,False,False,,,,False,False,False,0.0,False,False,,
Rule Controller,2026005,fb010e6d5160d8ca,seed-2026005-scenario-00043,pedestrian,pedestrian,sim-001eea15-pedestrian-00043,sim-001eea15-pedestrian-00043,False,3952.481099781323,False,False,,,,False,False,False,0.0,False,False,,
Rule Controller,2026005,fb010e6d5160d8ca,seed-2026005-scenario-00044,stopped_car,mixed,sim-001eea15-stopped-car-00044,sim-001eea15-stopped-car-00044|sim-001eea15-left-traffic-00044,True,4037.3407161204564,False,False,,,,False,False,False,0.0,False,False,,
Rule Controller,2026005,fb010e6d5160d8ca,seed-2026005-scenario-00045,pedestrian,pedestrian,sim-001eea15-pedestrian-00045,sim-001eea15-pedestrian-00045,False,4121.08993813682,False,False,,,,False,False,False,0.0,False,False,,
Rule Controller,2026005,fb010e6d5160d8ca,seed-2026005-scenario-00046,slow_car,mixed,sim-001eea15-slow-car-00046,sim-001eea15-slow-car-00046|sim-001eea15-left-traffic-00046,True,4227.497500982022,False,False,,,,False,False,False,0.0,False,False,,
Rule Controller,2026005,fb010e6d5160d8ca,seed-2026005-scenario-00047,pedestrian,pedestrian,sim-001eea15-pedestrian-00047,sim-001eea15-pedestrian-00047,False,4334.130227388592,False,False,,,,False,False,False,0.0,False,False,,
Hybrid ML Controller,2026005,fb010e6d5160d8ca,seed-2026005-scenario-00000,truck,mixed,sim-001eea15-truck-00000,sim-001eea15-truck-00000|sim-001eea15-left-traffic-00000,True,60.20956748688366,True,True,0.05,15.350000000000083,15.300000000000082,True,True,False,0.0,True,True,6.513551050925727,1.166372082407667
Hybrid ML Controller,2026005,fb010e6d5160d8ca,seed-2026005-scenario-00001,truck,mixed,sim-001eea15-truck-00001,sim-001eea15-truck-00001|sim-001eea15-left-traffic-00001,True,157.41696278166035,True,True,14.050000000000065,44.749999999999595,30.69999999999953,True,True,False,0.0,False,False,0.27341156512820447,-1.875
Hybrid ML Controller,2026005,fb010e6d5160d8ca,seed-2026005-scenario-00002,pedestrian,pedestrian,sim-001eea15-pedestrian-00002,sim-001eea15-pedestrian-00002,False,230.69698002581364,True,True,15.700000000000088,34.1500000000002,18.45000000000011,True,True,False,0.1,False,False,,0.42500000000000027
Hybrid ML Controller,2026005,fb010e6d5160d8ca,seed-2026005-scenario-00004,stopped_car,mixed,sim-001eea15-stopped-car-00004,sim-001eea15-stopped-car-00004|sim-001eea15-left-traffic-00004,True,417.8675510054147,True,True,41.44999999999978,47.749999999999424,6.299999999999642,True,True,False,0.0,False,False,23.741155239423545,1.1573664190202695
Hybrid ML Controller,2026005,fb010e6d5160d8ca,seed-2026005-scenario-00005,pedestrian,pedestrian,sim-001eea15-pedestrian-00005,sim-001eea15-pedestrian-00005,False,523.1516991452304,True,True,49.04999999999935,65.24999999999844,16.199999999999086,True,True,False,0.1,False,False,3.3789430736731227,5.224199145233683
Hybrid ML Controller,2026005,fb010e6d5160d8ca,seed-2026005-scenario-00006,stopped_car,stopped_car,sim-001eea15-stopped-car-00006,sim-001eea15-stopped-car-00006,False,602.32034623882,True,True,63.899999999998506,71.99999999999805,8.099999999999547,True,True,False,0.0,True,False,2.7412584420019237,3.0766724341845055
Hybrid ML Controller,2026005,fb010e6d5160d8ca,seed-2026005-scenario-00007,stopped_car,stopped_car,sim-001eea15-stopped-car-00007,sim-001eea15-stopped-car-00007,False,703.7471057369625,True,True,73.24999999999798,90.99999999999697,17.74999999999899,True,False,True,6.399999999999985,True,True,1.7475439498961958,1.1565072416549367
Hybrid ML Controller,2026005,fb010e6d5160d8ca,seed-2026005-scenario-00008,truck,truck,sim-001eea15-truck-00008,sim-001eea15-truck-00008,False,775.4391456741628,True,True,136.89999999999688,182.65000000000728,45.7500000000104,True,True,False,0.0,False,False,8.715278531210355,3.3
Hybrid ML Controller,2026005,fb010e6d5160d8ca,seed-2026005-scenario-00009,truck,truck,sim-001eea15-truck-00009,sim-001eea15-truck-00009,False,865.5369062374009,True,True,105.64999999999614,136.39999999999677,30.750000000000625,True,True,False,0.0,True,True,4.340735336904576,3.3
Hybrid ML Controller,2026005,fb010e6d5160d8ca,seed-2026005-scenario-00010,pedestrian,pedestrian,sim-001eea15-pedestrian-00010,sim-001eea15-pedestrian-00010,False,966.3238321544645,True,True,107.999999999996,125.04999999999504,17.04999999999903,True,True,False,0.1,False,False,,0.42500000000000027
Hybrid ML Controller,2026005,fb010e6d5160d8ca,seed-2026005-scenario-00011,slow_car,slow_car,sim-001eea15-slow-car-00011,sim-001eea15-slow-car-00011,False,1038.4986684727944,True,True,136.44999999999678,169.90000000000438,33.450000000007606,True,True,False,0.0,False,False,1.7173752968830762,1.959564780890028
Hybrid ML Controller,2026005,fb010e6d5160d8ca,seed-2026005-scenario-00012,slow_car,slow_car,sim-001eea15-slow-car-00012,sim-001eea15-slow-car-00012,False,1140.5285461623664,True,True,136.5999999999968,169.90000000000438,33.30000000000757,True,True,False,0.0,True,True,1.696997437811734,1.9363301457083062
Hybrid ML Controller,2026005,fb010e6d5160d8ca,seed-2026005-scenario-00013,pedestrian,pedestrian,sim-001eea15-pedestrian-00013,sim-001eea15-pedestrian-00013,False,1219.0056945738656,True,True,138.49999999999724,157.35000000000153,18.850000000004286,True,True,False,0.1,False,False,,0.42500000000000027
Hybrid ML Controller,2026005,fb010e6d5160d8ca,seed-2026005-scenario-00015,truck,truck,sim-001eea15-truck-00015,sim-001eea15-truck-00015,False,1394.1340933801955,True,True,167.15000000000376,181.8500000000071,14.700000000003342,True,True,False,0.0,False,False,,3.3
Hybrid ML Controller,2026005,fb010e6d5160d8ca,seed-2026005-scenario-00016,stopped_car,stopped_car,sim-001eea15-stopped-car-00016,sim-001eea15-stopped-car-00016,False,1481.8064993973646,True,True,171.3500000000047,180.1500000000067,8.800000000002001,True,True,False,0.0,False,False,,3.625
Hybrid ML Controller,2026005,fb010e6d5160d8ca,seed-2026005-scenario-00017,slow_car,mixed,sim-001eea15-slow-car-00017,sim-001eea15-slow-car-00017|sim-001eea15-left-traffic-00017,True,1565.5108087026172,True,True,185.05000000000783,204.95000000001235,19.900000000004525,True,False,True,2.1000000000000005,True,True,0.3108763727000314,-1.875
Hybrid ML Controller,2026005,fb010e6d5160d8ca,seed-2026005-scenario-00019,pedestrian,pedestrian,sim-001eea15-pedestrian-00019,sim-001eea15-pedestrian-00019,False,1774.3544631641753,True,True,200.3500000000113,219.45000000001565,19.100000000004343,True,True,False,0.1,False,False,,0.42500000000000027
Hybrid ML Controller,2026005,fb010e6d5160d8ca,seed-2026005-scenario-00020,stopped_car,mixed,sim-001eea15-stopped-car-00020,sim-001eea15-stopped-car-00020|sim-001eea15-left-traffic-00020,True,1853.0146529123606,True,True,217.9500000000153,225.30000000001698,7.350000000001671,True,True,False,0.0,False,False,0.11489013163076008,-1.875
Hybrid ML Controller,2026005,fb010e6d5160d8ca,seed-2026005-scenario-00021,truck,truck,sim-001eea15-truck-00021,sim-001eea15-truck-00021,False,1927.6505112961902,True,True,227.6500000000175,238.55000000002,10.900000000002478,True,True,False,0.0,False,False,,3.3
Hybrid ML Controller,2026005,fb010e6d5160d8ca,seed-2026005-scenario-00022,stopped_car,mixed,sim-001eea15-stopped-car-00022,sim-001eea15-stopped-car-00022|sim-001eea15-left-traffic-00022,True,2000.6314031419383,True,True,229.65000000001797,235.9000000000194,6.250000000001421,True,True,False,0.0,False,False,30.616465188365257,3.625
Hybrid ML Controller,2026005,fb010e6d5160d8ca,seed-2026005-scenario-00023,slow_car,mixed,sim-001eea15-slow-car-00023,sim-001eea15-slow-car-00023|sim-001eea15-left-traffic-00023,True,2103.743891465495,True,True,240.10000000002034,250.75000000002277,10.650000000002422,True,True,False,0.9000000000000002,False,False,28.42878360495951,3.625
Hybrid ML Controller,2026005,fb010e6d5160d8ca,seed-2026005-scenario-00024,truck,truck,sim-001eea15-truck-00024,sim-001eea15-truck-00024,False,2191.57237943279,True,True,245.50000000002157,270.7000000000273,25.2000000000057,True,True,False,4.849999999999991,False,False,,3.3
Hybrid ML Controller,2026005,fb010e6d5160d8ca,seed-2026005-scenario-00025,pedestrian,pedestrian,sim-001eea15-pedestrian-00025,sim-001eea15-pedestrian-00025,False,2285.5223721230327,True,True,250.15000000002263,266.7500000000264,16.600000000003746,True,True,False,0.1,False,False,,0.42500000000000027
Hybrid ML Controller,2026005,fb010e6d5160d8ca,seed-2026005-scenario-00026,pedestrian,pedestrian,sim-001eea15-pedestrian-00026,sim-001eea15-pedestrian-00026,False,2390.9298645632616,True,True,268.1500000000267,287.000000000031,18.850000000004286,True,True,False,0.1,False,False,,0.42500000000000027
Hybrid ML Controller,2026005,fb010e6d5160d8ca,seed-2026005-scenario-00028,stopped_car,stopped_car,sim-001eea15-stopped-car-00028,sim-001eea15-stopped-car-00028,False,2590.4885070768796,True,False,296.3500000000331,,,False,False,False,0.0,False,False,,41.311512540563776
Hybrid ML Controller,2026005,fb010e6d5160d8ca,seed-2026005-scenario-00029,truck,truck,sim-001eea15-truck-00029,sim-001eea15-truck-00029,False,2692.685210156969,False,False,,,,False,False,False,0.0,False,False,,
Hybrid ML Controller,2026005,fb010e6d5160d8ca,seed-2026005-scenario-00030,pedestrian,pedestrian,sim-001eea15-pedestrian-00030,sim-001eea15-pedestrian-00030,False,2791.7169933013447,False,False,,,,False,False,False,0.0,False,False,,
Hybrid ML Controller,2026005,fb010e6d5160d8ca,seed-2026005-scenario-00031,pedestrian,pedestrian,sim-001eea15-pedestrian-00031,sim-001eea15-pedestrian-00031,False,2880.4917058744404,False,False,,,,False,False,False,0.0,False,False,,
Hybrid ML Controller,2026005,fb010e6d5160d8ca,seed-2026005-scenario-00032,slow_car,slow_car,sim-001eea15-slow-car-00032,sim-001eea15-slow-car-00032,False,2974.0205489437476,False,False,,,,False,False,False,0.0,False,False,,
Hybrid ML Controller,2026005,fb010e6d5160d8ca,seed-2026005-scenario-00033,slow_car,slow_car,sim-001eea15-slow-car-00033,sim-001eea15-slow-car-00033,False,3046.0528853123533,False,False,,,,False,False,False,0.0,False,False,,
Hybrid ML Controller,2026005,fb010e6d5160d8ca,seed-2026005-scenario-00034,truck,truck,sim-001eea15-truck-00034,sim-001eea15-truck-00034,False,3126.626134931306,False,False,,,,False,False,False,0.0,False,False,,
Hybrid ML Controller,2026005,fb010e6d5160d8ca,seed-2026005-scenario-00035,stopped_car,stopped_car,sim-001eea15-stopped-car-00035,sim-001eea15-stopped-car-00035,False,3218.0870299255575,False,False,,,,False,False,False,0.0,False,False,,
Hybrid ML Controller,2026005,fb010e6d5160d8ca,seed-2026005-scenario-00036,truck,mixed,sim-001eea15-truck-00036,sim-001eea15-truck-00036|sim-001eea15-left-traffic-00036,True,3291.3230621594503,False,False,,,,False,False,False,0.0,False,False,,
Hybrid ML Controller,2026005,fb010e6d5160d8ca,seed-2026005-scenario-00037,pedestrian,pedestrian,sim-001eea15-pedestrian-00037,sim-001eea15-pedestrian-00037,False,3384.4307636918497,False,False,,,,False,False,False,0.0,False,False,,
Hybrid ML Controller,2026005,fb010e6d5160d8ca,seed-2026005-scenario-00038,slow_car,slow_car,sim-001eea15-slow-car-00038,sim-001eea15-slow-car-00038,False,3489.66593865243,False,False,,,,False,False,False,0.0,False,False,,
Hybrid ML Controller,2026005,fb010e6d5160d8ca,seed-2026005-scenario-00039,slow_car,slow_car,sim-001eea15-slow-car-00039,sim-001eea15-slow-car-00039,False,3587.044938964519,False,False,,,,False,False,False,0.0,False,False,,
Hybrid ML Controller,2026005,fb010e6d5160d8ca,seed-2026005-scenario-00040,truck,truck,sim-001eea15-truck-00040,sim-001eea15-truck-00040,False,3687.20832275533,False,False,,,,False,False,False,0.0,False,False,,
Hybrid ML Controller,2026005,fb010e6d5160d8ca,seed-2026005-scenario-00041,stopped_car,stopped_car,sim-001eea15-stopped-car-00041,sim-001eea15-stopped-car-00041,False,3772.464654311844,False,False,,,,False,False,False,0.0,False,False,,
Hybrid ML Controller,2026005,fb010e6d5160d8ca,seed-2026005-scenario-00042,truck,mixed,sim-001eea15-truck-00042,sim-001eea15-truck-00042|sim-001eea15-left-traffic-00042,True,3856.717021350158,False,False,,,,False,False,False,0.0,False,False,,
Hybrid ML Controller,2026005,fb010e6d5160d8ca,seed-2026005-scenario-00043,pedestrian,pedestrian,sim-001eea15-pedestrian-00043,sim-001eea15-pedestrian-00043,False,3952.481099781323,False,False,,,,False,False,False,0.0,False,False,,
Hybrid ML Controller,2026005,fb010e6d5160d8ca,seed-2026005-scenario-00044,stopped_car,mixed,sim-001eea15-stopped-car-00044,sim-001eea15-stopped-car-00044|sim-001eea15-left-traffic-00044,True,4037.3407161204564,False,False,,,,False,False,False,0.0,False,False,,
Hybrid ML Controller,2026005,fb010e6d5160d8ca,seed-2026005-scenario-00045,pedestrian,pedestrian,sim-001eea15-pedestrian-00045,sim-001eea15-pedestrian-00045,False,4121.08993813682,False,False,,,,False,False,False,0.0,False,False,,
Hybrid ML Controller,2026005,fb010e6d5160d8ca,seed-2026005-scenario-00046,slow_car,mixed,sim-001eea15-slow-car-00046,sim-001eea15-slow-car-00046|sim-001eea15-left-traffic-00046,True,4227.497500982022,False,False,,,,False,False,False,0.0,False,False,,
Hybrid ML Controller,2026005,fb010e6d5160d8ca,seed-2026005-scenario-00047,pedestrian,pedestrian,sim-001eea15-pedestrian-00047,sim-001eea15-pedestrian-00047,False,4334.130227388592,False,False,,,,False,False,False,0.0,False,False,,
Rule Controller,2026006,24e8be45c04fc6ad,seed-2026006-scenario-00001,slow_car,mixed,sim-001eea16-slow-car-00001,sim-001eea16-slow-car-00001|sim-001eea16-left-traffic-00001,True,176.63840312567365,True,True,13.00000000000005,41.29999999999979,28.29999999999974,True,True,False,3.1999999999999966,True,True,3.841836570125031,2.9489994587556785
Rule Controller,2026006,24e8be45c04fc6ad,seed-2026006-scenario-00002,pedestrian,pedestrian,sim-001eea16-pedestrian-00002,sim-001eea16-pedestrian-00002,False,276.376706732582,True,True,17.95000000000012,36.60000000000006,18.649999999999938,True,True,False,0.1,False,False,,0.42500000000000027
Rule Controller,2026006,24e8be45c04fc6ad,seed-2026006-scenario-00003,slow_car,slow_car,sim-001eea16-slow-car-00003,sim-001eea16-slow-car-00003,False,358.66162692011034,True,True,67.14999999999833,,,False,False,False,0.0,True,False,2.4507115067585437,3.233834170625722
Rule Controller,2026006,24e8be45c04fc6ad,seed-2026006-scenario-00004,pedestrian,pedestrian,sim-001eea16-pedestrian-00004,sim-001eea16-pedestrian-00004,False,452.8619834940932,True,True,43.149999999999686,60.14999999999872,16.999999999999034,True,True,False,0.1,False,False,,0.42500000000000027
Rule Controller,2026006,24e8be45c04fc6ad,seed-2026006-scenario-00005,stopped_car,stopped_car,sim-001eea16-stopped-car-00005,sim-001eea16-stopped-car-00005,False,535.7762517064426,True,True,59.349999999998765,66.24999999999838,6.899999999999615,True,True,False,0.0,False,False,,3.625
Rule Controller,2026006,24e8be45c04fc6ad,seed-2026006-scenario-00007,truck,truck,sim-001eea16-truck-00007,sim-001eea16-truck-00007,False,711.5142969894267,True,True,75.59999999999785,,,False,False,False,0.0,True,False,3.1954786974915037,2.5008576957789783
Rule Controller,2026006,24e8be45c04fc6ad,seed-2026006-scenario-00008,pedestrian,pedestrian,sim-001eea16-pedestrian-00008,sim-001eea16-pedestrian-00008,False,786.8692818525474,True,True,83.19999999999742,104.5499999999962,21.349999999998786,True,True,False,0.1,False,False,4.88217488539787,1.7864596142325542
Rule Controller,2026006,24e8be45c04fc6ad,seed-2026006-scenario-00011,stopped_car,stopped_car,sim-001eea16-stopped-car-00011,sim-001eea16-stopped-car-00011,False,1080.429495756277,True,True,134.09999999999624,160.55000000000226,26.450000000006014,True,False,False,7.349999999999982,True,True,3.3748110333423904,3.107646294531239
Rule Controller,2026006,24e8be45c04fc6ad,seed-2026006-scenario-00012,truck,truck,sim-001eea16-truck-00012,sim-001eea16-truck-00012,False,1176.7881358423326,False,False,,,,False,False,False,0.0,False,False,,
Rule Controller,2026006,24e8be45c04fc6ad,seed-2026006-scenario-00013,slow_car,slow_car,sim-001eea16-slow-car-00013,sim-001eea16-slow-car-00013,False,1278.2617861416172,True,True,175.2000000000056,,,False,False,False,0.0,False,False,13.405338741846972,59.54331511155034
Rule Controller,2026006,24e8be45c04fc6ad,seed-2026006-scenario-00014,truck,truck,sim-001eea16-truck-00014,sim-001eea16-truck-00014,False,1385.3516972658117,True,True,246.80000000002187,273.1000000000278,26.30000000000595,True,True,False,0.0,False,False,,1.8652465899448423
Rule Controller,2026006,24e8be45c04fc6ad,seed-2026006-scenario-00015,pedestrian,pedestrian,sim-001eea16-pedestrian-00015,sim-001eea16-pedestrian-00015,False,1471.082259349183,True,True,205.40000000001245,228.10000000001762,22.70000000000516,True,True,False,0.1,False,False,45.43861407282348,3.2783825739836447
Rule Controller,2026006,24e8be45c04fc6ad,seed-2026006-scenario-00016,slow_car,slow_car,sim-001eea16-slow-car-00016,sim-001eea16-slow-car-00016,False,1564.7989195846908,True,False,290.5500000000318,,,False,False,False,0.0,False,False,1.6816005343433058,-1.875
Rule Controller,2026006,24e8be45c04fc6ad,seed-2026006-scenario-00017,stopped_car,mixed,sim-001eea16-stopped-car-00017,sim-001eea16-stopped-car-00017|sim-001eea16-left-traffic-00017,True,1659.2306766936554,True,True,242.75000000002095,271.1500000000274,28.40000000000643,True,False,False,7.599999999999981,True,True,3.6530079257345243,3.107159029476803
Rule Controller,2026006,24e8be45c04fc6ad,seed-2026006-scenario-00018,pedestrian,pedestrian,sim-001eea16-pedestrian-00018,sim-001eea16-pedestrian-00018,False,1756.0151748350495,True,False,272.0500000000276,288.70000000003137,16.650000000003786,True,False,False,0.1,False,False,3.2321306549084303,5.532285431979744
Rule Controller,2026006,24e8be45c04fc6ad,seed-2026006-scenario-00019,slow_car,slow_car,sim-001eea16-slow-car-00019,sim-001eea16-slow-car-00019,False,1838.603165939616,False,False,,,,False,False,False,0.0,False,False,,
Rule Controller,2026006,24e8be45c04fc6ad,seed-2026006-scenario-00020,pedestrian,pedestrian,sim-001eea16-pedestrian-00020,sim-001eea16-pedestrian-00020,False,1910.5196300584778,True,False,294.6500000000327,,,False,False,False,0.0,False,False,,33.98485484826181
Rule Controller,2026006,24e8be45c04fc6ad,seed-2026006-scenario-00021,pedestrian,pedestrian,sim-001eea16-pedestrian-00021,sim-001eea16-pedestrian-00021,False,2009.9669030495218,False,False,,,,False,False,False,0.0,False,False,,
Rule Controller,2026006,24e8be45c04fc6ad,seed-2026006-scenario-00022,stopped_car,stopped_car,sim-001eea16-stopped-car-00022,sim-001eea16-stopped-car-00022,False,2087.9637018764715,False,False,,,,False,False,False,0.0,False,False,,
Rule Controller,2026006,24e8be45c04fc6ad,seed-2026006-scenario-00023,truck,truck,sim-001eea16-truck-00023,sim-001eea16-truck-00023,False,2182.6857131060815,False,False,,,,False,False,False,0.0,False,False,,
Rule Controller,2026006,24e8be45c04fc6ad,seed-2026006-scenario-00024,truck,truck,sim-001eea16-truck-00024,sim-001eea16-truck-00024,False,2269.4830606319715,False,False,,,,False,False,False,0.0,False,False,,
Rule Controller,2026006,24e8be45c04fc6ad,seed-2026006-scenario-00025,pedestrian,pedestrian,sim-001eea16-pedestrian-00025,sim-001eea16-pedestrian-00025,False,2357.18117638569,False,False,,,,False,False,False,0.0,False,False,,
Rule Controller,2026006,24e8be45c04fc6ad,seed-2026006-scenario-00026,stopped_car,stopped_car,sim-001eea16-stopped-car-00026,sim-001eea16-stopped-car-00026,False,2448.4029133737117,False,False,,,,False,False,False,0.0,False,False,,
Rule Controller,2026006,24e8be45c04fc6ad,seed-2026006-scenario-00027,pedestrian,pedestrian,sim-001eea16-pedestrian-00027,sim-001eea16-pedestrian-00027,False,2537.4453435287464,False,False,,,,False,False,False,0.0,False,False,,
Rule Controller,2026006,24e8be45c04fc6ad,seed-2026006-scenario-00028,slow_car,slow_car,sim-001eea16-slow-car-00028,sim-001eea16-slow-car-00028,False,2613.508607047567,False,False,,,,False,False,False,0.0,False,False,,
Rule Controller,2026006,24e8be45c04fc6ad,seed-2026006-scenario-00029,slow_car,slow_car,sim-001eea16-slow-car-00029,sim-001eea16-slow-car-00029,False,2720.743634318655,False,False,,,,False,False,False,0.0,False,False,,
Rule Controller,2026006,24e8be45c04fc6ad,seed-2026006-scenario-00030,pedestrian,pedestrian,sim-001eea16-pedestrian-00030,sim-001eea16-pedestrian-00030,False,2818.19351514467,False,False,,,,False,False,False,0.0,False,False,,
Rule Controller,2026006,24e8be45c04fc6ad,seed-2026006-scenario-00031,truck,truck,sim-001eea16-truck-00031,sim-001eea16-truck-00031,False,2919.087413082837,False,False,,,,False,False,False,0.0,False,False,,
Rule Controller,2026006,24e8be45c04fc6ad,seed-2026006-scenario-00032,slow_car,slow_car,sim-001eea16-slow-car-00032,sim-001eea16-slow-car-00032,False,2989.697291134065,False,False,,,,False,False,False,0.0,False,False,,
Rule Controller,2026006,24e8be45c04fc6ad,seed-2026006-scenario-00033,stopped_car,stopped_car,sim-001eea16-stopped-car-00033,sim-001eea16-stopped-car-00033,False,3097.5226356200847,False,False,,,,False,False,False,0.0,False,False,,
Rule Controller,2026006,24e8be45c04fc6ad,seed-2026006-scenario-00034,pedestrian,pedestrian,sim-001eea16-pedestrian-00034,sim-001eea16-pedestrian-00034,False,3168.5290817443324,False,False,,,,False,False,False,0.0,False,False,,
Rule Controller,2026006,24e8be45c04fc6ad,seed-2026006-scenario-00036,truck,truck,sim-001eea16-truck-00036,sim-001eea16-truck-00036,False,3344.4917833195846,False,False,,,,False,False,False,0.0,False,False,,
Rule Controller,2026006,24e8be45c04fc6ad,seed-2026006-scenario-00037,pedestrian,pedestrian,sim-001eea16-pedestrian-00037,sim-001eea16-pedestrian-00037,False,3436.391588188386,False,False,,,,False,False,False,0.0,False,False,,
Rule Controller,2026006,24e8be45c04fc6ad,seed-2026006-scenario-00038,pedestrian,pedestrian,sim-001eea16-pedestrian-00038,sim-001eea16-pedestrian-00038,False,3541.817386806231,False,False,,,,False,False,False,0.0,False,False,,
Rule Controller,2026006,24e8be45c04fc6ad,seed-2026006-scenario-00039,pedestrian,pedestrian,sim-001eea16-pedestrian-00039,sim-001eea16-pedestrian-00039,False,3614.5795144628505,False,False,,,,False,False,False,0.0,False,False,,
Rule Controller,2026006,24e8be45c04fc6ad,seed-2026006-scenario-00040,slow_car,slow_car,sim-001eea16-slow-car-00040,sim-001eea16-slow-car-00040,False,3690.999912813517,False,False,,,,False,False,False,0.0,False,False,,
Rule Controller,2026006,24e8be45c04fc6ad,seed-2026006-scenario-00041,stopped_car,mixed,sim-001eea16-stopped-car-00041,sim-001eea16-stopped-car-00041|sim-001eea16-left-traffic-00041,True,3788.0594805203573,False,False,,,,False,False,False,0.0,False,False,,
Rule Controller,2026006,24e8be45c04fc6ad,seed-2026006-scenario-00043,truck,truck,sim-001eea16-truck-00043,sim-001eea16-truck-00043,False,3946.5411393055997,False,False,,,,False,False,False,0.0,False,False,,
Rule Controller,2026006,24e8be45c04fc6ad,seed-2026006-scenario-00044,pedestrian,pedestrian,sim-001eea16-pedestrian-00044,sim-001eea16-pedestrian-00044,False,4017.015797150761,False,False,,,,False,False,False,0.0,False,False,,
Rule Controller,2026006,24e8be45c04fc6ad,seed-2026006-scenario-00045,pedestrian,pedestrian,sim-001eea16-pedestrian-00045,sim-001eea16-pedestrian-00045,False,4109.768569391231,False,False,,,,False,False,False,0.0,False,False,,
Rule Controller,2026006,24e8be45c04fc6ad,seed-2026006-scenario-00047,truck,mixed,sim-001eea16-truck-00047,sim-001eea16-truck-00047|sim-001eea16-left-traffic-00047,True,4288.05701375485,False,False,,,,False,False,False,0.0,False,False,,
Rule Controller,2026006,24e8be45c04fc6ad,seed-2026006-scenario-00048,slow_car,slow_car,sim-001eea16-slow-car-00048,sim-001eea16-slow-car-00048,False,4374.758816039803,False,False,,,,False,False,False,0.0,False,False,,
Hybrid ML Controller,2026006,24e8be45c04fc6ad,seed-2026006-scenario-00001,slow_car,mixed,sim-001eea16-slow-car-00001,sim-001eea16-slow-car-00001|sim-001eea16-left-traffic-00001,True,176.63840312567365,True,True,13.00000000000005,41.29999999999979,28.29999999999974,True,True,False,3.1999999999999966,True,True,3.841836570125031,2.9489994587556785
Hybrid ML Controller,2026006,24e8be45c04fc6ad,seed-2026006-scenario-00002,pedestrian,pedestrian,sim-001eea16-pedestrian-00002,sim-001eea16-pedestrian-00002,False,276.376706732582,True,True,17.95000000000012,36.60000000000006,18.649999999999938,True,True,False,0.1,False,False,,0.42500000000000027
Hybrid ML Controller,2026006,24e8be45c04fc6ad,seed-2026006-scenario-00003,slow_car,slow_car,sim-001eea16-slow-car-00003,sim-001eea16-slow-car-00003,False,358.66162692011034,True,True,67.14999999999833,,,False,False,True,0.0,True,False,0.709487888333091,1.1999999999999549
Hybrid ML Controller,2026006,24e8be45c04fc6ad,seed-2026006-scenario-00004,pedestrian,pedestrian,sim-001eea16-pedestrian-00004,sim-001eea16-pedestrian-00004,False,452.8619834940932,True,True,43.149999999999686,60.14999999999872,16.999999999999034,True,True,False,0.1,False,False,,0.42500000000000027
Hybrid ML Controller,2026006,24e8be45c04fc6ad,seed-2026006-scenario-00005,stopped_car,stopped_car,sim-001eea16-stopped-car-00005,sim-001eea16-stopped-car-00005,False,535.7762517064426,True,True,59.349999999998765,66.24999999999838,6.899999999999615,True,True,False,0.0,False,False,,3.625
Hybrid ML Controller,2026006,24e8be45c04fc6ad,seed-2026006-scenario-00007,truck,truck,sim-001eea16-truck-00007,sim-001eea16-truck-00007,False,711.5142969894267,True,True,75.14999999999787,,,False,False,False,0.0,True,False,6.351673851476434,4.426440245983155
Hybrid ML Controller,2026006,24e8be45c04fc6ad,seed-2026006-scenario-00008,pedestrian,pedestrian,sim-001eea16-pedestrian-00008,sim-001eea16-pedestrian-00008,False,786.8692818525474,True,True,82.64999999999745,104.5999999999962,21.949999999998752,True,True,False,0.1,False,False,3.9538616630403394,1.8494102937739538
Hybrid ML Controller,2026006,24e8be45c04fc6ad,seed-2026006-scenario-00011,stopped_car,stopped_car,sim-001eea16-stopped-car-00011,sim-001eea16-stopped-car-00011,False,1080.429495756277,True,True,134.14999999999625,158.85000000000187,24.700000000005616,True,False,False,5.4999999999999885,True,True,1.8594203938898803,1.3775511345697549
Hybrid ML Controller,2026006,24e8be45c04fc6ad,seed-2026006-scenario-00012,truck,truck,sim-001eea16-truck-00012,sim-001eea16-truck-00012,False,1176.7881358423326,False,False,,,,False,False,False,0.0,False,False,,
Hybrid ML Controller,2026006,24e8be45c04fc6ad,seed-2026006-scenario-00013,slow_car,slow_car,sim-001eea16-slow-car-00013,sim-001eea16-slow-car-00013,False,1278.2617861416172,False,False,,,,False,False,False,0.0,False,False,,
Hybrid ML Controller,2026006,24e8be45c04fc6ad,seed-2026006-scenario-00014,truck,truck,sim-001eea16-truck-00014,sim-001eea16-truck-00014,False,1385.3516972658117,True,True,247.25000000002197,272.5000000000277,25.250000000005713,True,True,False,0.0,False,False,,1.7355779484179683
Hybrid ML Controller,2026006,24e8be45c04fc6ad,seed-2026006-scenario-00015,pedestrian,pedestrian,sim-001eea16-pedestrian-00015,sim-001eea16-pedestrian-00015,False,1471.082259349183,True,True,205.30000000001243,228.25000000001765,22.95000000000522,True,True,False,0.1,False,False,8.173771925637919,3.261255056005122
Hybrid ML Controller,2026006,24e8be45c04fc6ad,seed-2026006-scenario-00016,slow_car,slow_car,sim-001eea16-slow-car-00016,sim-001eea16-slow-car-00016,False,1564.7989195846908,True,False,290.9500000000319,,,False,False,False,0.0,False,False,0.17653925354370292,-1.875
Hybrid ML Controller,2026006,24e8be45c04fc6ad,seed-2026006-scenario-00017,stopped_car,mixed,sim-001eea16-stopped-car-00017,sim-001eea16-stopped-car-00017|sim-001eea16-left-traffic-00017,True,1659.2306766936554,True,True,242.90000000002098,269.35000000002697,26.450000000005986,True,False,False,5.649999999999988,True,True,1.8590428941162953,1.3766370057742712
Hybrid ML Controller,2026006,24e8be45c04fc6ad,seed-2026006-scenario-00018,pedestrian,pedestrian,sim-001eea16-pedestrian-00018,sim-001eea16-pedestrian-00018,False,1756.0151748350495,True,False,270.55000000002724,289.15000000003147,18.60000000000423,True,False,False,0.1,False,False,4.510854711980383,5.925000000000001
Hybrid ML Controller,2026006,24e8be45c04fc6ad,seed-2026006-scenario-00019,slow_car,slow_car,sim-001eea16-slow-car-00019,sim-001eea16-slow-car-00019,False,1838.603165939616,False,False,,,,False,False,False,0.0,False,False,,
Hybrid ML Controller,2026006,24e8be45c04fc6ad,seed-2026006-scenario-00020,pedestrian,pedestrian,sim-001eea16-pedestrian-00020,sim-001eea16-pedestrian-00020,False,1910.5196300584778,True,False,295.4000000000329,,,False,False,False,0.0,False,False,,37.85650306539443
Hybrid ML Controller,2026006,24e8be45c04fc6ad,seed-2026006-scenario-00021,pedestrian,pedestrian,sim-001eea16-pedestrian-00021,sim-001eea16-pedestrian-00021,False,2009.9669030495218,False,False,,,,False,False,False,0.0,False,False,,
Hybrid ML Controller,2026006,24e8be45c04fc6ad,seed-2026006-scenario-00022,stopped_car,stopped_car,sim-001eea16-stopped-car-00022,sim-001eea16-stopped-car-00022,False,2087.9637018764715,False,False,,,,False,False,False,0.0,False,False,,
Hybrid ML Controller,2026006,24e8be45c04fc6ad,seed-2026006-scenario-00023,truck,truck,sim-001eea16-truck-00023,sim-001eea16-truck-00023,False,2182.6857131060815,False,False,,,,False,False,False,0.0,False,False,,
Hybrid ML Controller,2026006,24e8be45c04fc6ad,seed-2026006-scenario-00024,truck,truck,sim-001eea16-truck-00024,sim-001eea16-truck-00024,False,2269.4830606319715,False,False,,,,False,False,False,0.0,False,False,,
Hybrid ML Controller,2026006,24e8be45c04fc6ad,seed-2026006-scenario-00025,pedestrian,pedestrian,sim-001eea16-pedestrian-00025,sim-001eea16-pedestrian-00025,False,2357.18117638569,False,False,,,,False,False,False,0.0,False,False,,
Hybrid ML Controller,2026006,24e8be45c04fc6ad,seed-2026006-scenario-00026,stopped_car,stopped_car,sim-001eea16-stopped-car-00026,sim-001eea16-stopped-car-00026,False,2448.4029133737117,False,False,,,,False,False,False,0.0,False,False,,
Hybrid ML Controller,2026006,24e8be45c04fc6ad,seed-2026006-scenario-00027,pedestrian,pedestrian,sim-001eea16-pedestrian-00027,sim-001eea16-pedestrian-00027,False,2537.4453435287464,False,False,,,,False,False,False,0.0,False,False,,
Hybrid ML Controller,2026006,24e8be45c04fc6ad,seed-2026006-scenario-00028,slow_car,slow_car,sim-001eea16-slow-car-00028,sim-001eea16-slow-car-00028,False,2613.508607047567,False,False,,,,False,False,False,0.0,False,False,,
Hybrid ML Controller,2026006,24e8be45c04fc6ad,seed-2026006-scenario-00029,slow_car,slow_car,sim-001eea16-slow-car-00029,sim-001eea16-slow-car-00029,False,2720.743634318655,False,False,,,,False,False,False,0.0,False,False,,
Hybrid ML Controller,2026006,24e8be45c04fc6ad,seed-2026006-scenario-00030,pedestrian,pedestrian,sim-001eea16-pedestrian-00030,sim-001eea16-pedestrian-00030,False,2818.19351514467,False,False,,,,False,False,False,0.0,False,False,,
Hybrid ML Controller,2026006,24e8be45c04fc6ad,seed-2026006-scenario-00031,truck,truck,sim-001eea16-truck-00031,sim-001eea16-truck-00031,False,2919.087413082837,False,False,,,,False,False,False,0.0,False,False,,
Hybrid ML Controller,2026006,24e8be45c04fc6ad,seed-2026006-scenario-00032,slow_car,slow_car,sim-001eea16-slow-car-00032,sim-001eea16-slow-car-00032,False,2989.697291134065,False,False,,,,False,False,False,0.0,False,False,,
Hybrid ML Controller,2026006,24e8be45c04fc6ad,seed-2026006-scenario-00033,stopped_car,stopped_car,sim-001eea16-stopped-car-00033,sim-001eea16-stopped-car-00033,False,3097.5226356200847,False,False,,,,False,False,False,0.0,False,False,,
Hybrid ML Controller,2026006,24e8be45c04fc6ad,seed-2026006-scenario-00034,pedestrian,pedestrian,sim-001eea16-pedestrian-00034,sim-001eea16-pedestrian-00034,False,3168.5290817443324,False,False,,,,False,False,False,0.0,False,False,,
Hybrid ML Controller,2026006,24e8be45c04fc6ad,seed-2026006-scenario-00036,truck,truck,sim-001eea16-truck-00036,sim-001eea16-truck-00036,False,3344.4917833195846,False,False,,,,False,False,False,0.0,False,False,,
Hybrid ML Controller,2026006,24e8be45c04fc6ad,seed-2026006-scenario-00037,pedestrian,pedestrian,sim-001eea16-pedestrian-00037,sim-001eea16-pedestrian-00037,False,3436.391588188386,False,False,,,,False,False,False,0.0,False,False,,
Hybrid ML Controller,2026006,24e8be45c04fc6ad,seed-2026006-scenario-00038,pedestrian,pedestrian,sim-001eea16-pedestrian-00038,sim-001eea16-pedestrian-00038,False,3541.817386806231,False,False,,,,False,False,False,0.0,False,False,,
Hybrid ML Controller,2026006,24e8be45c04fc6ad,seed-2026006-scenario-00039,pedestrian,pedestrian,sim-001eea16-pedestrian-00039,sim-001eea16-pedestrian-00039,False,3614.5795144628505,False,False,,,,False,False,False,0.0,False,False,,
Hybrid ML Controller,2026006,24e8be45c04fc6ad,seed-2026006-scenario-00040,slow_car,slow_car,sim-001eea16-slow-car-00040,sim-001eea16-slow-car-00040,False,3690.999912813517,False,False,,,,False,False,False,0.0,False,False,,
Hybrid ML Controller,2026006,24e8be45c04fc6ad,seed-2026006-scenario-00041,stopped_car,mixed,sim-001eea16-stopped-car-00041,sim-001eea16-stopped-car-00041|sim-001eea16-left-traffic-00041,True,3788.0594805203573,False,False,,,,False,False,False,0.0,False,False,,
Hybrid ML Controller,2026006,24e8be45c04fc6ad,seed-2026006-scenario-00043,truck,truck,sim-001eea16-truck-00043,sim-001eea16-truck-00043,False,3946.5411393055997,False,False,,,,False,False,False,0.0,False,False,,
Hybrid ML Controller,2026006,24e8be45c04fc6ad,seed-2026006-scenario-00044,pedestrian,pedestrian,sim-001eea16-pedestrian-00044,sim-001eea16-pedestrian-00044,False,4017.015797150761,False,False,,,,False,False,False,0.0,False,False,,
Hybrid ML Controller,2026006,24e8be45c04fc6ad,seed-2026006-scenario-00045,pedestrian,pedestrian,sim-001eea16-pedestrian-00045,sim-001eea16-pedestrian-00045,False,4109.768569391231,False,False,,,,False,False,False,0.0,False,False,,
Hybrid ML Controller,2026006,24e8be45c04fc6ad,seed-2026006-scenario-00047,truck,mixed,sim-001eea16-truck-00047,sim-001eea16-truck-00047|sim-001eea16-left-traffic-00047,True,4288.05701375485,False,False,,,,False,False,False,0.0,False,False,,
Hybrid ML Controller,2026006,24e8be45c04fc6ad,seed-2026006-scenario-00048,slow_car,slow_car,sim-001eea16-slow-car-00048,sim-001eea16-slow-car-00048,False,4374.758816039803,False,False,,,,False,False,False,0.0,False,False,,
Rule Controller,2026007,4016c4557039c245,seed-2026007-scenario-00001,stopped_car,mixed,sim-001eea17-stopped-car-00001,sim-001eea17-stopped-car-00001|sim-001eea17-left-traffic-00001,True,150.56275081557024,True,True,8.899999999999991,25.75000000000023,16.85000000000024,True,True,False,0.0,True,True,3.813717462223532,3.1805615783306695
Rule Controller,2026007,4016c4557039c245,seed-2026007-scenario-00002,pedestrian,pedestrian,sim-001eea17-pedestrian-00002,sim-001eea17-pedestrian-00002,False,226.38592650305347,True,True,24.500000000000213,44.049999999999635,19.54999999999942,True,True,False,0.1,False,False,62.2195814257063,5.490560334467375
Rule Controller,2026007,4016c4557039c245,seed-2026007-scenario-00003,pedestrian,pedestrian,sim-001eea17-pedestrian-00003,sim-001eea17-pedestrian-00003,False,305.18201030661163,True,True,42.69999999999971,61.449999999998646,18.749999999998934,True,True,False,0.1,False,False,5.268354911125547,5.289507663360155
Rule Controller,2026007,4016c4557039c245,seed-2026007-scenario-00004,slow_car,slow_car,sim-001eea17-slow-car-00004,sim-001eea17-slow-car-00004,False,401.9532933495093,True,True,93.89999999999681,145.24999999999878,51.35000000000197,True,True,False,1.2000000000000004,True,True,5.153935052053348,3.625
Rule Controller,2026007,4016c4557039c245,seed-2026007-scenario-00005,stopped_car,stopped_car,sim-001eea17-stopped-car-00005,sim-001eea17-stopped-car-00005,False,494.44499566665183,True,True,68.89999999999823,87.14999999999719,18.249999999998963,True,True,False,0.0,True,True,3.8180428716001185,3.1622255572863587
Rule Controller,2026007,4016c4557039c245,seed-2026007-scenario-00006,slow_car,slow_car,sim-001eea17-slow-car-00006,sim-001eea17-slow-car-00006,False,593.9487186880799,True,True,98.89999999999652,148.74999999999957,49.85000000000305,True,True,False,0.0,False,False,,3.625
Rule Controller,2026007,4016c4557039c245,seed-2026007-scenario-00007,pedestrian,pedestrian,sim-001eea17-pedestrian-00007,sim-001eea17-pedestrian-00007,False,692.0839606786096,True,True,95.34999999999673,113.09999999999572,17.74999999999899,True,True,False,0.1,False,False,,0.42500000000000027
Rule Controller,2026007,4016c4557039c245,seed-2026007-scenario-00008,truck,truck,sim-001eea17-truck-00008,sim-001eea17-truck-00008,False,770.7536237393842,True,True,120.69999999999528,149.84999999999982,29.15000000000454,True,True,False,0.0,False,False,,3.3
Rule Controller,2026007,4016c4557039c245,seed-2026007-scenario-00009,pedestrian,pedestrian,sim-001eea17-pedestrian-00009,sim-001eea17-pedestrian-00009,False,850.5523711825228,True,True,118.34999999999542,136.9999999999969,18.650000000001484,True,True,False,0.1,False,False,,0.42500000000000027
Rule Controller,2026007,4016c4557039c245,seed-2026007-scenario-00011,stopped_car,stopped_car,sim-001eea17-stopped-car-00011,sim-001eea17-stopped-car-00011,False,1039.8460973023423,True,True,144.4999999999986,152.15000000000035,7.650000000001739,True,True,False,0.0,False,False,,3.625
Rule Controller,2026007,4016c4557039c245,seed-2026007-scenario-00012,stopped_car,stopped_car,sim-001eea17-stopped-car-00012,sim-001eea17-stopped-car-00012,False,1133.4201501428947,True,True,152.90000000000052,164.3000000000031,11.400000000002592,True,False,True,1.800000000000001,True,True,0.5705634930946923,1.172155311316265
Rule Controller,2026007,4016c4557039c245,seed-2026007-scenario-00013,slow_car,slow_car,sim-001eea17-slow-car-00013,sim-001eea17-slow-car-00013,False,1226.893388083793,True,True,170.10000000000443,179.55000000000658,9.450000000002149,True,True,False,1.7500000000000009,True,True,3.842128144558432,3.3886249663958927
Rule Controller,2026007,4016c4557039c245,seed-2026007-scenario-00014,slow_car,slow_car,sim-001eea17-slow-car-00014,sim-001eea17-slow-car-00014,False,1299.5132512052676,True,True,172.70000000000502,215.10000000001466,42.40000000000964,True,False,False,6.099999999999986,False,False,6.356068571625199,3.625
Rule Controller,2026007,4016c4557039c245,seed-2026007-scenario-00015,pedestrian,pedestrian,sim-001eea17-pedestrian-00015,sim-001eea17-pedestrian-00015,False,1386.567160491156,True,True,176.80000000000595,193.35000000000971,16.550000000003763,True,True,False,0.1,False,False,,0.42500000000000027
Rule Controller,2026007,4016c4557039c245,seed-2026007-scenario-00016,pedestrian,pedestrian,sim-001eea17-pedestrian-00016,sim-001eea17-pedestrian-00016,False,1460.5327048093686,True,True,191.20000000000923,210.4000000000136,19.200000000004366,True,True,False,0.1,False,False,,0.42500000000000027
Rule Controller,2026007,4016c4557039c245,seed-2026007-scenario-00017,truck,truck,sim-001eea17-truck-00017,sim-001eea17-truck-00017,False,1532.8535270345676,True,True,221.9000000000162,291.9000000000321,70.00000000001589,True,True,False,0.0,True,True,2.6977254920076903,1.8847250966629243
Rule Controller,2026007,4016c4557039c245,seed-2026007-scenario-00018,slow_car,mixed,sim-001eea17-slow-car-00018,sim-001eea17-slow-car-00018|sim-001eea17-left-traffic-00018,True,1634.0775522849192,True,True,218.50000000001543,228.30000000001766,9.800000000002228,True,True,False,3.099999999999997,False,False,0.48221199965118117,0.16200154870822897
Rule Controller,2026007,4016c4557039c245,seed-2026007-scenario-00019,pedestrian,pedestrian,sim-001eea17-pedestrian-00019,sim-001eea17-pedestrian-00019,False,1725.3066318710326,True,True,223.30000000001652,240.8000000000205,17.50000000000398,True,True,False,0.1,False,False,,0.42500000000000027
Rule Controller,2026007,4016c4557039c245,seed-2026007-scenario-00021,stopped_car,stopped_car,sim-001eea17-stopped-car-00021,sim-001eea17-stopped-car-00021,False,1903.2358937089857,True,True,247.45000000002202,257.3000000000242,9.850000000002211,True,True,False,0.0,False,False,,3.625
Rule Controller,2026007,4016c4557039c245,seed-2026007-scenario-00022,truck,mixed,sim-001eea17-truck-00022,sim-001eea17-truck-00022|sim-001eea17-left-traffic-00022,True,2007.1469427248117,False,False,,,,False,False,False,0.0,False,False,,
Rule Controller,2026007,4016c4557039c245,seed-2026007-scenario-00023,slow_car,mixed,sim-001eea17-slow-car-00023,sim-001eea17-slow-car-00023|sim-001eea17-left-traffic-00023,True,2092.6259244045123,True,False,289.8500000000316,,,False,False,True,0.0,True,False,1.5964316552397975,1.2000000000001823
Rule Controller,2026007,4016c4557039c245,seed-2026007-scenario-00025,stopped_car,stopped_car,sim-001eea17-stopped-car-00025,sim-001eea17-stopped-car-00025,False,2266.7504066139713,True,False,295.800000000033,,,False,False,False,0.0,False,False,5.893613156936585,45.35369070701736
Rule Controller,2026007,4016c4557039c245,seed-2026007-scenario-00026,pedestrian,pedestrian,sim-001eea17-pedestrian-00026,sim-001eea17-pedestrian-00026,False,2351.303549242029,False,False,,,,False,False,False,0.0,False,False,,
Rule Controller,2026007,4016c4557039c245,seed-2026007-scenario-00027,truck,truck,sim-001eea17-truck-00027,sim-001eea17-truck-00027,False,2428.480605917185,False,False,,,,False,False,False,0.0,False,False,,
Rule Controller,2026007,4016c4557039c245,seed-2026007-scenario-00028,slow_car,slow_car,sim-001eea17-slow-car-00028,sim-001eea17-slow-car-00028,False,2522.8681693084277,False,False,,,,False,False,False,0.0,False,False,,
Rule Controller,2026007,4016c4557039c245,seed-2026007-scenario-00029,slow_car,mixed,sim-001eea17-slow-car-00029,sim-001eea17-slow-car-00029|sim-001eea17-left-traffic-00029,True,2597.0109692570873,False,False,,,,False,False,False,0.0,False,False,,
Rule Controller,2026007,4016c4557039c245,seed-2026007-scenario-00030,slow_car,mixed,sim-001eea17-slow-car-00030,sim-001eea17-slow-car-00030|sim-001eea17-left-traffic-00030,True,2693.638191119048,False,False,,,,False,False,False,0.0,False,False,,
Rule Controller,2026007,4016c4557039c245,seed-2026007-scenario-00031,stopped_car,stopped_car,sim-001eea17-stopped-car-00031,sim-001eea17-stopped-car-00031,False,2787.1321681827335,False,False,,,,False,False,False,0.0,False,False,,
Rule Controller,2026007,4016c4557039c245,seed-2026007-scenario-00032,truck,mixed,sim-001eea17-truck-00032,sim-001eea17-truck-00032|sim-001eea17-left-traffic-00032,True,2891.30776657464,False,False,,,,False,False,False,0.0,False,False,,
Rule Controller,2026007,4016c4557039c245,seed-2026007-scenario-00034,truck,truck,sim-001eea17-truck-00034,sim-001eea17-truck-00034,False,3035.747704273061,False,False,,,,False,False,False,0.0,False,False,,
Rule Controller,2026007,4016c4557039c245,seed-2026007-scenario-00035,pedestrian,pedestrian,sim-001eea17-pedestrian-00035,sim-001eea17-pedestrian-00035,False,3105.827219206312,False,False,,,,False,False,False,0.0,False,False,,
Rule Controller,2026007,4016c4557039c245,seed-2026007-scenario-00036,pedestrian,pedestrian,sim-001eea17-pedestrian-00036,sim-001eea17-pedestrian-00036,False,3201.0936173634063,False,False,,,,False,False,False,0.0,False,False,,
Rule Controller,2026007,4016c4557039c245,seed-2026007-scenario-00038,truck,mixed,sim-001eea17-truck-00038,sim-001eea17-truck-00038|sim-001eea17-left-traffic-00038,True,3400.2611655309693,False,False,,,,False,False,False,0.0,False,False,,
Rule Controller,2026007,4016c4557039c245,seed-2026007-scenario-00039,stopped_car,mixed,sim-001eea17-stopped-car-00039,sim-001eea17-stopped-car-00039|sim-001eea17-left-traffic-00039,True,3489.323641396666,False,False,,,,False,False,False,0.0,False,False,,
Rule Controller,2026007,4016c4557039c245,seed-2026007-scenario-00041,slow_car,slow_car,sim-001eea17-slow-car-00041,sim-001eea17-slow-car-00041,False,3674.580156981758,False,False,,,,False,False,False,0.0,False,False,,
Rule Controller,2026007,4016c4557039c245,seed-2026007-scenario-00042,stopped_car,stopped_car,sim-001eea17-stopped-car-00042,sim-001eea17-stopped-car-00042,False,3761.122605436217,False,False,,,,False,False,False,0.0,False,False,,
Rule Controller,2026007,4016c4557039c245,seed-2026007-scenario-00043,pedestrian,pedestrian,sim-001eea17-pedestrian-00043,sim-001eea17-pedestrian-00043,False,3862.064249455701,False,False,,,,False,False,False,0.0,False,False,,
Rule Controller,2026007,4016c4557039c245,seed-2026007-scenario-00044,slow_car,slow_car,sim-001eea17-slow-car-00044,sim-001eea17-slow-car-00044,False,3959.4890683830026,False,False,,,,False,False,False,0.0,False,False,,
Rule Controller,2026007,4016c4557039c245,seed-2026007-scenario-00045,stopped_car,stopped_car,sim-001eea17-stopped-car-00045,sim-001eea17-stopped-car-00045,False,4066.5394630489172,False,False,,,,False,False,False,0.0,False,False,,
Rule Controller,2026007,4016c4557039c245,seed-2026007-scenario-00046,pedestrian,pedestrian,sim-001eea17-pedestrian-00046,sim-001eea17-pedestrian-00046,False,4164.337065464583,False,False,,,,False,False,False,0.0,False,False,,
Rule Controller,2026007,4016c4557039c245,seed-2026007-scenario-00047,truck,truck,sim-001eea17-truck-00047,sim-001eea17-truck-00047,False,4260.8674888487685,False,False,,,,False,False,False,0.0,False,False,,
Rule Controller,2026007,4016c4557039c245,seed-2026007-scenario-00048,truck,truck,sim-001eea17-truck-00048,sim-001eea17-truck-00048,False,4341.874116020069,False,False,,,,False,False,False,0.0,False,False,,
Rule Controller,2026007,4016c4557039c245,seed-2026007-scenario-00049,stopped_car,mixed,sim-001eea17-stopped-car-00049,sim-001eea17-stopped-car-00049|sim-001eea17-left-traffic-00049,True,4414.32551750453,False,False,,,,False,False,False,0.0,False,False,,
Hybrid ML Controller,2026007,4016c4557039c245,seed-2026007-scenario-00001,stopped_car,mixed,sim-001eea17-stopped-car-00001,sim-001eea17-stopped-car-00001|sim-001eea17-left-traffic-00001,True,150.56275081557024,True,True,8.899999999999991,23.350000000000197,14.450000000000205,True,True,False,0.0,True,True,2.0759199192561124,2.065061463865809
Hybrid ML Controller,2026007,4016c4557039c245,seed-2026007-scenario-00002,pedestrian,pedestrian,sim-001eea17-pedestrian-00002,sim-001eea17-pedestrian-00002,False,226.38592650305347,True,True,21.950000000000177,42.8499999999997,20.899999999999526,True,True,False,0.1,False,False,5.222703969999731,5.925000000000001
Hybrid ML Controller,2026007,4016c4557039c245,seed-2026007-scenario-00003,pedestrian,pedestrian,sim-001eea17-pedestrian-00003,sim-001eea17-pedestrian-00003,False,305.18201030661163,True,True,41.54999999999978,60.19999999999872,18.64999999999894,True,True,False,0.1,False,False,5.034896095246633,5.043333752394517
Hybrid ML Controller,2026007,4016c4557039c245,seed-2026007-scenario-00004,slow_car,slow_car,sim-001eea17-slow-car-00004,sim-001eea17-slow-car-00004,False,401.9532933495093,True,True,98.04999999999657,152.20000000000036,54.150000000003786,True,True,False,0.0,True,True,5.0576846138032785,3.625
Hybrid ML Controller,2026007,4016c4557039c245,seed-2026007-scenario-00005,stopped_car,stopped_car,sim-001eea17-stopped-car-00005,sim-001eea17-stopped-car-00005,False,494.44499566665183,True,True,67.6999999999983,85.64999999999728,17.94999999999898,True,True,False,0.0,True,True,1.9203031633586765,1.568314525429674
Hybrid ML Controller,2026007,4016c4557039c245,seed-2026007-scenario-00006,slow_car,slow_car,sim-001eea17-slow-car-00006,sim-001eea17-slow-car-00006,False,593.9487186880799,True,True,124.34999999999508,,,False,False,False,0.0,False,False,8.776532139188388,3.625
Hybrid ML Controller,2026007,4016c4557039c245,seed-2026007-scenario-00007,pedestrian,pedestrian,sim-001eea17-pedestrian-00007,sim-001eea17-pedestrian-00007,False,692.0839606786096,True,True,96.99999999999663,116.64999999999552,19.649999999998883,True,True,False,0.1,False,False,4.984737688766501,5.925000000000001
Hybrid ML Controller,2026007,4016c4557039c245,seed-2026007-scenario-00008,truck,truck,sim-001eea17-truck-00008,sim-001eea17-truck-00008,False,770.7536237393842,True,True,124.84999999999505,155.30000000000106,30.450000000006014,True,True,False,0.0,False,False,8.963431938548293,3.3
Hybrid ML Controller,2026007,4016c4557039c245,seed-2026007-scenario-00009,pedestrian,pedestrian,sim-001eea17-pedestrian-00009,sim-001eea17-pedestrian-00009,False,850.5523711825228,True,True,121.89999999999522,140.4999999999977,18.60000000000248,True,True,False,0.1,False,False,,0.42500000000000027
Hybrid ML Controller,2026007,4016c4557039c245,seed-2026007-scenario-00011,stopped_car,stopped_car,sim-001eea17-stopped-car-00011,sim-001eea17-stopped-car-00011,False,1039.8460973023423,True,True,147.9999999999994,155.9000000000012,7.900000000001796,True,True,False,0.0,False,False,,3.625
Hybrid ML Controller,2026007,4016c4557039c245,seed-2026007-scenario-00012,stopped_car,stopped_car,sim-001eea17-stopped-car-00012,sim-001eea17-stopped-car-00012,False,1133.4201501428947,True,True,156.8000000000014,174.95000000000553,18.150000000004127,True,True,False,0.0,False,False,,3.625
Hybrid ML Controller,2026007,4016c4557039c245,seed-2026007-scenario-00013,slow_car,slow_car,sim-001eea17-slow-car-00013,sim-001eea17-slow-car-00013,False,1226.893388083793,False,False,,,,False,False,False,0.0,False,False,,
Hybrid ML Controller,2026007,4016c4557039c245,seed-2026007-scenario-00014,slow_car,slow_car,sim-001eea17-slow-car-00014,sim-001eea17-slow-car-00014,False,1299.5132512052676,False,False,,,,False,False,False,0.0,False,False,,
Hybrid ML Controller,2026007,4016c4557039c245,seed-2026007-scenario-00015,pedestrian,pedestrian,sim-001eea17-pedestrian-00015,sim-001eea17-pedestrian-00015,False,1386.567160491156,True,True,214.75000000001458,237.90000000001984,23.150000000005264,True,True,False,0.0,False,False,5.985667189322957,0.42500000000000027
Hybrid ML Controller,2026007,4016c4557039c245,seed-2026007-scenario-00016,pedestrian,pedestrian,sim-001eea17-pedestrian-00016,sim-001eea17-pedestrian-00016,False,1460.5327048093686,True,True,235.25000000001924,257.35000000002424,22.100000000004997,True,True,False,0.1,False,False,8.99163951901404,1.8228573454390324
Hybrid ML Controller,2026007,4016c4557039c245,seed-2026007-scenario-00017,truck,truck,sim-001eea17-truck-00017,sim-001eea17-truck-00017,False,1532.8535270345676,False,False,,,,False,False,False,0.0,False,False,,
Hybrid ML Controller,2026007,4016c4557039c245,seed-2026007-scenario-00018,slow_car,mixed,sim-001eea17-slow-car-00018,sim-001eea17-slow-car-00018|sim-001eea17-left-traffic-00018,True,1634.0775522849192,False,False,,,,False,False,False,0.0,False,False,,
Hybrid ML Controller,2026007,4016c4557039c245,seed-2026007-scenario-00019,pedestrian,pedestrian,sim-001eea17-pedestrian-00019,sim-001eea17-pedestrian-00019,False,1725.3066318710326,True,False,291.30000000003196,,,False,False,False,0.0,False,False,,31.961673805862016
Hybrid ML Controller,2026007,4016c4557039c245,seed-2026007-scenario-00021,stopped_car,stopped_car,sim-001eea17-stopped-car-00021,sim-001eea17-stopped-car-00021,False,1903.2358937089857,False,False,,,,False,False,False,0.0,False,False,,
Hybrid ML Controller,2026007,4016c4557039c245,seed-2026007-scenario-00022,truck,mixed,sim-001eea17-truck-00022,sim-001eea17-truck-00022|sim-001eea17-left-traffic-00022,True,2007.1469427248117,False,False,,,,False,False,False,0.0,False,False,,
Hybrid ML Controller,2026007,4016c4557039c245,seed-2026007-scenario-00023,slow_car,mixed,sim-001eea17-slow-car-00023,sim-001eea17-slow-car-00023|sim-001eea17-left-traffic-00023,True,2092.6259244045123,False,False,,,,False,False,False,0.0,False,False,,
Hybrid ML Controller,2026007,4016c4557039c245,seed-2026007-scenario-00025,stopped_car,stopped_car,sim-001eea17-stopped-car-00025,sim-001eea17-stopped-car-00025,False,2266.7504066139713,False,False,,,,False,False,False,0.0,False,False,,
Hybrid ML Controller,2026007,4016c4557039c245,seed-2026007-scenario-00026,pedestrian,pedestrian,sim-001eea17-pedestrian-00026,sim-001eea17-pedestrian-00026,False,2351.303549242029,False,False,,,,False,False,False,0.0,False,False,,
Hybrid ML Controller,2026007,4016c4557039c245,seed-2026007-scenario-00027,truck,truck,sim-001eea17-truck-00027,sim-001eea17-truck-00027,False,2428.480605917185,False,False,,,,False,False,False,0.0,False,False,,
Hybrid ML Controller,2026007,4016c4557039c245,seed-2026007-scenario-00028,slow_car,slow_car,sim-001eea17-slow-car-00028,sim-001eea17-slow-car-00028,False,2522.8681693084277,False,False,,,,False,False,False,0.0,False,False,,
Hybrid ML Controller,2026007,4016c4557039c245,seed-2026007-scenario-00029,slow_car,mixed,sim-001eea17-slow-car-00029,sim-001eea17-slow-car-00029|sim-001eea17-left-traffic-00029,True,2597.0109692570873,False,False,,,,False,False,False,0.0,False,False,,
Hybrid ML Controller,2026007,4016c4557039c245,seed-2026007-scenario-00030,slow_car,mixed,sim-001eea17-slow-car-00030,sim-001eea17-slow-car-00030|sim-001eea17-left-traffic-00030,True,2693.638191119048,False,False,,,,False,False,False,0.0,False,False,,
Hybrid ML Controller,2026007,4016c4557039c245,seed-2026007-scenario-00031,stopped_car,stopped_car,sim-001eea17-stopped-car-00031,sim-001eea17-stopped-car-00031,False,2787.1321681827335,False,False,,,,False,False,False,0.0,False,False,,
Hybrid ML Controller,2026007,4016c4557039c245,seed-2026007-scenario-00032,truck,mixed,sim-001eea17-truck-00032,sim-001eea17-truck-00032|sim-001eea17-left-traffic-00032,True,2891.30776657464,False,False,,,,False,False,False,0.0,False,False,,
Hybrid ML Controller,2026007,4016c4557039c245,seed-2026007-scenario-00034,truck,truck,sim-001eea17-truck-00034,sim-001eea17-truck-00034,False,3035.747704273061,False,False,,,,False,False,False,0.0,False,False,,
Hybrid ML Controller,2026007,4016c4557039c245,seed-2026007-scenario-00035,pedestrian,pedestrian,sim-001eea17-pedestrian-00035,sim-001eea17-pedestrian-00035,False,3105.827219206312,False,False,,,,False,False,False,0.0,False,False,,
Hybrid ML Controller,2026007,4016c4557039c245,seed-2026007-scenario-00036,pedestrian,pedestrian,sim-001eea17-pedestrian-00036,sim-001eea17-pedestrian-00036,False,3201.0936173634063,False,False,,,,False,False,False,0.0,False,False,,
Hybrid ML Controller,2026007,4016c4557039c245,seed-2026007-scenario-00038,truck,mixed,sim-001eea17-truck-00038,sim-001eea17-truck-00038|sim-001eea17-left-traffic-00038,True,3400.2611655309693,False,False,,,,False,False,False,0.0,False,False,,
Hybrid ML Controller,2026007,4016c4557039c245,seed-2026007-scenario-00039,stopped_car,mixed,sim-001eea17-stopped-car-00039,sim-001eea17-stopped-car-00039|sim-001eea17-left-traffic-00039,True,3489.323641396666,False,False,,,,False,False,False,0.0,False,False,,
Hybrid ML Controller,2026007,4016c4557039c245,seed-2026007-scenario-00041,slow_car,slow_car,sim-001eea17-slow-car-00041,sim-001eea17-slow-car-00041,False,3674.580156981758,False,False,,,,False,False,False,0.0,False,False,,
Hybrid ML Controller,2026007,4016c4557039c245,seed-2026007-scenario-00042,stopped_car,stopped_car,sim-001eea17-stopped-car-00042,sim-001eea17-stopped-car-00042,False,3761.122605436217,False,False,,,,False,False,False,0.0,False,False,,
Hybrid ML Controller,2026007,4016c4557039c245,seed-2026007-scenario-00043,pedestrian,pedestrian,sim-001eea17-pedestrian-00043,sim-001eea17-pedestrian-00043,False,3862.064249455701,False,False,,,,False,False,False,0.0,False,False,,
Hybrid ML Controller,2026007,4016c4557039c245,seed-2026007-scenario-00044,slow_car,slow_car,sim-001eea17-slow-car-00044,sim-001eea17-slow-car-00044,False,3959.4890683830026,False,False,,,,False,False,False,0.0,False,False,,
Hybrid ML Controller,2026007,4016c4557039c245,seed-2026007-scenario-00045,stopped_car,stopped_car,sim-001eea17-stopped-car-00045,sim-001eea17-stopped-car-00045,False,4066.5394630489172,False,False,,,,False,False,False,0.0,False,False,,
Hybrid ML Controller,2026007,4016c4557039c245,seed-2026007-scenario-00046,pedestrian,pedestrian,sim-001eea17-pedestrian-00046,sim-001eea17-pedestrian-00046,False,4164.337065464583,False,False,,,,False,False,False,0.0,False,False,,
Hybrid ML Controller,2026007,4016c4557039c245,seed-2026007-scenario-00047,truck,truck,sim-001eea17-truck-00047,sim-001eea17-truck-00047,False,4260.8674888487685,False,False,,,,False,False,False,0.0,False,False,,
Hybrid ML Controller,2026007,4016c4557039c245,seed-2026007-scenario-00048,truck,truck,sim-001eea17-truck-00048,sim-001eea17-truck-00048,False,4341.874116020069,False,False,,,,False,False,False,0.0,False,False,,
Hybrid ML Controller,2026007,4016c4557039c245,seed-2026007-scenario-00049,stopped_car,mixed,sim-001eea17-stopped-car-00049,sim-001eea17-stopped-car-00049|sim-001eea17-left-traffic-00049,True,4414.32551750453,False,False,,,,False,False,False,0.0,False,False,,
Rule Controller,2026008,0f455a0eb70eed51,seed-2026008-scenario-00000,truck,truck,sim-001eea18-truck-00000,sim-001eea18-truck-00000,False,72.0198474570349,True,True,0.05,19.30000000000014,19.25000000000014,True,True,False,0.0,True,True,5.824891992589934,3.247412553756879
Rule Controller,2026008,0f455a0eb70eed51,seed-2026008-scenario-00001,stopped_car,stopped_car,sim-001eea18-stopped-car-00001,sim-001eea18-stopped-car-00001,False,159.39722211429935,True,True,9.55,15.80000000000009,6.250000000000089,True,True,False,0.0,False,False,3.667426051388478,3.3876374369135682
Rule Controller,2026008,0f455a0eb70eed51,seed-2026008-scenario-00002,truck,truck,sim-001eea18-truck-00002,sim-001eea18-truck-00002,False,267.3398544743758,True,True,20.70000000000016,32.20000000000031,11.50000000000015,True,True,False,0.0,True,True,3.0675563684977076,2.8103218447387017
Rule Controller,2026008,0f455a0eb70eed51,seed-2026008-scenario-00005,pedestrian,pedestrian,sim-001eea18-pedestrian-00005,sim-001eea18-pedestrian-00005,False,544.7448831399641,True,True,37.25000000000002,54.049999999999066,16.799999999999045,True,True,False,0.1,False,False,3.401517689799854,5.43023636760995
Rule Controller,2026008,0f455a0eb70eed51,seed-2026008-scenario-00006,pedestrian,pedestrian,sim-001eea18-pedestrian-00006,sim-001eea18-pedestrian-00006,False,627.618593993438,True,True,53.24999999999911,73.09999999999799,19.84999999999888,True,True,False,0.1,False,False,,5.4120682983070765
Rule Controller,2026008,0f455a0eb70eed51,seed-2026008-scenario-00007,pedestrian,pedestrian,sim-001eea18-pedestrian-00007,sim-001eea18-pedestrian-00007,False,707.1948179646828,True,True,71.84999999999806,91.84999999999692,19.999999999998863,True,True,False,0.1,False,False,98.3273653301561,5.26899160477717
Rule Controller,2026008,0f455a0eb70eed51,seed-2026008-scenario-00008,stopped_car,stopped_car,sim-001eea18-stopped-car-00008,sim-001eea18-stopped-car-00008,False,778.5903826037922,True,True,89.09999999999708,,,False,False,True,203.70000000001207,True,False,0.220932316476692,-1.875
Rule Controller,2026008,0f455a0eb70eed51,seed-2026008-scenario-00009,truck,mixed,sim-001eea18-truck-00009,sim-001eea18-truck-00009|sim-001eea18-left-traffic-00009,True,883.6464856871356,False,False,,,,False,False,False,0.0,False,False,,
Rule Controller,2026008,0f455a0eb70eed51,seed-2026008-scenario-00010,slow_car,slow_car,sim-001eea18-slow-car-00010,sim-001eea18-slow-car-00010,False,982.2174954003762,False,False,,,,False,False,False,0.0,False,False,,
Rule Controller,2026008,0f455a0eb70eed51,seed-2026008-scenario-00011,truck,truck,sim-001eea18-truck-00011,sim-001eea18-truck-00011,False,1083.2223617798961,False,False,,,,False,False,False,0.0,False,False,,
Rule Controller,2026008,0f455a0eb70eed51,seed-2026008-scenario-00013,slow_car,slow_car,sim-001eea18-slow-car-00013,sim-001eea18-slow-car-00013,False,1228.006842439382,False,False,,,,False,False,False,0.0,False,False,,
Rule Controller,2026008,0f455a0eb70eed51,seed-2026008-scenario-00014,stopped_car,stopped_car,sim-001eea18-stopped-car-00014,sim-001eea18-stopped-car-00014,False,1297.8503892579538,False,False,,,,False,False,False,0.0,False,False,,
Rule Controller,2026008,0f455a0eb70eed51,seed-2026008-scenario-00015,truck,truck,sim-001eea18-truck-00015,sim-001eea18-truck-00015,False,1368.74078836635,False,False,,,,False,False,False,0.0,False,False,,
Rule Controller,2026008,0f455a0eb70eed51,seed-2026008-scenario-00016,stopped_car,mixed,sim-001eea18-stopped-car-00016,sim-001eea18-stopped-car-00016|sim-001eea18-left-traffic-00016,True,1444.2840774470983,False,False,,,,False,False,False,0.0,False,False,,
Rule Controller,2026008,0f455a0eb70eed51,seed-2026008-scenario-00017,pedestrian,pedestrian,sim-001eea18-pedestrian-00017,sim-001eea18-pedestrian-00017,False,1537.0650635442928,False,False,,,,False,False,False,0.0,False,False,,
Rule Controller,2026008,0f455a0eb70eed51,seed-2026008-scenario-00020,slow_car,slow_car,sim-001eea18-slow-car-00020,sim-001eea18-slow-car-00020,False,1826.2483237686558,False,False,,,,False,False,False,0.0,False,False,,
Rule Controller,2026008,0f455a0eb70eed51,seed-2026008-scenario-00021,truck,truck,sim-001eea18-truck-00021,sim-001eea18-truck-00021,False,1901.0178587629525,False,False,,,,False,False,False,0.0,False,False,,
Rule Controller,2026008,0f455a0eb70eed51,seed-2026008-scenario-00022,pedestrian,pedestrian,sim-001eea18-pedestrian-00022,sim-001eea18-pedestrian-00022,False,1973.448839312,False,False,,,,False,False,False,0.0,False,False,,
Rule Controller,2026008,0f455a0eb70eed51,seed-2026008-scenario-00023,stopped_car,stopped_car,sim-001eea18-stopped-car-00023,sim-001eea18-stopped-car-00023,False,2079.44184317189,False,False,,,,False,False,False,0.0,False,False,,
Rule Controller,2026008,0f455a0eb70eed51,seed-2026008-scenario-00024,pedestrian,pedestrian,sim-001eea18-pedestrian-00024,sim-001eea18-pedestrian-00024,False,2179.0925526561746,False,False,,,,False,False,False,0.0,False,False,,
Rule Controller,2026008,0f455a0eb70eed51,seed-2026008-scenario-00025,slow_car,mixed,sim-001eea18-slow-car-00025,sim-001eea18-slow-car-00025|sim-001eea18-left-traffic-00025,True,2253.0218489458985,False,False,,,,False,False,False,0.0,False,False,,
Rule Controller,2026008,0f455a0eb70eed51,seed-2026008-scenario-00027,stopped_car,stopped_car,sim-001eea18-stopped-car-00027,sim-001eea18-stopped-car-00027,False,2455.017799031173,False,False,,,,False,False,False,0.0,False,False,,
Rule Controller,2026008,0f455a0eb70eed51,seed-2026008-scenario-00028,truck,mixed,sim-001eea18-truck-00028,sim-001eea18-truck-00028|sim-001eea18-left-traffic-00028,True,2526.741837468307,False,False,,,,False,False,False,0.0,False,False,,
Rule Controller,2026008,0f455a0eb70eed51,seed-2026008-scenario-00029,pedestrian,pedestrian,sim-001eea18-pedestrian-00029,sim-001eea18-pedestrian-00029,False,2619.488174646665,False,False,,,,False,False,False,0.0,False,False,,
Rule Controller,2026008,0f455a0eb70eed51,seed-2026008-scenario-00030,slow_car,slow_car,sim-001eea18-slow-car-00030,sim-001eea18-slow-car-00030,False,2692.680436927902,False,False,,,,False,False,False,0.0,False,False,,
Rule Controller,2026008,0f455a0eb70eed51,seed-2026008-scenario-00031,pedestrian,pedestrian,sim-001eea18-pedestrian-00031,sim-001eea18-pedestrian-00031,False,2762.1151273627374,False,False,,,,False,False,False,0.0,False,False,,
Rule Controller,2026008,0f455a0eb70eed51,seed-2026008-scenario-00032,slow_car,slow_car,sim-001eea18-slow-car-00032,sim-001eea18-slow-car-00032,False,2851.214793427559,False,False,,,,False,False,False,0.0,False,False,,
Rule Controller,2026008,0f455a0eb70eed51,seed-2026008-scenario-00034,stopped_car,stopped_car,sim-001eea18-stopped-car-00034,sim-001eea18-stopped-car-00034,False,3053.807753412696,False,False,,,,False,False,False,0.0,False,False,,
Rule Controller,2026008,0f455a0eb70eed51,seed-2026008-scenario-00035,truck,truck,sim-001eea18-truck-00035,sim-001eea18-truck-00035,False,3128.1286818682393,False,False,,,,False,False,False,0.0,False,False,,
Rule Controller,2026008,0f455a0eb70eed51,seed-2026008-scenario-00036,slow_car,slow_car,sim-001eea18-slow-car-00036,sim-001eea18-slow-car-00036,False,3204.677935345094,False,False,,,,False,False,False,0.0,False,False,,
Rule Controller,2026008,0f455a0eb70eed51,seed-2026008-scenario-00037,truck,truck,sim-001eea18-truck-00037,sim-001eea18-truck-00037,False,3307.819275648874,False,False,,,,False,False,False,0.0,False,False,,
Rule Controller,2026008,0f455a0eb70eed51,seed-2026008-scenario-00038,truck,mixed,sim-001eea18-truck-00038,sim-001eea18-truck-00038|sim-001eea18-left-traffic-00038,True,3413.45541035952,False,False,,,,False,False,False,0.0,False,False,,
Rule Controller,2026008,0f455a0eb70eed51,seed-2026008-scenario-00039,pedestrian,pedestrian,sim-001eea18-pedestrian-00039,sim-001eea18-pedestrian-00039,False,3494.8748700408682,False,False,,,,False,False,False,0.0,False,False,,
Rule Controller,2026008,0f455a0eb70eed51,seed-2026008-scenario-00040,slow_car,slow_car,sim-001eea18-slow-car-00040,sim-001eea18-slow-car-00040,False,3597.7726965435672,False,False,,,,False,False,False,0.0,False,False,,
Rule Controller,2026008,0f455a0eb70eed51,seed-2026008-scenario-00041,stopped_car,stopped_car,sim-001eea18-stopped-car-00041,sim-001eea18-stopped-car-00041,False,3691.0800094782458,False,False,,,,False,False,False,0.0,False,False,,
Rule Controller,2026008,0f455a0eb70eed51,seed-2026008-scenario-00042,slow_car,mixed,sim-001eea18-slow-car-00042,sim-001eea18-slow-car-00042|sim-001eea18-left-traffic-00042,True,3764.0617598662043,False,False,,,,False,False,False,0.0,False,False,,
Rule Controller,2026008,0f455a0eb70eed51,seed-2026008-scenario-00044,truck,mixed,sim-001eea18-truck-00044,sim-001eea18-truck-00044|sim-001eea18-left-traffic-00044,True,3935.9479321671215,False,False,,,,False,False,False,0.0,False,False,,
Rule Controller,2026008,0f455a0eb70eed51,seed-2026008-scenario-00046,pedestrian,pedestrian,sim-001eea18-pedestrian-00046,sim-001eea18-pedestrian-00046,False,4138.100148573715,False,False,,,,False,False,False,0.0,False,False,,
Rule Controller,2026008,0f455a0eb70eed51,seed-2026008-scenario-00047,slow_car,mixed,sim-001eea18-slow-car-00047,sim-001eea18-slow-car-00047|sim-001eea18-left-traffic-00047,True,4225.66095707927,False,False,,,,False,False,False,0.0,False,False,,
Rule Controller,2026008,0f455a0eb70eed51,seed-2026008-scenario-00048,stopped_car,stopped_car,sim-001eea18-stopped-car-00048,sim-001eea18-stopped-car-00048,False,4309.342494641993,False,False,,,,False,False,False,0.0,False,False,,
Rule Controller,2026008,0f455a0eb70eed51,seed-2026008-scenario-00049,slow_car,mixed,sim-001eea18-slow-car-00049,sim-001eea18-slow-car-00049|sim-001eea18-left-traffic-00049,True,4389.767950248323,False,False,,,,False,False,False,0.0,False,False,,
Hybrid ML Controller,2026008,0f455a0eb70eed51,seed-2026008-scenario-00000,truck,truck,sim-001eea18-truck-00000,sim-001eea18-truck-00000,False,72.0198474570349,True,True,0.05,28.50000000000027,28.45000000000027,True,True,False,0.0,True,True,10.274891992589982,3.3
Hybrid ML Controller,2026008,0f455a0eb70eed51,seed-2026008-scenario-00001,stopped_car,stopped_car,sim-001eea18-stopped-car-00001,sim-001eea18-stopped-car-00001,False,159.39722211429935,True,True,10.450000000000014,20.350000000000154,9.90000000000014,True,True,False,0.0,False,False,5.005833491574947,3.5264621746509324
Hybrid ML Controller,2026008,0f455a0eb70eed51,seed-2026008-scenario-00002,truck,truck,sim-001eea18-truck-00002,sim-001eea18-truck-00002,False,267.3398544743758,True,True,26.45000000000024,42.19999999999974,15.749999999999499,True,False,True,0.0,False,False,,1.2000000000000002
Hybrid ML Controller,2026008,0f455a0eb70eed51,seed-2026008-scenario-00005,pedestrian,pedestrian,sim-001eea18-pedestrian-00005,sim-001eea18-pedestrian-00005,False,544.7448831399641,True,True,45.69999999999954,62.89999999999856,17.199999999999022,True,True,False,0.1,False,False,3.2479046928458186,5.231633139968153
Hybrid ML Controller,2026008,0f455a0eb70eed51,seed-2026008-scenario-00006,pedestrian,pedestrian,sim-001eea18-pedestrian-00006,sim-001eea18-pedestrian-00006,False,627.618593993438,True,True,62.04999999999861,81.89999999999749,19.84999999999888,True,True,False,0.1,False,False,81.40343993443835,5.515343993442116
Hybrid ML Controller,2026008,0f455a0eb70eed51,seed-2026008-scenario-00007,pedestrian,pedestrian,sim-001eea18-pedestrian-00007,sim-001eea18-pedestrian-00007,False,707.1948179646828,True,True,80.64999999999756,100.64999999999642,19.999999999998863,True,True,False,0.1,False,False,79.06567964688826,5.281567964687156
Hybrid ML Controller,2026008,0f455a0eb70eed51,seed-2026008-scenario-00008,stopped_car,stopped_car,sim-001eea18-stopped-car-00008,sim-001eea18-stopped-car-00008,False,778.5903826037922,True,True,97.89999999999658,107.59999999999603,9.699999999999449,True,True,False,0.0,True,False,3.388213260379673,3.2932099441406226
Hybrid ML Controller,2026008,0f455a0eb70eed51,seed-2026008-scenario-00009,truck,mixed,sim-001eea18-truck-00009,sim-001eea18-truck-00009|sim-001eea18-left-traffic-00009,True,883.6464856871356,True,True,117.14999999999549,148.04999999999941,30.900000000003928,True,True,False,0.0,True,False,4.284831766217907,-1.875
Hybrid ML Controller,2026008,0f455a0eb70eed51,seed-2026008-scenario-00010,slow_car,slow_car,sim-001eea18-slow-car-00010,sim-001eea18-slow-car-00010,False,982.2174954003762,True,True,120.84999999999528,148.04999999999941,27.200000000004138,True,True,False,0.0,False,False,7.213518067241975,3.625
Hybrid ML Controller,2026008,0f455a0eb70eed51,seed-2026008-scenario-00011,truck,truck,sim-001eea18-truck-00011,sim-001eea18-truck-00011,False,1083.2223617798961,True,True,161.55000000000248,,,False,False,False,0.0,False,False,8.417428789691929,27.29031397134773
Hybrid ML Controller,2026008,0f455a0eb70eed51,seed-2026008-scenario-00013,slow_car,slow_car,sim-001eea18-slow-car-00013,sim-001eea18-slow-car-00013,False,1228.006842439382,True,True,158.5500000000018,174.8000000000055,16.250000000003695,True,False,True,0.0,False,False,6.438826981897273,1.1999999999999549
Hybrid ML Controller,2026008,0f455a0eb70eed51,seed-2026008-scenario-00014,stopped_car,stopped_car,sim-001eea18-stopped-car-00014,sim-001eea18-stopped-car-00014,False,1297.8503892579538,True,True,157.2000000000015,163.50000000000293,6.3000000000014325,True,True,False,0.0,True,True,1.8760251083857766,2.5542533736719717
Hybrid ML Controller,2026008,0f455a0eb70eed51,seed-2026008-scenario-00015,truck,truck,sim-001eea18-truck-00015,sim-001eea18-truck-00015,False,1368.74078836635,True,True,165.2000000000033,246.70000000002184,81.50000000001853,True,False,True,0.0,True,False,4.525769730712919,1.2000000000000002
Hybrid ML Controller,2026008,0f455a0eb70eed51,seed-2026008-scenario-00016,stopped_car,mixed,sim-001eea18-stopped-car-00016,sim-001eea18-stopped-car-00016|sim-001eea18-left-traffic-00016,True,1444.2840774470983,True,True,169.30000000000425,180.5000000000068,11.200000000002547,True,True,False,0.0,False,False,26.004699681380693,-1.875
Hybrid ML Controller,2026008,0f455a0eb70eed51,seed-2026008-scenario-00017,pedestrian,pedestrian,sim-001eea18-pedestrian-00017,sim-001eea18-pedestrian-00017,False,1537.0650635442928,True,True,181.30000000000697,204.20000000001218,22.900000000005207,True,True,False,3.349999999999996,False,False,10.14607403259323,5.925000000000001
Hybrid ML Controller,2026008,0f455a0eb70eed51,seed-2026008-scenario-00020,slow_car,slow_car,sim-001eea18-slow-car-00020,sim-001eea18-slow-car-00020,False,1826.2483237686558,False,False,,,,False,False,False,0.0,False,False,,
Hybrid ML Controller,2026008,0f455a0eb70eed51,seed-2026008-scenario-00021,truck,truck,sim-001eea18-truck-00021,sim-001eea18-truck-00021,False,1901.0178587629525,False,False,,,,False,False,False,0.0,False,False,,
Hybrid ML Controller,2026008,0f455a0eb70eed51,seed-2026008-scenario-00022,pedestrian,pedestrian,sim-001eea18-pedestrian-00022,sim-001eea18-pedestrian-00022,False,1973.448839312,True,True,249.30000000002244,270.0500000000271,20.75000000000469,True,True,False,0.1,False,False,,4.256906483157081
Hybrid ML Controller,2026008,0f455a0eb70eed51,seed-2026008-scenario-00023,stopped_car,stopped_car,sim-001eea18-stopped-car-00023,sim-001eea18-stopped-car-00023,False,2079.44184317189,True,False,271.50000000002746,290.9500000000319,19.450000000004422,True,False,False,0.0,True,True,1.8989214944138473,1.5033215642578233
Hybrid ML Controller,2026008,0f455a0eb70eed51,seed-2026008-scenario-00024,pedestrian,pedestrian,sim-001eea18-pedestrian-00024,sim-001eea18-pedestrian-00024,False,2179.0925526561746,True,False,292.50000000003223,,,False,False,False,0.0,False,False,,12.723934332313442
Hybrid ML Controller,2026008,0f455a0eb70eed51,seed-2026008-scenario-00025,slow_car,mixed,sim-001eea18-slow-car-00025,sim-001eea18-slow-car-00025|sim-001eea18-left-traffic-00025,True,2253.0218489458985,False,False,,,,False,False,False,0.0,False,False,,
Hybrid ML Controller,2026008,0f455a0eb70eed51,seed-2026008-scenario-00027,stopped_car,stopped_car,sim-001eea18-stopped-car-00027,sim-001eea18-stopped-car-00027,False,2455.017799031173,False,False,,,,False,False,False,0.0,False,False,,
Hybrid ML Controller,2026008,0f455a0eb70eed51,seed-2026008-scenario-00028,truck,mixed,sim-001eea18-truck-00028,sim-001eea18-truck-00028|sim-001eea18-left-traffic-00028,True,2526.741837468307,False,False,,,,False,False,False,0.0,False,False,,
Hybrid ML Controller,2026008,0f455a0eb70eed51,seed-2026008-scenario-00029,pedestrian,pedestrian,sim-001eea18-pedestrian-00029,sim-001eea18-pedestrian-00029,False,2619.488174646665,False,False,,,,False,False,False,0.0,False,False,,
Hybrid ML Controller,2026008,0f455a0eb70eed51,seed-2026008-scenario-00030,slow_car,slow_car,sim-001eea18-slow-car-00030,sim-001eea18-slow-car-00030,False,2692.680436927902,False,False,,,,False,False,False,0.0,False,False,,
Hybrid ML Controller,2026008,0f455a0eb70eed51,seed-2026008-scenario-00031,pedestrian,pedestrian,sim-001eea18-pedestrian-00031,sim-001eea18-pedestrian-00031,False,2762.1151273627374,False,False,,,,False,False,False,0.0,False,False,,
Hybrid ML Controller,2026008,0f455a0eb70eed51,seed-2026008-scenario-00032,slow_car,slow_car,sim-001eea18-slow-car-00032,sim-001eea18-slow-car-00032,False,2851.214793427559,False,False,,,,False,False,False,0.0,False,False,,
Hybrid ML Controller,2026008,0f455a0eb70eed51,seed-2026008-scenario-00034,stopped_car,stopped_car,sim-001eea18-stopped-car-00034,sim-001eea18-stopped-car-00034,False,3053.807753412696,False,False,,,,False,False,False,0.0,False,False,,
Hybrid ML Controller,2026008,0f455a0eb70eed51,seed-2026008-scenario-00035,truck,truck,sim-001eea18-truck-00035,sim-001eea18-truck-00035,False,3128.1286818682393,False,False,,,,False,False,False,0.0,False,False,,
Hybrid ML Controller,2026008,0f455a0eb70eed51,seed-2026008-scenario-00036,slow_car,slow_car,sim-001eea18-slow-car-00036,sim-001eea18-slow-car-00036,False,3204.677935345094,False,False,,,,False,False,False,0.0,False,False,,
Hybrid ML Controller,2026008,0f455a0eb70eed51,seed-2026008-scenario-00037,truck,truck,sim-001eea18-truck-00037,sim-001eea18-truck-00037,False,3307.819275648874,False,False,,,,False,False,False,0.0,False,False,,
Hybrid ML Controller,2026008,0f455a0eb70eed51,seed-2026008-scenario-00038,truck,mixed,sim-001eea18-truck-00038,sim-001eea18-truck-00038|sim-001eea18-left-traffic-00038,True,3413.45541035952,False,False,,,,False,False,False,0.0,False,False,,
Hybrid ML Controller,2026008,0f455a0eb70eed51,seed-2026008-scenario-00039,pedestrian,pedestrian,sim-001eea18-pedestrian-00039,sim-001eea18-pedestrian-00039,False,3494.8748700408682,False,False,,,,False,False,False,0.0,False,False,,
Hybrid ML Controller,2026008,0f455a0eb70eed51,seed-2026008-scenario-00040,slow_car,slow_car,sim-001eea18-slow-car-00040,sim-001eea18-slow-car-00040,False,3597.7726965435672,False,False,,,,False,False,False,0.0,False,False,,
Hybrid ML Controller,2026008,0f455a0eb70eed51,seed-2026008-scenario-00041,stopped_car,stopped_car,sim-001eea18-stopped-car-00041,sim-001eea18-stopped-car-00041,False,3691.0800094782458,False,False,,,,False,False,False,0.0,False,False,,
Hybrid ML Controller,2026008,0f455a0eb70eed51,seed-2026008-scenario-00042,slow_car,mixed,sim-001eea18-slow-car-00042,sim-001eea18-slow-car-00042|sim-001eea18-left-traffic-00042,True,3764.0617598662043,False,False,,,,False,False,False,0.0,False,False,,
Hybrid ML Controller,2026008,0f455a0eb70eed51,seed-2026008-scenario-00044,truck,mixed,sim-001eea18-truck-00044,sim-001eea18-truck-00044|sim-001eea18-left-traffic-00044,True,3935.9479321671215,False,False,,,,False,False,False,0.0,False,False,,
Hybrid ML Controller,2026008,0f455a0eb70eed51,seed-2026008-scenario-00046,pedestrian,pedestrian,sim-001eea18-pedestrian-00046,sim-001eea18-pedestrian-00046,False,4138.100148573715,False,False,,,,False,False,False,0.0,False,False,,
Hybrid ML Controller,2026008,0f455a0eb70eed51,seed-2026008-scenario-00047,slow_car,mixed,sim-001eea18-slow-car-00047,sim-001eea18-slow-car-00047|sim-001eea18-left-traffic-00047,True,4225.66095707927,False,False,,,,False,False,False,0.0,False,False,,
Hybrid ML Controller,2026008,0f455a0eb70eed51,seed-2026008-scenario-00048,stopped_car,stopped_car,sim-001eea18-stopped-car-00048,sim-001eea18-stopped-car-00048,False,4309.342494641993,False,False,,,,False,False,False,0.0,False,False,,
Hybrid ML Controller,2026008,0f455a0eb70eed51,seed-2026008-scenario-00049,slow_car,mixed,sim-001eea18-slow-car-00049,sim-001eea18-slow-car-00049|sim-001eea18-left-traffic-00049,True,4389.767950248323,False,False,,,,False,False,False,0.0,False,False,,
Rule Controller,2026009,13999752418d93a1,seed-2026009-scenario-00000,truck,truck,sim-001eea19-truck-00000,sim-001eea19-truck-00000,False,69.26284761505235,True,True,0.05,14.900000000000077,14.850000000000076,True,True,False,0.0,True,True,4.122712125100142,3.1085652666864014
Rule Controller,2026009,13999752418d93a1,seed-2026009-scenario-00001,slow_car,slow_car,sim-001eea19-slow-car-00001,sim-001eea19-slow-car-00001,False,149.81671092868376,True,True,12.600000000000044,29.700000000000287,17.100000000000243,True,False,True,0.0,True,True,2.5095818091971283,1.2000000000000117
Rule Controller,2026009,13999752418d93a1,seed-2026009-scenario-00003,slow_car,mixed,sim-001eea19-slow-car-00003,sim-001eea19-slow-car-00003|sim-001eea19-left-traffic-00003,True,319.7054362769243,True,True,28.700000000000273,88.34999999999712,59.64999999999685,True,True,False,0.0,True,True,0.11053042152632667,-1.875
Rule Controller,2026009,13999752418d93a1,seed-2026009-scenario-00004,pedestrian,pedestrian,sim-001eea19-pedestrian-00004,sim-001eea19-pedestrian-00004,False,389.01887065699907,True,True,29.500000000000284,45.799999999999535,16.29999999999925,True,True,False,0.1,False,False,3.146683312899972,5.417805347078513
Rule Controller,2026009,13999752418d93a1,seed-2026009-scenario-00005,pedestrian,pedestrian,sim-001eea19-pedestrian-00005,sim-001eea19-pedestrian-00005,False,478.63147867996076,True,True,45.74999999999954,64.1999999999985,18.44999999999896,True,True,False,0.1,False,False,,0.42500000000000027
Rule Controller,2026009,13999752418d93a1,seed-2026009-scenario-00006,pedestrian,pedestrian,sim-001eea19-pedestrian-00006,sim-001eea19-pedestrian-00006,False,561.7258026270537,True,True,63.44999999999853,80.59999999999756,17.149999999999032,True,True,False,0.1,False,False,,0.42500000000000027
Rule Controller,2026009,13999752418d93a1,seed-2026009-scenario-00008,stopped_car,mixed,sim-001eea19-stopped-car-00008,sim-001eea19-stopped-car-00008|sim-001eea19-left-traffic-00008,True,754.6916149639202,True,True,88.34999999999712,94.59999999999677,6.249999999999645,True,False,True,0.0,True,False,0.1477645905730728,-1.875
Rule Controller,2026009,13999752418d93a1,seed-2026009-scenario-00010,slow_car,mixed,sim-001eea19-slow-car-00010,sim-001eea19-slow-car-00010|sim-001eea19-left-traffic-00010,True,942.1328412735535,True,True,103.74999999999625,112.89999999999573,9.14999999999948,True,True,False,0.0,True,False,0.002617758487888189,-1.875
Rule Controller,2026009,13999752418d93a1,seed-2026009-scenario-00012,truck,truck,sim-001eea19-truck-00012,sim-001eea19-truck-00012,False,1119.8032964894269,True,True,117.44999999999547,176.1500000000058,58.700000000010334,True,True,False,3.4499999999999957,True,True,2.7095348543781244,3.3
Rule Controller,2026009,13999752418d93a1,seed-2026009-scenario-00013,slow_car,slow_car,sim-001eea19-slow-car-00013,sim-001eea19-slow-car-00013,False,1195.7634079603513,True,True,122.84999999999516,174.90000000000552,52.05000000001036,True,True,False,0.0,False,False,7.428003379201456,3.625
Rule Controller,2026009,13999752418d93a1,seed-2026009-scenario-00014,pedestrian,pedestrian,sim-001eea19-pedestrian-00014,sim-001eea19-pedestrian-00014,False,1274.9816953585141,True,True,126.94999999999493,150.1999999999999,23.250000000004974,True,True,False,0.1,False,False,,0.42500000000000027
Rule Controller,2026009,13999752418d93a1,seed-2026009-scenario-00015,pedestrian,pedestrian,sim-001eea19-pedestrian-00015,sim-001eea19-pedestrian-00015,False,1382.2166736832141,True,True,151.75000000000026,168.85000000000414,17.100000000003888,True,True,False,0.1,False,False,,0.42500000000000027
Rule Controller,2026009,13999752418d93a1,seed-2026009-scenario-00016,stopped_car,stopped_car,sim-001eea19-stopped-car-00016,sim-001eea19-stopped-car-00016,False,1470.7742381832206,True,True,168.7000000000041,175.35000000000562,6.650000000001512,True,True,False,0.0,False,False,,3.625
Rule Controller,2026009,13999752418d93a1,seed-2026009-scenario-00017,pedestrian,pedestrian,sim-001eea19-pedestrian-00017,sim-001eea19-pedestrian-00017,False,1539.397508032091,True,True,174.00000000000531,193.35000000000971,19.3500000000044,True,True,False,0.1,False,False,,0.42500000000000027
Rule Controller,2026009,13999752418d93a1,seed-2026009-scenario-00018,truck,mixed,sim-001eea19-truck-00018,sim-001eea19-truck-00018|sim-001eea19-left-traffic-00018,True,1617.624463816589,True,True,207.95000000001303,240.85000000002051,32.90000000000748,True,True,False,0.0,False,False,,-1.875
Rule Controller,2026009,13999752418d93a1,seed-2026009-scenario-00019,stopped_car,stopped_car,sim-001eea19-stopped-car-00019,sim-001eea19-stopped-car-00019,False,1710.924898060445,True,True,199.55000000001112,205.85000000001256,6.3000000000014325,True,True,False,0.0,False,False,,3.625
Rule Controller,2026009,13999752418d93a1,seed-2026009-scenario-00020,stopped_car,mixed,sim-001eea19-stopped-car-00020,sim-001eea19-stopped-car-00020|sim-001eea19-left-traffic-00020,True,1795.3151042676695,True,True,205.6000000000125,211.90000000001393,6.3000000000014325,True,True,False,0.0,False,False,8.58085344163544,2.597549348287197
Rule Controller,2026009,13999752418d93a1,seed-2026009-scenario-00021,pedestrian,pedestrian,sim-001eea19-pedestrian-00021,sim-001eea19-pedestrian-00021,False,1867.793186190812,True,True,210.8500000000137,228.20000000001764,17.350000000003945,True,True,False,0.1,False,False,,0.42500000000000027
Rule Controller,2026009,13999752418d93a1,seed-2026009-scenario-00022,truck,truck,sim-001eea19-truck-00022,sim-001eea19-truck-00022,False,1955.2407173904703,True,True,238.25000000001992,267.7000000000266,29.450000000006668,True,True,False,0.0,False,False,,3.3
Rule Controller,2026009,13999752418d93a1,seed-2026009-scenario-00023,slow_car,slow_car,sim-001eea19-slow-car-00023,sim-001eea19-slow-car-00023,False,2057.836133813329,True,True,238.1000000000199,265.70000000002614,27.600000000006247,True,True,False,0.65,False,False,,3.625
Rule Controller,2026009,13999752418d93a1,seed-2026009-scenario-00024,pedestrian,pedestrian,sim-001eea19-pedestrian-00024,sim-001eea19-pedestrian-00024,False,2138.860505268629,True,True,241.55000000002067,259.25000000002467,17.700000000003996,True,True,False,0.1,False,False,,0.42500000000000027
Rule Controller,2026009,13999752418d93a1,seed-2026009-scenario-00025,stopped_car,stopped_car,sim-001eea19-stopped-car-00025,sim-001eea19-stopped-car-00025,False,2207.1072507075937,True,True,255.60000000002387,264.3000000000258,8.70000000000195,True,True,False,0.0,False,False,,3.625
Rule Controller,2026009,13999752418d93a1,seed-2026009-scenario-00027,slow_car,slow_car,sim-001eea19-slow-car-00027,sim-001eea19-slow-car-00027,False,2355.7702924051273,True,False,270.95000000002733,,,False,False,False,0.0,True,False,2.0506780233142736,1.9436025338581207
Rule Controller,2026009,13999752418d93a1,seed-2026009-scenario-00028,pedestrian,pedestrian,sim-001eea19-pedestrian-00028,sim-001eea19-pedestrian-00028,False,2427.868902630875,True,False,273.900000000028,290.90000000003187,17.000000000003865,True,False,False,0.1,False,False,5.388073389852211,3.1512292182993447
Rule Controller,2026009,13999752418d93a1,seed-2026009-scenario-00029,slow_car,mixed,sim-001eea19-slow-car-00029,sim-001eea19-slow-car-00029|sim-001eea19-left-traffic-00029,True,2502.476243356008,False,False,,,,False,False,False,0.0,False,False,,
Rule Controller,2026009,13999752418d93a1,seed-2026009-scenario-00030,truck,truck,sim-001eea19-truck-00030,sim-001eea19-truck-00030,False,2599.7446937292957,False,False,,,,False,False,False,0.0,False,False,,
Rule Controller,2026009,13999752418d93a1,seed-2026009-scenario-00032,slow_car,mixed,sim-001eea19-slow-car-00032,sim-001eea19-slow-car-00032|sim-001eea19-left-traffic-00032,True,2794.295478893114,False,False,,,,False,False,False,0.0,False,False,,
Rule Controller,2026009,13999752418d93a1,seed-2026009-scenario-00033,pedestrian,pedestrian,sim-001eea19-pedestrian-00033,sim-001eea19-pedestrian-00033,False,2891.801616149355,False,False,,,,False,False,False,0.0,False,False,,
Rule Controller,2026009,13999752418d93a1,seed-2026009-scenario-00034,slow_car,mixed,sim-001eea19-slow-car-00034,sim-001eea19-slow-car-00034|sim-001eea19-left-traffic-00034,True,2991.751589692588,False,False,,,,False,False,False,0.0,False,False,,
Rule Controller,2026009,13999752418d93a1,seed-2026009-scenario-00035,stopped_car,mixed,sim-001eea19-stopped-car-00035,sim-001eea19-stopped-car-00035|sim-001eea19-left-traffic-00035,True,3065.5808493605014,False,False,,,,False,False,False,0.0,False,False,,
Rule Controller,2026009,13999752418d93a1,seed-2026009-scenario-00036,slow_car,mixed,sim-001eea19-slow-car-00036,sim-001eea19-slow-car-00036|sim-001eea19-left-traffic-00036,True,3170.19008713048,False,False,,,,False,False,False,0.0,False,False,,
Rule Controller,2026009,13999752418d93a1,seed-2026009-scenario-00037,pedestrian,pedestrian,sim-001eea19-pedestrian-00037,sim-001eea19-pedestrian-00037,False,3254.2006505578497,False,False,,,,False,False,False,0.0,False,False,,
Rule Controller,2026009,13999752418d93a1,seed-2026009-scenario-00038,truck,truck,sim-001eea19-truck-00038,sim-001eea19-truck-00038,False,3333.2322847720684,False,False,,,,False,False,False,0.0,False,False,,
Rule Controller,2026009,13999752418d93a1,seed-2026009-scenario-00039,pedestrian,pedestrian,sim-001eea19-pedestrian-00039,sim-001eea19-pedestrian-00039,False,3406.7907007263166,False,False,,,,False,False,False,0.0,False,False,,
Rule Controller,2026009,13999752418d93a1,seed-2026009-scenario-00040,truck,truck,sim-001eea19-truck-00040,sim-001eea19-truck-00040,False,3487.469300504958,False,False,,,,False,False,False,0.0,False,False,,
Rule Controller,2026009,13999752418d93a1,seed-2026009-scenario-00041,stopped_car,stopped_car,sim-001eea19-stopped-car-00041,sim-001eea19-stopped-car-00041,False,3592.4273073082722,False,False,,,,False,False,False,0.0,False,False,,
Rule Controller,2026009,13999752418d93a1,seed-2026009-scenario-00042,stopped_car,mixed,sim-001eea19-stopped-car-00042,sim-001eea19-stopped-car-00042|sim-001eea19-left-traffic-00042,True,3671.5215441221226,False,False,,,,False,False,False,0.0,False,False,,
Rule Controller,2026009,13999752418d93a1,seed-2026009-scenario-00043,truck,truck,sim-001eea19-truck-00043,sim-001eea19-truck-00043,False,3752.3035429414963,False,False,,,,False,False,False,0.0,False,False,,
Rule Controller,2026009,13999752418d93a1,seed-2026009-scenario-00044,pedestrian,pedestrian,sim-001eea19-pedestrian-00044,sim-001eea19-pedestrian-00044,False,3840.358060150043,False,False,,,,False,False,False,0.0,False,False,,
Rule Controller,2026009,13999752418d93a1,seed-2026009-scenario-00045,slow_car,slow_car,sim-001eea19-slow-car-00045,sim-001eea19-slow-car-00045,False,3928.1736353475235,False,False,,,,False,False,False,0.0,False,False,,
Rule Controller,2026009,13999752418d93a1,seed-2026009-scenario-00046,truck,truck,sim-001eea19-truck-00046,sim-001eea19-truck-00046,False,4030.627177808868,False,False,,,,False,False,False,0.0,False,False,,
Rule Controller,2026009,13999752418d93a1,seed-2026009-scenario-00047,stopped_car,stopped_car,sim-001eea19-stopped-car-00047,sim-001eea19-stopped-car-00047,False,4111.792792091029,False,False,,,,False,False,False,0.0,False,False,,
Rule Controller,2026009,13999752418d93a1,seed-2026009-scenario-00048,stopped_car,stopped_car,sim-001eea19-stopped-car-00048,sim-001eea19-stopped-car-00048,False,4190.094626108115,False,False,,,,False,False,False,0.0,False,False,,
Rule Controller,2026009,13999752418d93a1,seed-2026009-scenario-00049,truck,mixed,sim-001eea19-truck-00049,sim-001eea19-truck-00049|sim-001eea19-left-traffic-00049,True,4287.465843298323,False,False,,,,False,False,False,0.0,False,False,,
Rule Controller,2026009,13999752418d93a1,seed-2026009-scenario-00050,pedestrian,pedestrian,sim-001eea19-pedestrian-00050,sim-001eea19-pedestrian-00050,False,4370.517401078681,False,False,,,,False,False,False,0.0,False,False,,
Hybrid ML Controller,2026009,13999752418d93a1,seed-2026009-scenario-00000,truck,truck,sim-001eea19-truck-00000,sim-001eea19-truck-00000,False,69.26284761505235,True,True,0.05,14.900000000000077,14.850000000000076,True,True,False,0.0,True,True,4.122712125100158,3.1085652666864014
Hybrid ML Controller,2026009,13999752418d93a1,seed-2026009-scenario-00001,slow_car,slow_car,sim-001eea19-slow-car-00001,sim-001eea19-slow-car-00001,False,149.81671092868376,True,True,12.600000000000044,30.400000000000297,17.800000000000253,True,False,True,4.749999999999991,True,True,0.7616946170129604,1.144730216467353
Hybrid ML Controller,2026009,13999752418d93a1,seed-2026009-scenario-00003,slow_car,mixed,sim-001eea19-slow-car-00003,sim-001eea19-slow-car-00003|sim-001eea19-left-traffic-00003,True,319.7054362769243,True,True,28.950000000000276,90.09999999999702,61.14999999999675,True,True,False,0.0,False,False,0.17838973239192826,-1.875
Hybrid ML Controller,2026009,13999752418d93a1,seed-2026009-scenario-00004,pedestrian,pedestrian,sim-001eea19-pedestrian-00004,sim-001eea19-pedestrian-00004,False,389.01887065699907,True,True,29.85000000000029,46.19999999999951,16.349999999999223,True,True,False,0.1,False,False,,0.42500000000000027
Hybrid ML Controller,2026009,13999752418d93a1,seed-2026009-scenario-00005,pedestrian,pedestrian,sim-001eea19-pedestrian-00005,sim-001eea19-pedestrian-00005,False,478.63147867996076,True,True,46.149999999999515,64.64999999999847,18.499999999998956,True,True,False,0.1,False,False,,0.42500000000000027
Hybrid ML Controller,2026009,13999752418d93a1,seed-2026009-scenario-00006,pedestrian,pedestrian,sim-001eea19-pedestrian-00006,sim-001eea19-pedestrian-00006,False,561.7258026270537,True,True,63.899999999998506,81.09999999999754,17.19999999999903,True,True,False,0.1,False,False,,0.42500000000000027
Hybrid ML Controller,2026009,13999752418d93a1,seed-2026009-scenario-00008,stopped_car,mixed,sim-001eea19-stopped-car-00008,sim-001eea19-stopped-car-00008|sim-001eea19-left-traffic-00008,True,754.6916149639202,True,True,89.44999999999706,97.74999999999659,8.299999999999528,True,True,False,0.0,False,False,7.305977997033486,-1.875
Hybrid ML Controller,2026009,13999752418d93a1,seed-2026009-scenario-00010,slow_car,mixed,sim-001eea19-slow-car-00010,sim-001eea19-slow-car-00010|sim-001eea19-left-traffic-00010,True,942.1328412735535,True,True,106.84999999999607,145.89999999999893,39.05000000000285,True,True,False,0.0,True,False,3.6259345249302473,3.0857087283654474
Hybrid ML Controller,2026009,13999752418d93a1,seed-2026009-scenario-00012,truck,truck,sim-001eea19-truck-00012,sim-001eea19-truck-00012,False,1119.8032964894269,True,True,223.95000000001667,,,False,False,False,0.0,True,False,3.6930636254077585,10.406806824435883
Hybrid ML Controller,2026009,13999752418d93a1,seed-2026009-scenario-00013,slow_car,slow_car,sim-001eea19-slow-car-00013,sim-001eea19-slow-car-00013,False,1195.7634079603513,True,True,153.80000000000072,223.05000000001647,69.25000000001575,True,True,False,0.65,True,True,5.780457978101856,3.625
Hybrid ML Controller,2026009,13999752418d93a1,seed-2026009-scenario-00014,pedestrian,pedestrian,sim-001eea19-pedestrian-00014,sim-001eea19-pedestrian-00014,False,1274.9816953585141,True,True,152.25000000000037,170.9000000000046,18.65000000000424,True,True,False,0.1,False,False,7.85136094097009,5.083860940969771
Hybrid ML Controller,2026009,13999752418d93a1,seed-2026009-scenario-00015,pedestrian,pedestrian,sim-001eea19-pedestrian-00015,sim-001eea19-pedestrian-00015,False,1382.2166736832141,True,True,172.45000000000496,191.85000000000937,19.40000000000441,True,True,False,2.25,False,False,4.572744661346138,0.42500000000000027
Hybrid ML Controller,2026009,13999752418d93a1,seed-2026009-scenario-00016,stopped_car,stopped_car,sim-001eea19-stopped-car-00016,sim-001eea19-stopped-car-00016,False,1470.7742381832206,True,True,191.70000000000934,199.000000000011,7.30000000000166,True,True,False,0.0,False,False,,3.625
Hybrid ML Controller,2026009,13999752418d93a1,seed-2026009-scenario-00017,pedestrian,pedestrian,sim-001eea19-pedestrian-00017,sim-001eea19-pedestrian-00017,False,1539.397508032091,True,True,197.05000000001056,218.00000000001532,20.950000000004763,True,True,False,0.1,False,False,,0.42500000000000027
Hybrid ML Controller,2026009,13999752418d93a1,seed-2026009-scenario-00018,truck,mixed,sim-001eea19-truck-00018,sim-001eea19-truck-00018|sim-001eea19-left-traffic-00018,True,1617.624463816589,False,False,,,,False,False,False,0.0,False,False,,
Hybrid ML Controller,2026009,13999752418d93a1,seed-2026009-scenario-00019,stopped_car,stopped_car,sim-001eea19-stopped-car-00019,sim-001eea19-stopped-car-00019,False,1710.924898060445,True,True,224.20000000001673,239.80000000002028,15.600000000003547,True,False,True,6.499999999999985,True,False,0.41498204802865923,1.156507241654457
Hybrid ML Controller,2026009,13999752418d93a1,seed-2026009-scenario-00020,stopped_car,mixed,sim-001eea19-stopped-car-00020,sim-001eea19-stopped-car-00020|sim-001eea19-left-traffic-00020,True,1795.3151042676695,True,True,239.4500000000202,250.35000000002267,10.900000000002478,True,True,False,0.0,True,True,0.27124715620214934,-0.24661799999999534
Hybrid ML Controller,2026009,13999752418d93a1,seed-2026009-scenario-00021,pedestrian,pedestrian,sim-001eea19-pedestrian-00021,sim-001eea19-pedestrian-00021,False,1867.793186190812,True,True,248.50000000002225,267.8500000000266,19.35000000000437,True,True,False,0.1,False,False,4.669223269610562,5.925000000000001
Hybrid ML Controller,2026009,13999752418d93a1,seed-2026009-scenario-00022,truck,truck,sim-001eea19-truck-00022,sim-001eea19-truck-00022,False,1955.2407173904703,False,False,,,,False,False,False,0.0,False,False,,
Hybrid ML Controller,2026009,13999752418d93a1,seed-2026009-scenario-00023,slow_car,slow_car,sim-001eea19-slow-car-00023,sim-001eea19-slow-car-00023,False,2057.836133813329,False,False,,,,False,False,False,0.0,False,False,,
Hybrid ML Controller,2026009,13999752418d93a1,seed-2026009-scenario-00024,pedestrian,pedestrian,sim-001eea19-pedestrian-00024,sim-001eea19-pedestrian-00024,False,2138.860505268629,True,False,293.85000000003254,,,False,False,False,0.0,False,False,,39.40341432410945
Hybrid ML Controller,2026009,13999752418d93a1,seed-2026009-scenario-00025,stopped_car,stopped_car,sim-001eea19-stopped-car-00025,sim-001eea19-stopped-car-00025,False,2207.1072507075937,False,False,,,,False,False,False,0.0,False,False,,
Hybrid ML Controller,2026009,13999752418d93a1,seed-2026009-scenario-00027,slow_car,slow_car,sim-001eea19-slow-car-00027,sim-001eea19-slow-car-00027,False,2355.7702924051273,False,False,,,,False,False,False,0.0,False,False,,
Hybrid ML Controller,2026009,13999752418d93a1,seed-2026009-scenario-00028,pedestrian,pedestrian,sim-001eea19-pedestrian-00028,sim-001eea19-pedestrian-00028,False,2427.868902630875,False,False,,,,False,False,False,0.0,False,False,,
Hybrid ML Controller,2026009,13999752418d93a1,seed-2026009-scenario-00029,slow_car,mixed,sim-001eea19-slow-car-00029,sim-001eea19-slow-car-00029|sim-001eea19-left-traffic-00029,True,2502.476243356008,False,False,,,,False,False,False,0.0,False,False,,
Hybrid ML Controller,2026009,13999752418d93a1,seed-2026009-scenario-00030,truck,truck,sim-001eea19-truck-00030,sim-001eea19-truck-00030,False,2599.7446937292957,False,False,,,,False,False,False,0.0,False,False,,
Hybrid ML Controller,2026009,13999752418d93a1,seed-2026009-scenario-00032,slow_car,mixed,sim-001eea19-slow-car-00032,sim-001eea19-slow-car-00032|sim-001eea19-left-traffic-00032,True,2794.295478893114,False,False,,,,False,False,False,0.0,False,False,,
Hybrid ML Controller,2026009,13999752418d93a1,seed-2026009-scenario-00033,pedestrian,pedestrian,sim-001eea19-pedestrian-00033,sim-001eea19-pedestrian-00033,False,2891.801616149355,False,False,,,,False,False,False,0.0,False,False,,
Hybrid ML Controller,2026009,13999752418d93a1,seed-2026009-scenario-00034,slow_car,mixed,sim-001eea19-slow-car-00034,sim-001eea19-slow-car-00034|sim-001eea19-left-traffic-00034,True,2991.751589692588,False,False,,,,False,False,False,0.0,False,False,,
Hybrid ML Controller,2026009,13999752418d93a1,seed-2026009-scenario-00035,stopped_car,mixed,sim-001eea19-stopped-car-00035,sim-001eea19-stopped-car-00035|sim-001eea19-left-traffic-00035,True,3065.5808493605014,False,False,,,,False,False,False,0.0,False,False,,
Hybrid ML Controller,2026009,13999752418d93a1,seed-2026009-scenario-00036,slow_car,mixed,sim-001eea19-slow-car-00036,sim-001eea19-slow-car-00036|sim-001eea19-left-traffic-00036,True,3170.19008713048,False,False,,,,False,False,False,0.0,False,False,,
Hybrid ML Controller,2026009,13999752418d93a1,seed-2026009-scenario-00037,pedestrian,pedestrian,sim-001eea19-pedestrian-00037,sim-001eea19-pedestrian-00037,False,3254.2006505578497,False,False,,,,False,False,False,0.0,False,False,,
Hybrid ML Controller,2026009,13999752418d93a1,seed-2026009-scenario-00038,truck,truck,sim-001eea19-truck-00038,sim-001eea19-truck-00038,False,3333.2322847720684,False,False,,,,False,False,False,0.0,False,False,,
Hybrid ML Controller,2026009,13999752418d93a1,seed-2026009-scenario-00039,pedestrian,pedestrian,sim-001eea19-pedestrian-00039,sim-001eea19-pedestrian-00039,False,3406.7907007263166,False,False,,,,False,False,False,0.0,False,False,,
Hybrid ML Controller,2026009,13999752418d93a1,seed-2026009-scenario-00040,truck,truck,sim-001eea19-truck-00040,sim-001eea19-truck-00040,False,3487.469300504958,False,False,,,,False,False,False,0.0,False,False,,
Hybrid ML Controller,2026009,13999752418d93a1,seed-2026009-scenario-00041,stopped_car,stopped_car,sim-001eea19-stopped-car-00041,sim-001eea19-stopped-car-00041,False,3592.4273073082722,False,False,,,,False,False,False,0.0,False,False,,
Hybrid ML Controller,2026009,13999752418d93a1,seed-2026009-scenario-00042,stopped_car,mixed,sim-001eea19-stopped-car-00042,sim-001eea19-stopped-car-00042|sim-001eea19-left-traffic-00042,True,3671.5215441221226,False,False,,,,False,False,False,0.0,False,False,,
Hybrid ML Controller,2026009,13999752418d93a1,seed-2026009-scenario-00043,truck,truck,sim-001eea19-truck-00043,sim-001eea19-truck-00043,False,3752.3035429414963,False,False,,,,False,False,False,0.0,False,False,,
Hybrid ML Controller,2026009,13999752418d93a1,seed-2026009-scenario-00044,pedestrian,pedestrian,sim-001eea19-pedestrian-00044,sim-001eea19-pedestrian-00044,False,3840.358060150043,False,False,,,,False,False,False,0.0,False,False,,
Hybrid ML Controller,2026009,13999752418d93a1,seed-2026009-scenario-00045,slow_car,slow_car,sim-001eea19-slow-car-00045,sim-001eea19-slow-car-00045,False,3928.1736353475235,False,False,,,,False,False,False,0.0,False,False,,
Hybrid ML Controller,2026009,13999752418d93a1,seed-2026009-scenario-00046,truck,truck,sim-001eea19-truck-00046,sim-001eea19-truck-00046,False,4030.627177808868,False,False,,,,False,False,False,0.0,False,False,,
Hybrid ML Controller,2026009,13999752418d93a1,seed-2026009-scenario-00047,stopped_car,stopped_car,sim-001eea19-stopped-car-00047,sim-001eea19-stopped-car-00047,False,4111.792792091029,False,False,,,,False,False,False,0.0,False,False,,
Hybrid ML Controller,2026009,13999752418d93a1,seed-2026009-scenario-00048,stopped_car,stopped_car,sim-001eea19-stopped-car-00048,sim-001eea19-stopped-car-00048,False,4190.094626108115,False,False,,,,False,False,False,0.0,False,False,,
Hybrid ML Controller,2026009,13999752418d93a1,seed-2026009-scenario-00049,truck,mixed,sim-001eea19-truck-00049,sim-001eea19-truck-00049|sim-001eea19-left-traffic-00049,True,4287.465843298323,False,False,,,,False,False,False,0.0,False,False,,
Hybrid ML Controller,2026009,13999752418d93a1,seed-2026009-scenario-00050,pedestrian,pedestrian,sim-001eea19-pedestrian-00050,sim-001eea19-pedestrian-00050,False,4370.517401078681,False,False,,,,False,False,False,0.0,False,False,,
Rule Controller,2026010,b86d70353be65c4b,seed-2026010-scenario-00000,pedestrian,pedestrian,sim-001eea1a-pedestrian-00000,sim-001eea1a-pedestrian-00000,False,63.17809196458676,True,True,0.05,19.050000000000136,19.000000000000135,True,True,False,0.1,False,False,3.95431871944456,5.925000000000001
Rule Controller,2026010,b86d70353be65c4b,seed-2026010-scenario-00002,slow_car,mixed,sim-001eea1a-slow-car-00002,sim-001eea1a-slow-car-00002|sim-001eea1a-left-traffic-00002,True,223.39794612600195,True,True,28.250000000000266,40.04999999999986,11.799999999999596,True,True,False,0.0,True,True,0.14002206867688577,-1.875
Rule Controller,2026010,b86d70353be65c4b,seed-2026010-scenario-00003,truck,truck,sim-001eea1a-truck-00003,sim-001eea1a-truck-00003,False,295.12677435853783,True,True,33.45000000000024,45.649999999999544,12.199999999999307,True,False,True,0.0,False,False,,1.2000000000000002
Rule Controller,2026010,b86d70353be65c4b,seed-2026010-scenario-00004,truck,truck,sim-001eea1a-truck-00004,sim-001eea1a-truck-00004,False,397.27283830814895,True,True,40.199999999999854,94.99999999999675,54.79999999999689,True,True,False,2.499999999999999,False,False,3.553713057314477,3.2654006330486576
Rule Controller,2026010,b86d70353be65c4b,seed-2026010-scenario-00005,pedestrian,pedestrian,sim-001eea1a-pedestrian-00005,sim-001eea1a-pedestrian-00005,False,495.08465404614435,True,True,43.99999999999964,63.59999999999852,19.599999999998886,True,True,False,0.1,False,False,,5.287272175241981
Rule Controller,2026010,b86d70353be65c4b,seed-2026010-scenario-00006,stopped_car,stopped_car,sim-001eea1a-stopped-car-00006,sim-001eea1a-stopped-car-00006,False,579.9433595558369,True,True,62.99999999999856,69.84999999999818,6.849999999999618,True,True,False,0.0,True,True,1.9241710564700405,2.5977340575491934
Rule Controller,2026010,b86d70353be65c4b,seed-2026010-scenario-00007,pedestrian,pedestrian,sim-001eea1a-pedestrian-00007,sim-001eea1a-pedestrian-00007,False,674.2046215045846,True,True,70.34999999999815,87.69999999999716,17.349999999999014,True,True,False,0.1,False,False,,0.42500000000000027
Rule Controller,2026010,b86d70353be65c4b,seed-2026010-scenario-00008,slow_car,slow_car,sim-001eea1a-slow-car-00008,sim-001eea1a-slow-car-00008,False,764.4642095277263,True,True,94.34999999999678,103.19999999999628,8.849999999999497,True,True,False,0.0,False,False,,3.625
Rule Controller,2026010,b86d70353be65c4b,seed-2026010-scenario-00009,truck,mixed,sim-001eea1a-truck-00009,sim-001eea1a-truck-00009|sim-001eea1a-left-traffic-00009,True,844.2293535040005,True,True,97.6499999999966,129.59999999999522,31.949999999998624,True,True,False,2.25,False,False,15.035489321315763,1.2951079285680316
Rule Controller,2026010,b86d70353be65c4b,seed-2026010-scenario-00010,slow_car,mixed,sim-001eea1a-slow-car-00010,sim-001eea1a-slow-car-00010|sim-001eea1a-left-traffic-00010,True,918.011655221836,True,True,101.39999999999638,126.99999999999493,25.599999999998545,True,True,False,1.3000000000000005,False,False,0.03395009123123883,-1.875
Rule Controller,2026010,b86d70353be65c4b,seed-2026010-scenario-00011,pedestrian,pedestrian,sim-001eea1a-pedestrian-00011,sim-001eea1a-pedestrian-00011,False,1002.0812522520312,True,True,105.14999999999617,121.64999999999523,16.499999999999062,True,True,False,0.1,False,False,,0.42500000000000027
Rule Controller,2026010,b86d70353be65c4b,seed-2026010-scenario-00014,truck,mixed,sim-001eea1a-truck-00014,sim-001eea1a-truck-00014|sim-001eea1a-left-traffic-00014,True,1254.914954732119,True,True,136.79999999999686,241.10000000002057,104.30000000002372,True,True,False,0.05,True,True,0.08629748544295963,-1.875
Rule Controller,2026010,b86d70353be65c4b,seed-2026010-scenario-00015,truck,truck,sim-001eea1a-truck-00015,sim-001eea1a-truck-00015,False,1345.531945460849,True,True,151.0500000000001,246.30000000002175,95.25000000002166,True,True,False,0.0,False,False,8.274106677220297,3.3
Rule Controller,2026010,b86d70353be65c4b,seed-2026010-scenario-00016,pedestrian,pedestrian,sim-001eea1a-pedestrian-00016,sim-001eea1a-pedestrian-00016,False,1429.5165156855223,True,True,150.6,169.80000000000436,19.200000000004366,True,True,False,0.1,False,False,,0.42500000000000027
Rule Controller,2026010,b86d70353be65c4b,seed-2026010-scenario-00017,pedestrian,pedestrian,sim-001eea1a-pedestrian-00017,sim-001eea1a-pedestrian-00017,False,1520.8779953879925,True,True,169.9500000000044,187.50000000000838,17.55000000000399,True,True,False,0.1,False,False,,0.42500000000000027
Rule Controller,2026010,b86d70353be65c4b,seed-2026010-scenario-00018,slow_car,slow_car,sim-001eea1a-slow-car-00018,sim-001eea1a-slow-car-00018,False,1589.134109486566,True,True,195.1000000000101,245.00000000002146,49.900000000011346,True,True,False,0.0,False,False,9.152959280742675,3.625
Rule Controller,2026010,b86d70353be65c4b,seed-2026010-scenario-00020,pedestrian,pedestrian,sim-001eea1a-pedestrian-00020,sim-001eea1a-pedestrian-00020,False,1784.9066979899383,True,True,214.20000000001446,232.0500000000185,17.85000000000406,True,True,False,0.1,False,False,,0.42500000000000027
Rule Controller,2026010,b86d70353be65c4b,seed-2026010-scenario-00021,truck,mixed,sim-001eea1a-truck-00021,sim-001eea1a-truck-00021|sim-001eea1a-left-traffic-00021,True,1869.2132834284737,True,True,248.10000000002216,,,False,False,False,0.0,False,False,14.853034530402812,42.05511272758804
Rule Controller,2026010,b86d70353be65c4b,seed-2026010-scenario-00022,slow_car,slow_car,sim-001eea1a-slow-car-00022,sim-001eea1a-slow-car-00022,False,1962.5089083051453,True,True,241.90000000002075,290.7000000000318,48.80000000001107,True,True,False,2.549999999999999,False,False,,3.625
Rule Controller,2026010,b86d70353be65c4b,seed-2026010-scenario-00023,pedestrian,pedestrian,sim-001eea1a-pedestrian-00023,sim-001eea1a-pedestrian-00023,False,2059.1908709159934,True,True,245.6500000000216,262.30000000002536,16.650000000003757,True,True,False,0.1,False,False,,0.42500000000000027
Rule Controller,2026010,b86d70353be65c4b,seed-2026010-scenario-00024,slow_car,mixed,sim-001eea1a-slow-car-00024,sim-001eea1a-slow-car-00024|sim-001eea1a-left-traffic-00024,True,2131.596334466842,True,False,291.25000000003195,,,False,False,False,0.0,False,False,21.020641458044707,41.99898318688611
Rule Controller,2026010,b86d70353be65c4b,seed-2026010-scenario-00025,pedestrian,pedestrian,sim-001eea1a-pedestrian-00025,sim-001eea1a-pedestrian-00025,False,2201.009864767911,True,True,266.3500000000263,283.80000000003025,17.450000000003968,True,True,False,0.1,False,False,,0.42500000000000027
Rule Controller,2026010,b86d70353be65c4b,seed-2026010-scenario-00026,truck,truck,sim-001eea1a-truck-00026,sim-001eea1a-truck-00026,False,2277.852351312607,False,False,,,,False,False,False,0.0,False,False,,
Rule Controller,2026010,b86d70353be65c4b,seed-2026010-scenario-00027,pedestrian,pedestrian,sim-001eea1a-pedestrian-00027,sim-001eea1a-pedestrian-00027,False,2374.8188111627896,True,False,290.1500000000317,,,False,False,False,0.0,False,False,,5.920341625728993
Rule Controller,2026010,b86d70353be65c4b,seed-2026010-scenario-00028,stopped_car,stopped_car,sim-001eea1a-stopped-car-00028,sim-001eea1a-stopped-car-00028,False,2449.638382572154,False,False,,,,False,False,False,0.0,False,False,,
Rule Controller,2026010,b86d70353be65c4b,seed-2026010-scenario-00029,truck,truck,sim-001eea1a-truck-00029,sim-001eea1a-truck-00029,False,2539.610197322349,False,False,,,,False,False,False,0.0,False,False,,
Rule Controller,2026010,b86d70353be65c4b,seed-2026010-scenario-00030,stopped_car,mixed,sim-001eea1a-stopped-car-00030,sim-001eea1a-stopped-car-00030|sim-001eea1a-left-traffic-00030,True,2609.940481214146,False,False,,,,False,False,False,0.0,False,False,,
Rule Controller,2026010,b86d70353be65c4b,seed-2026010-scenario-00031,slow_car,slow_car,sim-001eea1a-slow-car-00031,sim-001eea1a-slow-car-00031,False,2684.899136867701,False,False,,,,False,False,False,0.0,False,False,,
Rule Controller,2026010,b86d70353be65c4b,seed-2026010-scenario-00032,pedestrian,pedestrian,sim-001eea1a-pedestrian-00032,sim-001eea1a-pedestrian-00032,False,2757.4294179336935,False,False,,,,False,False,False,0.0,False,False,,
Rule Controller,2026010,b86d70353be65c4b,seed-2026010-scenario-00034,truck,mixed,sim-001eea1a-truck-00034,sim-001eea1a-truck-00034|sim-001eea1a-left-traffic-00034,True,2932.2127062419627,False,False,,,,False,False,False,0.0,False,False,,
Rule Controller,2026010,b86d70353be65c4b,seed-2026010-scenario-00035,stopped_car,mixed,sim-001eea1a-stopped-car-00035,sim-001eea1a-stopped-car-00035|sim-001eea1a-left-traffic-00035,True,3031.520440681279,False,False,,,,False,False,False,0.0,False,False,,
Rule Controller,2026010,b86d70353be65c4b,seed-2026010-scenario-00036,stopped_car,stopped_car,sim-001eea1a-stopped-car-00036,sim-001eea1a-stopped-car-00036,False,3112.1979500408765,False,False,,,,False,False,False,0.0,False,False,,
Rule Controller,2026010,b86d70353be65c4b,seed-2026010-scenario-00037,slow_car,mixed,sim-001eea1a-slow-car-00037,sim-001eea1a-slow-car-00037|sim-001eea1a-left-traffic-00037,True,3189.633592848752,False,False,,,,False,False,False,0.0,False,False,,
Rule Controller,2026010,b86d70353be65c4b,seed-2026010-scenario-00038,truck,mixed,sim-001eea1a-truck-00038,sim-001eea1a-truck-00038|sim-001eea1a-left-traffic-00038,True,3268.4813582990464,False,False,,,,False,False,False,0.0,False,False,,
Rule Controller,2026010,b86d70353be65c4b,seed-2026010-scenario-00039,pedestrian,pedestrian,sim-001eea1a-pedestrian-00039,sim-001eea1a-pedestrian-00039,False,3338.4974562730004,False,False,,,,False,False,False,0.0,False,False,,
Rule Controller,2026010,b86d70353be65c4b,seed-2026010-scenario-00040,slow_car,mixed,sim-001eea1a-slow-car-00040,sim-001eea1a-slow-car-00040|sim-001eea1a-left-traffic-00040,True,3407.7145991077355,False,False,,,,False,False,False,0.0,False,False,,
Rule Controller,2026010,b86d70353be65c4b,seed-2026010-scenario-00041,pedestrian,pedestrian,sim-001eea1a-pedestrian-00041,sim-001eea1a-pedestrian-00041,False,3480.9126423949147,False,False,,,,False,False,False,0.0,False,False,,
Rule Controller,2026010,b86d70353be65c4b,seed-2026010-scenario-00042,pedestrian,pedestrian,sim-001eea1a-pedestrian-00042,sim-001eea1a-pedestrian-00042,False,3558.058717821586,False,False,,,,False,False,False,0.0,False,False,,
Rule Controller,2026010,b86d70353be65c4b,seed-2026010-scenario-00043,slow_car,slow_car,sim-001eea1a-slow-car-00043,sim-001eea1a-slow-car-00043,False,3664.056252132427,False,False,,,,False,False,False,0.0,False,False,,
Rule Controller,2026010,b86d70353be65c4b,seed-2026010-scenario-00044,stopped_car,stopped_car,sim-001eea1a-stopped-car-00044,sim-001eea1a-stopped-car-00044,False,3742.882038377882,False,False,,,,False,False,False,0.0,False,False,,
Rule Controller,2026010,b86d70353be65c4b,seed-2026010-scenario-00045,truck,mixed,sim-001eea1a-truck-00045,sim-001eea1a-truck-00045|sim-001eea1a-left-traffic-00045,True,3849.6622487680406,False,False,,,,False,False,False,0.0,False,False,,
Rule Controller,2026010,b86d70353be65c4b,seed-2026010-scenario-00046,slow_car,slow_car,sim-001eea1a-slow-car-00046,sim-001eea1a-slow-car-00046,False,3931.427094987567,False,False,,,,False,False,False,0.0,False,False,,
Rule Controller,2026010,b86d70353be65c4b,seed-2026010-scenario-00047,pedestrian,pedestrian,sim-001eea1a-pedestrian-00047,sim-001eea1a-pedestrian-00047,False,4002.1089132752463,False,False,,,,False,False,False,0.0,False,False,,
Rule Controller,2026010,b86d70353be65c4b,seed-2026010-scenario-00048,truck,truck,sim-001eea1a-truck-00048,sim-001eea1a-truck-00048,False,4071.0281694383903,False,False,,,,False,False,False,0.0,False,False,,
Rule Controller,2026010,b86d70353be65c4b,seed-2026010-scenario-00049,truck,truck,sim-001eea1a-truck-00049,sim-001eea1a-truck-00049,False,4152.265659152163,False,False,,,,False,False,False,0.0,False,False,,
Rule Controller,2026010,b86d70353be65c4b,seed-2026010-scenario-00050,pedestrian,pedestrian,sim-001eea1a-pedestrian-00050,sim-001eea1a-pedestrian-00050,False,4243.577817731921,False,False,,,,False,False,False,0.0,False,False,,
Rule Controller,2026010,b86d70353be65c4b,seed-2026010-scenario-00051,stopped_car,stopped_car,sim-001eea1a-stopped-car-00051,sim-001eea1a-stopped-car-00051,False,4341.507855858664,False,False,,,,False,False,False,0.0,False,False,,
Rule Controller,2026010,b86d70353be65c4b,seed-2026010-scenario-00052,pedestrian,pedestrian,sim-001eea1a-pedestrian-00052,sim-001eea1a-pedestrian-00052,False,4419.05055211898,False,False,,,,False,False,False,0.0,False,False,,
Hybrid ML Controller,2026010,b86d70353be65c4b,seed-2026010-scenario-00000,pedestrian,pedestrian,sim-001eea1a-pedestrian-00000,sim-001eea1a-pedestrian-00000,False,63.17809196458676,True,True,0.05,18.800000000000132,18.75000000000013,True,True,False,0.1,False,False,2.3042140444829693,3.710591964586939
Hybrid ML Controller,2026010,b86d70353be65c4b,seed-2026010-scenario-00002,slow_car,mixed,sim-001eea1a-slow-car-00002,sim-001eea1a-slow-car-00002|sim-001eea1a-left-traffic-00002,True,223.39794612600195,True,True,28.150000000000265,39.94999999999987,11.799999999999603,True,True,False,0.0,True,True,0.2779753902255992,-1.875
Hybrid ML Controller,2026010,b86d70353be65c4b,seed-2026010-scenario-00003,truck,truck,sim-001eea1a-truck-00003,sim-001eea1a-truck-00003,False,295.12677435853783,True,True,33.300000000000246,45.49999999999955,12.199999999999307,True,True,False,4.499999999999992,False,False,,3.3
Hybrid ML Controller,2026010,b86d70353be65c4b,seed-2026010-scenario-00004,truck,truck,sim-001eea1a-truck-00004,sim-001eea1a-truck-00004,False,397.27283830814895,True,True,40.04999999999986,100.19999999999645,60.14999999999659,True,True,False,0.0,False,False,,3.3
Hybrid ML Controller,2026010,b86d70353be65c4b,seed-2026010-scenario-00005,pedestrian,pedestrian,sim-001eea1a-pedestrian-00005,sim-001eea1a-pedestrian-00005,False,495.08465404614435,True,True,43.79999999999965,63.399999999998535,19.599999999998886,True,True,False,0.1,False,False,,0.42500000000000027
Hybrid ML Controller,2026010,b86d70353be65c4b,seed-2026010-scenario-00006,stopped_car,stopped_car,sim-001eea1a-stopped-car-00006,sim-001eea1a-stopped-car-00006,False,579.9433595558369,True,True,62.849999999998566,71.79999999999806,8.949999999999498,True,True,False,0.0,False,False,,3.625
Hybrid ML Controller,2026010,b86d70353be65c4b,seed-2026010-scenario-00007,pedestrian,pedestrian,sim-001eea1a-pedestrian-00007,sim-001eea1a-pedestrian-00007,False,674.2046215045846,True,True,72.69999999999801,90.549999999997,17.849999999998985,True,True,False,0.1,False,False,,0.42500000000000027
Hybrid ML Controller,2026010,b86d70353be65c4b,seed-2026010-scenario-00008,slow_car,slow_car,sim-001eea1a-slow-car-00008,sim-001eea1a-slow-car-00008,False,764.4642095277263,True,True,97.19999999999662,106.04999999999612,8.849999999999497,True,True,False,0.0,False,False,,3.625
Hybrid ML Controller,2026010,b86d70353be65c4b,seed-2026010-scenario-00009,truck,mixed,sim-001eea1a-truck-00009,sim-001eea1a-truck-00009|sim-001eea1a-left-traffic-00009,True,844.2293535040005,True,True,100.54999999999643,132.44999999999587,31.899999999999437,True,True,False,2.25,False,False,15.014350582632566,-0.9188739741249634
Hybrid ML Controller,2026010,b86d70353be65c4b,seed-2026010-scenario-00010,slow_car,mixed,sim-001eea1a-slow-car-00010,sim-001eea1a-slow-car-00010|sim-001eea1a-left-traffic-00010,True,918.011655221836,True,True,104.24999999999622,129.84999999999528,25.599999999999056,True,True,False,1.3500000000000005,False,False,0.04285551443032667,-1.875
Hybrid ML Controller,2026010,b86d70353be65c4b,seed-2026010-scenario-00011,pedestrian,pedestrian,sim-001eea1a-pedestrian-00011,sim-001eea1a-pedestrian-00011,False,1002.0812522520312,True,True,107.999999999996,124.49999999999507,16.499999999999062,True,True,False,0.1,False,False,,0.42500000000000027
Hybrid ML Controller,2026010,b86d70353be65c4b,seed-2026010-scenario-00014,truck,mixed,sim-001eea1a-truck-00014,sim-001eea1a-truck-00014|sim-001eea1a-left-traffic-00014,True,1254.914954732119,True,True,139.6499999999975,247.8000000000221,108.15000000002459,True,True,False,0.0,True,True,0.3408850976684979,-1.875
Hybrid ML Controller,2026010,b86d70353be65c4b,seed-2026010-scenario-00015,truck,truck,sim-001eea1a-truck-00015,sim-001eea1a-truck-00015,False,1345.531945460849,True,True,155.5000000000011,252.95000000002327,97.45000000002216,True,True,False,1.0500000000000003,False,False,32.71187224880938,3.3
Hybrid ML Controller,2026010,b86d70353be65c4b,seed-2026010-scenario-00016,pedestrian,pedestrian,sim-001eea1a-pedestrian-00016,sim-001eea1a-pedestrian-00016,False,1429.5165156855223,True,True,154.00000000000077,172.650000000005,18.65000000000424,True,True,False,0.1,False,False,10.483618282642373,0.42500000000000027
Hybrid ML Controller,2026010,b86d70353be65c4b,seed-2026010-scenario-00017,pedestrian,pedestrian,sim-001eea1a-pedestrian-00017,sim-001eea1a-pedestrian-00017,False,1520.8779953879925,True,True,172.80000000000504,190.30000000000902,17.50000000000398,True,True,False,0.1,False,False,,0.42500000000000027
Hybrid ML Controller,2026010,b86d70353be65c4b,seed-2026010-scenario-00018,slow_car,slow_car,sim-001eea1a-slow-car-00018,sim-001eea1a-slow-car-00018,False,1589.134109486566,True,True,197.90000000001075,251.3500000000229,53.45000000001215,True,True,False,0.0,False,False,31.959946123119146,3.625
Hybrid ML Controller,2026010,b86d70353be65c4b,seed-2026010-scenario-00020,pedestrian,pedestrian,sim-001eea1a-pedestrian-00020,sim-001eea1a-pedestrian-00020,False,1784.9066979899383,True,True,217.40000000001518,237.15000000001967,19.75000000000449,True,True,False,0.1,False,False,,0.42500000000000027
Hybrid ML Controller,2026010,b86d70353be65c4b,seed-2026010-scenario-00021,truck,mixed,sim-001eea1a-truck-00021,sim-001eea1a-truck-00021|sim-001eea1a-left-traffic-00021,True,1869.2132834284737,True,True,254.10000000002353,,,False,False,False,0.0,False,False,14.832550724405678,50.50954332727542
Hybrid ML Controller,2026010,b86d70353be65c4b,seed-2026010-scenario-00022,slow_car,slow_car,sim-001eea1a-slow-car-00022,sim-001eea1a-slow-car-00022,False,1962.5089083051453,True,True,246.9500000000219,295.800000000033,48.85000000001108,True,True,False,2.549999999999999,False,False,,3.625
Hybrid ML Controller,2026010,b86d70353be65c4b,seed-2026010-scenario-00023,pedestrian,pedestrian,sim-001eea1a-pedestrian-00023,sim-001eea1a-pedestrian-00023,False,2059.1908709159934,True,True,250.75000000002277,267.4000000000265,16.650000000003757,True,True,False,0.1,False,False,,0.42500000000000027
Hybrid ML Controller,2026010,b86d70353be65c4b,seed-2026010-scenario-00024,slow_car,mixed,sim-001eea1a-slow-car-00024,sim-001eea1a-slow-car-00024|sim-001eea1a-left-traffic-00024,True,2131.596334466842,True,False,296.3500000000331,,,False,False,False,0.0,False,False,20.991631205190085,48.40735588687186
Hybrid ML Controller,2026010,b86d70353be65c4b,seed-2026010-scenario-00025,pedestrian,pedestrian,sim-001eea1a-pedestrian-00025,sim-001eea1a-pedestrian-00025,False,2201.009864767911,True,False,271.45000000002744,288.9000000000314,17.450000000003968,True,False,False,0.1,False,False,,0.42500000000000027
Hybrid ML Controller,2026010,b86d70353be65c4b,seed-2026010-scenario-00026,truck,truck,sim-001eea1a-truck-00026,sim-001eea1a-truck-00026,False,2277.852351312607,False,False,,,,False,False,False,0.0,False,False,,
Hybrid ML Controller,2026010,b86d70353be65c4b,seed-2026010-scenario-00027,pedestrian,pedestrian,sim-001eea1a-pedestrian-00027,sim-001eea1a-pedestrian-00027,False,2374.8188111627896,True,False,295.25000000003286,,,False,False,False,0.0,False,False,,16.460229251082538
Hybrid ML Controller,2026010,b86d70353be65c4b,seed-2026010-scenario-00028,stopped_car,stopped_car,sim-001eea1a-stopped-car-00028,sim-001eea1a-stopped-car-00028,False,2449.638382572154,False,False,,,,False,False,False,0.0,False,False,,
Hybrid ML Controller,2026010,b86d70353be65c4b,seed-2026010-scenario-00029,truck,truck,sim-001eea1a-truck-00029,sim-001eea1a-truck-00029,False,2539.610197322349,False,False,,,,False,False,False,0.0,False,False,,
Hybrid ML Controller,2026010,b86d70353be65c4b,seed-2026010-scenario-00030,stopped_car,mixed,sim-001eea1a-stopped-car-00030,sim-001eea1a-stopped-car-00030|sim-001eea1a-left-traffic-00030,True,2609.940481214146,False,False,,,,False,False,False,0.0,False,False,,
Hybrid ML Controller,2026010,b86d70353be65c4b,seed-2026010-scenario-00031,slow_car,slow_car,sim-001eea1a-slow-car-00031,sim-001eea1a-slow-car-00031,False,2684.899136867701,False,False,,,,False,False,False,0.0,False,False,,
Hybrid ML Controller,2026010,b86d70353be65c4b,seed-2026010-scenario-00032,pedestrian,pedestrian,sim-001eea1a-pedestrian-00032,sim-001eea1a-pedestrian-00032,False,2757.4294179336935,False,False,,,,False,False,False,0.0,False,False,,
Hybrid ML Controller,2026010,b86d70353be65c4b,seed-2026010-scenario-00034,truck,mixed,sim-001eea1a-truck-00034,sim-001eea1a-truck-00034|sim-001eea1a-left-traffic-00034,True,2932.2127062419627,False,False,,,,False,False,False,0.0,False,False,,
Hybrid ML Controller,2026010,b86d70353be65c4b,seed-2026010-scenario-00035,stopped_car,mixed,sim-001eea1a-stopped-car-00035,sim-001eea1a-stopped-car-00035|sim-001eea1a-left-traffic-00035,True,3031.520440681279,False,False,,,,False,False,False,0.0,False,False,,
Hybrid ML Controller,2026010,b86d70353be65c4b,seed-2026010-scenario-00036,stopped_car,stopped_car,sim-001eea1a-stopped-car-00036,sim-001eea1a-stopped-car-00036,False,3112.1979500408765,False,False,,,,False,False,False,0.0,False,False,,
Hybrid ML Controller,2026010,b86d70353be65c4b,seed-2026010-scenario-00037,slow_car,mixed,sim-001eea1a-slow-car-00037,sim-001eea1a-slow-car-00037|sim-001eea1a-left-traffic-00037,True,3189.633592848752,False,False,,,,False,False,False,0.0,False,False,,
Hybrid ML Controller,2026010,b86d70353be65c4b,seed-2026010-scenario-00038,truck,mixed,sim-001eea1a-truck-00038,sim-001eea1a-truck-00038|sim-001eea1a-left-traffic-00038,True,3268.4813582990464,False,False,,,,False,False,False,0.0,False,False,,
Hybrid ML Controller,2026010,b86d70353be65c4b,seed-2026010-scenario-00039,pedestrian,pedestrian,sim-001eea1a-pedestrian-00039,sim-001eea1a-pedestrian-00039,False,3338.4974562730004,False,False,,,,False,False,False,0.0,False,False,,
Hybrid ML Controller,2026010,b86d70353be65c4b,seed-2026010-scenario-00040,slow_car,mixed,sim-001eea1a-slow-car-00040,sim-001eea1a-slow-car-00040|sim-001eea1a-left-traffic-00040,True,3407.7145991077355,False,False,,,,False,False,False,0.0,False,False,,
Hybrid ML Controller,2026010,b86d70353be65c4b,seed-2026010-scenario-00041,pedestrian,pedestrian,sim-001eea1a-pedestrian-00041,sim-001eea1a-pedestrian-00041,False,3480.9126423949147,False,False,,,,False,False,False,0.0,False,False,,
Hybrid ML Controller,2026010,b86d70353be65c4b,seed-2026010-scenario-00042,pedestrian,pedestrian,sim-001eea1a-pedestrian-00042,sim-001eea1a-pedestrian-00042,False,3558.058717821586,False,False,,,,False,False,False,0.0,False,False,,
Hybrid ML Controller,2026010,b86d70353be65c4b,seed-2026010-scenario-00043,slow_car,slow_car,sim-001eea1a-slow-car-00043,sim-001eea1a-slow-car-00043,False,3664.056252132427,False,False,,,,False,False,False,0.0,False,False,,
Hybrid ML Controller,2026010,b86d70353be65c4b,seed-2026010-scenario-00044,stopped_car,stopped_car,sim-001eea1a-stopped-car-00044,sim-001eea1a-stopped-car-00044,False,3742.882038377882,False,False,,,,False,False,False,0.0,False,False,,
Hybrid ML Controller,2026010,b86d70353be65c4b,seed-2026010-scenario-00045,truck,mixed,sim-001eea1a-truck-00045,sim-001eea1a-truck-00045|sim-001eea1a-left-traffic-00045,True,3849.6622487680406,False,False,,,,False,False,False,0.0,False,False,,
Hybrid ML Controller,2026010,b86d70353be65c4b,seed-2026010-scenario-00046,slow_car,slow_car,sim-001eea1a-slow-car-00046,sim-001eea1a-slow-car-00046,False,3931.427094987567,False,False,,,,False,False,False,0.0,False,False,,
Hybrid ML Controller,2026010,b86d70353be65c4b,seed-2026010-scenario-00047,pedestrian,pedestrian,sim-001eea1a-pedestrian-00047,sim-001eea1a-pedestrian-00047,False,4002.1089132752463,False,False,,,,False,False,False,0.0,False,False,,
Hybrid ML Controller,2026010,b86d70353be65c4b,seed-2026010-scenario-00048,truck,truck,sim-001eea1a-truck-00048,sim-001eea1a-truck-00048,False,4071.0281694383903,False,False,,,,False,False,False,0.0,False,False,,
Hybrid ML Controller,2026010,b86d70353be65c4b,seed-2026010-scenario-00049,truck,truck,sim-001eea1a-truck-00049,sim-001eea1a-truck-00049,False,4152.265659152163,False,False,,,,False,False,False,0.0,False,False,,
Hybrid ML Controller,2026010,b86d70353be65c4b,seed-2026010-scenario-00050,pedestrian,pedestrian,sim-001eea1a-pedestrian-00050,sim-001eea1a-pedestrian-00050,False,4243.577817731921,False,False,,,,False,False,False,0.0,False,False,,
Hybrid ML Controller,2026010,b86d70353be65c4b,seed-2026010-scenario-00051,stopped_car,stopped_car,sim-001eea1a-stopped-car-00051,sim-001eea1a-stopped-car-00051,False,4341.507855858664,False,False,,,,False,False,False,0.0,False,False,,
Hybrid ML Controller,2026010,b86d70353be65c4b,seed-2026010-scenario-00052,pedestrian,pedestrian,sim-001eea1a-pedestrian-00052,sim-001eea1a-pedestrian-00052,False,4419.05055211898,False,False,,,,False,False,False,0.0,False,False,,
Rule Controller,2026011,d5e9750986a470e1,seed-2026011-scenario-00000,stopped_car,mixed,sim-001eea1b-stopped-car-00000,sim-001eea1b-stopped-car-00000|sim-001eea1b-left-traffic-00000,True,66.03828586167225,True,True,0.05,9.099999999999994,9.049999999999994,True,True,False,0.0,True,True,0.018067752661447223,-1.83524731618399
Rule Controller,2026011,d5e9750986a470e1,seed-2026011-scenario-00002,pedestrian,pedestrian,sim-001eea1b-pedestrian-00002,sim-001eea1b-pedestrian-00002,False,241.81241869457696,True,True,15.500000000000085,34.1000000000002,18.600000000000115,True,True,False,0.1,False,False,12.458026502992086,5.346814984066867
Rule Controller,2026011,d5e9750986a470e1,seed-2026011-scenario-00003,slow_car,mixed,sim-001eea1b-slow-car-00003,sim-001eea1b-slow-car-00003|sim-001eea1b-left-traffic-00003,True,343.69640391718565,True,True,49.34999999999933,96.59999999999665,47.24999999999732,True,True,False,0.0,False,False,16.41998039592961,3.625
Rule Controller,2026011,d5e9750986a470e1,seed-2026011-scenario-00004,truck,truck,sim-001eea1b-truck-00004,sim-001eea1b-truck-00004,False,431.15980724267115,True,True,43.89999999999964,62.99999999999856,19.099999999998914,True,True,False,3.049999999999997,True,True,2.3879613007687515,2.1903784267565927
Rule Controller,2026011,d5e9750986a470e1,seed-2026011-scenario-00005,slow_car,mixed,sim-001eea1b-slow-car-00005,sim-001eea1b-slow-car-00005|sim-001eea1b-left-traffic-00005,True,507.28524451223484,True,True,50.79999999999925,97.6499999999966,46.849999999997344,True,True,False,0.0,False,False,0.02837088197192618,-1.875
Rule Controller,2026011,d5e9750986a470e1,seed-2026011-scenario-00006,pedestrian,pedestrian,sim-001eea1b-pedestrian-00006,sim-001eea1b-pedestrian-00006,False,601.1626806651766,True,True,59.24999999999877,79.29999999999764,20.049999999998867,True,True,False,0.1,False,False,,0.42500000000000027
Rule Controller,2026011,d5e9750986a470e1,seed-2026011-scenario-00007,truck,truck,sim-001eea1b-truck-00007,sim-001eea1b-truck-00007,False,682.0167794724649,True,True,93.34999999999684,117.19999999999548,23.849999999998644,True,True,False,0.0,True,False,2.8254722919077278,3.1229546128140453
Rule Controller,2026011,d5e9750986a470e1,seed-2026011-scenario-00008,stopped_car,stopped_car,sim-001eea1b-stopped-car-00008,sim-001eea1b-stopped-car-00008,False,762.8503112825485,True,True,84.79999999999733,91.04999999999697,6.249999999999645,True,True,False,0.0,False,False,,3.625
Rule Controller,2026011,d5e9750986a470e1,seed-2026011-scenario-00009,stopped_car,mixed,sim-001eea1b-stopped-car-00009,sim-001eea1b-stopped-car-00009|sim-001eea1b-left-traffic-00009,True,841.3084339718278,True,True,90.449999999997,96.79999999999664,6.349999999999639,True,True,False,0.0,False,False,0.1157639079236673,-1.7831679433014545
Rule Controller,2026011,d5e9750986a470e1,seed-2026011-scenario-00011,slow_car,slow_car,sim-001eea1b-slow-car-00011,sim-001eea1b-slow-car-00011,False,1028.0685640353906,True,True,118.04999999999544,210.0500000000135,92.00000000001808,True,True,False,0.0,True,True,2.4097552173845345,2.687585272017812
Rule Controller,2026011,d5e9750986a470e1,seed-2026011-scenario-00012,truck,truck,sim-001eea1b-truck-00012,sim-001eea1b-truck-00012,False,1123.7640474399388,True,True,119.74999999999534,198.85000000001097,79.10000000001563,True,True,False,0.0,True,False,2.228631795236645,1.3141774299551345
Rule Controller,2026011,d5e9750986a470e1,seed-2026011-scenario-00013,stopped_car,stopped_car,sim-001eea1b-stopped-car-00013,sim-001eea1b-stopped-car-00013,False,1216.3491228188523,True,True,125.14999999999503,152.65000000000046,27.50000000000543,True,False,False,7.199999999999982,True,True,3.9722467371196766,3.1079595460798197
Rule Controller,2026011,d5e9750986a470e1,seed-2026011-scenario-00014,pedestrian,pedestrian,sim-001eea1b-pedestrian-00014,sim-001eea1b-pedestrian-00014,False,1320.3147116565485,True,True,154.1500000000008,171.3500000000047,17.20000000000391,True,True,False,0.1,False,False,3.8642700646209143,5.377581152581342
Rule Controller,2026011,d5e9750986a470e1,seed-2026011-scenario-00015,slow_car,slow_car,sim-001eea1b-slow-car-00015,sim-001eea1b-slow-car-00015,False,1401.7476062845271,True,True,199.20000000001104,211.85000000001392,12.650000000002876,True,True,False,0.0,False,False,4.66615564563204,3.51642748892817
Rule Controller,2026011,d5e9750986a470e1,seed-2026011-scenario-00018,slow_car,mixed,sim-001eea1b-slow-car-00018,sim-001eea1b-slow-car-00018|sim-001eea1b-left-traffic-00018,True,1630.1366026481326,True,True,204.15000000001217,266.3000000000263,62.1500000000141,True,False,True,0.0,True,False,1.4061641748645937,1.1999999999999549
Rule Controller,2026011,d5e9750986a470e1,seed-2026011-scenario-00019,slow_car,slow_car,sim-001eea1b-slow-car-00019,sim-001eea1b-slow-car-00019,False,1725.27396724116,True,True,212.80000000001414,265.80000000002616,53.00000000001202,True,True,False,0.0,False,False,4.267076420774648,3.625
Rule Controller,2026011,d5e9750986a470e1,seed-2026011-scenario-00020,stopped_car,stopped_car,sim-001eea1b-stopped-car-00020,sim-001eea1b-stopped-car-00020,False,1830.0570615219708,True,True,219.7000000000157,238.35000000001995,18.65000000000424,True,True,False,0.0,True,True,3.3386272636594008,3.150793030521574
Rule Controller,2026011,d5e9750986a470e1,seed-2026011-scenario-00021,pedestrian,pedestrian,sim-001eea1b-pedestrian-00021,sim-001eea1b-pedestrian-00021,False,1937.9533257677717,True,True,240.10000000002034,258.65000000002453,18.55000000000419,True,True,False,0.1,False,False,4.696788185942191,1.679405401985298
Rule Controller,2026011,d5e9750986a470e1,seed-2026011-scenario-00022,stopped_car,stopped_car,sim-001eea1b-stopped-car-00022,sim-001eea1b-stopped-car-00022,False,2045.1918755593183,True,True,260.2000000000249,266.5000000000263,6.3000000000014325,True,True,False,0.0,False,False,,3.625
Rule Controller,2026011,d5e9750986a470e1,seed-2026011-scenario-00023,truck,truck,sim-001eea1b-truck-00023,sim-001eea1b-truck-00023,False,2117.853697538359,True,True,268.2500000000267,295.800000000033,27.550000000006264,True,True,False,1.4000000000000006,True,True,3.06380647698964,2.931199308502901
Rule Controller,2026011,d5e9750986a470e1,seed-2026011-scenario-00024,pedestrian,pedestrian,sim-001eea1b-pedestrian-00024,sim-001eea1b-pedestrian-00024,False,2222.0553719069117,True,False,272.9500000000278,289.3500000000315,16.40000000000373,True,False,False,0.1,False,False,,0.42500000000000027
Rule Controller,2026011,d5e9750986a470e1,seed-2026011-scenario-00026,truck,truck,sim-001eea1b-truck-00026,sim-001eea1b-truck-00026,False,2382.3736632252153,True,False,298.0500000000335,,,False,False,False,0.0,False,False,,52.95162467939487
Rule Controller,2026011,d5e9750986a470e1,seed-2026011-scenario-00027,pedestrian,pedestrian,sim-001eea1b-pedestrian-00027,sim-001eea1b-pedestrian-00027,False,2488.9548965368076,False,False,,,,False,False,False,0.0,False,False,,
Rule Controller,2026011,d5e9750986a470e1,seed-2026011-scenario-00029,slow_car,mixed,sim-001eea1b-slow-car-00029,sim-001eea1b-slow-car-00029|sim-001eea1b-left-traffic-00029,True,2688.6922700763653,False,False,,,,False,False,False,0.0,False,False,,
Rule Controller,2026011,d5e9750986a470e1,seed-2026011-scenario-00031,slow_car,mixed,sim-001eea1b-slow-car-00031,sim-001eea1b-slow-car-00031|sim-001eea1b-left-traffic-00031,True,2869.4015494787923,False,False,,,,False,False,False,0.0,False,False,,
Rule Controller,2026011,d5e9750986a470e1,seed-2026011-scenario-00032,slow_car,mixed,sim-001eea1b-slow-car-00032,sim-001eea1b-slow-car-00032|sim-001eea1b-left-traffic-00032,True,2954.255356574796,False,False,,,,False,False,False,0.0,False,False,,
Rule Controller,2026011,d5e9750986a470e1,seed-2026011-scenario-00033,pedestrian,pedestrian,sim-001eea1b-pedestrian-00033,sim-001eea1b-pedestrian-00033,False,3047.0862266226522,False,False,,,,False,False,False,0.0,False,False,,
Rule Controller,2026011,d5e9750986a470e1,seed-2026011-scenario-00036,truck,truck,sim-001eea1b-truck-00036,sim-001eea1b-truck-00036,False,3290.563930285952,False,False,,,,False,False,False,0.0,False,False,,
Rule Controller,2026011,d5e9750986a470e1,seed-2026011-scenario-00037,truck,truck,sim-001eea1b-truck-00037,sim-001eea1b-truck-00037,False,3375.8996317568112,False,False,,,,False,False,False,0.0,False,False,,
Rule Controller,2026011,d5e9750986a470e1,seed-2026011-scenario-00038,stopped_car,stopped_car,sim-001eea1b-stopped-car-00038,sim-001eea1b-stopped-car-00038,False,3475.0666579671383,False,False,,,,False,False,False,0.0,False,False,,
Rule Controller,2026011,d5e9750986a470e1,seed-2026011-scenario-00039,pedestrian,pedestrian,sim-001eea1b-pedestrian-00039,sim-001eea1b-pedestrian-00039,False,3565.20858402177,False,False,,,,False,False,False,0.0,False,False,,
Rule Controller,2026011,d5e9750986a470e1,seed-2026011-scenario-00040,stopped_car,mixed,sim-001eea1b-stopped-car-00040,sim-001eea1b-stopped-car-00040|sim-001eea1b-left-traffic-00040,True,3639.4341929619372,False,False,,,,False,False,False,0.0,False,False,,
Rule Controller,2026011,d5e9750986a470e1,seed-2026011-scenario-00041,slow_car,slow_car,sim-001eea1b-slow-car-00041,sim-001eea1b-slow-car-00041,False,3711.0214239974057,False,False,,,,False,False,False,0.0,False,False,,
Rule Controller,2026011,d5e9750986a470e1,seed-2026011-scenario-00042,slow_car,mixed,sim-001eea1b-slow-car-00042,sim-001eea1b-slow-car-00042|sim-001eea1b-left-traffic-00042,True,3804.7814389187533,False,False,,,,False,False,False,0.0,False,False,,
Rule Controller,2026011,d5e9750986a470e1,seed-2026011-scenario-00043,pedestrian,pedestrian,sim-001eea1b-pedestrian-00043,sim-001eea1b-pedestrian-00043,False,3910.7153358642167,False,False,,,,False,False,False,0.0,False,False,,
Rule Controller,2026011,d5e9750986a470e1,seed-2026011-scenario-00044,slow_car,mixed,sim-001eea1b-slow-car-00044,sim-001eea1b-slow-car-00044|sim-001eea1b-left-traffic-00044,True,3991.29108574949,False,False,,,,False,False,False,0.0,False,False,,
Rule Controller,2026011,d5e9750986a470e1,seed-2026011-scenario-00045,truck,truck,sim-001eea1b-truck-00045,sim-001eea1b-truck-00045,False,4097.249634246613,False,False,,,,False,False,False,0.0,False,False,,
Rule Controller,2026011,d5e9750986a470e1,seed-2026011-scenario-00046,stopped_car,mixed,sim-001eea1b-stopped-car-00046,sim-001eea1b-stopped-car-00046|sim-001eea1b-left-traffic-00046,True,4197.606573357033,False,False,,,,False,False,False,0.0,False,False,,
Rule Controller,2026011,d5e9750986a470e1,seed-2026011-scenario-00047,slow_car,slow_car,sim-001eea1b-slow-car-00047,sim-001eea1b-slow-car-00047,False,4298.464892779572,False,False,,,,False,False,False,0.0,False,False,,
Hybrid ML Controller,2026011,d5e9750986a470e1,seed-2026011-scenario-00000,stopped_car,mixed,sim-001eea1b-stopped-car-00000,sim-001eea1b-stopped-car-00000|sim-001eea1b-left-traffic-00000,True,66.03828586167225,True,True,0.05,11.200000000000024,11.150000000000023,True,True,False,0.0,True,True,4.829785732709038,3.513275826132224
Hybrid ML Controller,2026011,d5e9750986a470e1,seed-2026011-scenario-00002,pedestrian,pedestrian,sim-001eea1b-pedestrian-00002,sim-001eea1b-pedestrian-00002,False,241.81241869457696,True,True,17.650000000000116,36.25000000000008,18.599999999999962,True,True,False,0.1,False,False,11.403455277969321,5.292418694578288
Hybrid ML Controller,2026011,d5e9750986a470e1,seed-2026011-scenario-00003,slow_car,mixed,sim-001eea1b-slow-car-00003,sim-001eea1b-slow-car-00003|sim-001eea1b-left-traffic-00003,True,343.69640391718565,True,True,67.19999999999833,103.29999999999627,36.09999999999795,True,True,False,0.0,False,False,,3.625
Hybrid ML Controller,2026011,d5e9750986a470e1,seed-2026011-scenario-00004,truck,truck,sim-001eea1b-truck-00004,sim-001eea1b-truck-00004,False,431.15980724267115,True,True,52.69999999999914,89.59999999999705,36.89999999999791,True,True,False,3.049999999999997,True,True,8.547169913529551,3.3
Hybrid ML Controller,2026011,d5e9750986a470e1,seed-2026011-scenario-00005,slow_car,mixed,sim-001eea1b-slow-car-00005,sim-001eea1b-slow-car-00005|sim-001eea1b-left-traffic-00005,True,507.28524451223484,True,True,66.09999999999839,101.89999999999635,35.799999999997965,True,True,False,0.0,False,False,0.03028357713359555,-1.875
Hybrid ML Controller,2026011,d5e9750986a470e1,seed-2026011-scenario-00006,pedestrian,pedestrian,sim-001eea1b-pedestrian-00006,sim-001eea1b-pedestrian-00006,False,601.1626806651766,True,True,64.44999999999848,83.99999999999737,19.54999999999889,True,True,False,0.1,False,False,,0.42500000000000027
Hybrid ML Controller,2026011,d5e9750986a470e1,seed-2026011-scenario-00007,truck,truck,sim-001eea1b-truck-00007,sim-001eea1b-truck-00007,False,682.0167794724649,True,True,97.99999999999658,113.59999999999569,15.599999999999113,True,True,False,0.0,False,False,,3.3
Hybrid ML Controller,2026011,d5e9750986a470e1,seed-2026011-scenario-00008,stopped_car,stopped_car,sim-001eea1b-stopped-car-00008,sim-001eea1b-stopped-car-00008,False,762.8503112825485,True,True,89.49999999999706,95.7499999999967,6.249999999999645,True,True,False,0.0,False,False,,3.625
Hybrid ML Controller,2026011,d5e9750986a470e1,seed-2026011-scenario-00009,stopped_car,mixed,sim-001eea1b-stopped-car-00009,sim-001eea1b-stopped-car-00009|sim-001eea1b-left-traffic-00009,True,841.3084339718278,True,True,95.14999999999674,101.39999999999638,6.249999999999645,True,False,True,0.0,True,False,1.7861009727734907,1.2000000000000455
Hybrid ML Controller,2026011,d5e9750986a470e1,seed-2026011-scenario-00011,slow_car,slow_car,sim-001eea1b-slow-car-00011,sim-001eea1b-slow-car-00011,False,1028.0685640353906,True,True,115.64999999999557,169.45000000000428,53.80000000000871,True,True,False,0.6,False,False,8.043347837708984,3.625
Hybrid ML Controller,2026011,d5e9750986a470e1,seed-2026011-scenario-00012,truck,truck,sim-001eea1b-truck-00012,sim-001eea1b-truck-00012,False,1123.7640474399388,True,True,123.8499999999951,168.250000000004,44.4000000000089,True,True,False,0.7000000000000001,False,False,16.56157706290513,3.3
Hybrid ML Controller,2026011,d5e9750986a470e1,seed-2026011-scenario-00013,stopped_car,stopped_car,sim-001eea1b-stopped-car-00013,sim-001eea1b-stopped-car-00013,False,1216.3491228188523,True,True,129.4999999999952,143.74999999999844,14.25000000000324,True,True,False,0.0,True,True,1.359861390076725,1.245813112908924
Hybrid ML Controller,2026011,d5e9750986a470e1,seed-2026011-scenario-00014,pedestrian,pedestrian,sim-001eea1b-pedestrian-00014,sim-001eea1b-pedestrian-00014,False,1320.3147116565485,True,True,145.7999999999989,164.00000000000304,18.200000000004138,True,True,False,0.1,False,False,114.29557513589745,0.42500000000000027
Hybrid ML Controller,2026011,d5e9750986a470e1,seed-2026011-scenario-00015,slow_car,slow_car,sim-001eea1b-slow-car-00015,sim-001eea1b-slow-car-00015,False,1401.7476062845271,True,True,172.1500000000049,197.90000000001075,25.750000000005855,True,False,True,0.0,True,False,0.6344505645131957,1.1999999999999549
Hybrid ML Controller,2026011,d5e9750986a470e1,seed-2026011-scenario-00018,slow_car,mixed,sim-001eea1b-slow-car-00018,sim-001eea1b-slow-car-00018|sim-001eea1b-left-traffic-00018,True,1630.1366026481326,True,True,206.25000000001265,243.15000000002104,36.90000000000839,True,True,False,0.2,False,False,4.753399685472388,3.513831966752668
Hybrid ML Controller,2026011,d5e9750986a470e1,seed-2026011-scenario-00019,slow_car,slow_car,sim-001eea1b-slow-car-00019,sim-001eea1b-slow-car-00019,False,1725.27396724116,True,True,206.5000000000127,221.000000000016,14.500000000003297,True,True,False,1.850000000000001,True,True,4.0533432877478495,3.424374584226587
Hybrid ML Controller,2026011,d5e9750986a470e1,seed-2026011-scenario-00020,stopped_car,stopped_car,sim-001eea1b-stopped-car-00020,sim-001eea1b-stopped-car-00020,False,1830.0570615219708,True,True,207.800000000013,214.05000000001442,6.250000000001421,True,True,False,0.0,False,False,2.3705550992904527,2.9200984971383512
Hybrid ML Controller,2026011,d5e9750986a470e1,seed-2026011-scenario-00021,pedestrian,pedestrian,sim-001eea1b-pedestrian-00021,sim-001eea1b-pedestrian-00021,False,1937.9533257677717,True,True,215.7500000000148,236.75000000001958,21.000000000004775,True,True,False,0.1,False,False,,0.42500000000000027
Hybrid ML Controller,2026011,d5e9750986a470e1,seed-2026011-scenario-00022,stopped_car,stopped_car,sim-001eea1b-stopped-car-00022,sim-001eea1b-stopped-car-00022,False,2045.1918755593183,True,True,238.30000000001993,244.60000000002137,6.3000000000014325,True,True,False,0.0,False,False,,3.625
Hybrid ML Controller,2026011,d5e9750986a470e1,seed-2026011-scenario-00023,truck,truck,sim-001eea1b-truck-00023,sim-001eea1b-truck-00023,False,2117.853697538359,True,True,246.35000000002177,282.65000000003,36.300000000008225,True,True,False,0.0,True,False,5.089843171977926,3.3
Hybrid ML Controller,2026011,d5e9750986a470e1,seed-2026011-scenario-00024,pedestrian,pedestrian,sim-001eea1b-pedestrian-00024,sim-001eea1b-pedestrian-00024,False,2222.0553719069117,True,True,251.15000000002286,272.75000000002774,21.600000000004883,True,True,False,3.049999999999997,False,False,3.9209471745468476,0.42500000000000027
Hybrid ML Controller,2026011,d5e9750986a470e1,seed-2026011-scenario-00026,truck,truck,sim-001eea1b-truck-00026,sim-001eea1b-truck-00026,False,2382.3736632252153,True,False,281.4000000000297,,,False,False,False,0.0,True,False,3.0782113173673484,7.83412081304341
Hybrid ML Controller,2026011,d5e9750986a470e1,seed-2026011-scenario-00027,pedestrian,pedestrian,sim-001eea1b-pedestrian-00027,sim-001eea1b-pedestrian-00027,False,2488.9548965368076,True,False,285.8000000000307,,,False,False,False,0.6,False,False,5.101079191867897,6.1136684138259625
Hybrid ML Controller,2026011,d5e9750986a470e1,seed-2026011-scenario-00029,slow_car,mixed,sim-001eea1b-slow-car-00029,sim-001eea1b-slow-car-00029|sim-001eea1b-left-traffic-00029,True,2688.6922700763653,False,False,,,,False,False,False,0.0,False,False,,
Hybrid ML Controller,2026011,d5e9750986a470e1,seed-2026011-scenario-00031,slow_car,mixed,sim-001eea1b-slow-car-00031,sim-001eea1b-slow-car-00031|sim-001eea1b-left-traffic-00031,True,2869.4015494787923,False,False,,,,False,False,False,0.0,False,False,,
Hybrid ML Controller,2026011,d5e9750986a470e1,seed-2026011-scenario-00032,slow_car,mixed,sim-001eea1b-slow-car-00032,sim-001eea1b-slow-car-00032|sim-001eea1b-left-traffic-00032,True,2954.255356574796,False,False,,,,False,False,False,0.0,False,False,,
Hybrid ML Controller,2026011,d5e9750986a470e1,seed-2026011-scenario-00033,pedestrian,pedestrian,sim-001eea1b-pedestrian-00033,sim-001eea1b-pedestrian-00033,False,3047.0862266226522,False,False,,,,False,False,False,0.0,False,False,,
Hybrid ML Controller,2026011,d5e9750986a470e1,seed-2026011-scenario-00036,truck,truck,sim-001eea1b-truck-00036,sim-001eea1b-truck-00036,False,3290.563930285952,False,False,,,,False,False,False,0.0,False,False,,
Hybrid ML Controller,2026011,d5e9750986a470e1,seed-2026011-scenario-00037,truck,truck,sim-001eea1b-truck-00037,sim-001eea1b-truck-00037,False,3375.8996317568112,False,False,,,,False,False,False,0.0,False,False,,
Hybrid ML Controller,2026011,d5e9750986a470e1,seed-2026011-scenario-00038,stopped_car,stopped_car,sim-001eea1b-stopped-car-00038,sim-001eea1b-stopped-car-00038,False,3475.0666579671383,False,False,,,,False,False,False,0.0,False,False,,
Hybrid ML Controller,2026011,d5e9750986a470e1,seed-2026011-scenario-00039,pedestrian,pedestrian,sim-001eea1b-pedestrian-00039,sim-001eea1b-pedestrian-00039,False,3565.20858402177,False,False,,,,False,False,False,0.0,False,False,,
Hybrid ML Controller,2026011,d5e9750986a470e1,seed-2026011-scenario-00040,stopped_car,mixed,sim-001eea1b-stopped-car-00040,sim-001eea1b-stopped-car-00040|sim-001eea1b-left-traffic-00040,True,3639.4341929619372,False,False,,,,False,False,False,0.0,False,False,,
Hybrid ML Controller,2026011,d5e9750986a470e1,seed-2026011-scenario-00041,slow_car,slow_car,sim-001eea1b-slow-car-00041,sim-001eea1b-slow-car-00041,False,3711.0214239974057,False,False,,,,False,False,False,0.0,False,False,,
Hybrid ML Controller,2026011,d5e9750986a470e1,seed-2026011-scenario-00042,slow_car,mixed,sim-001eea1b-slow-car-00042,sim-001eea1b-slow-car-00042|sim-001eea1b-left-traffic-00042,True,3804.7814389187533,False,False,,,,False,False,False,0.0,False,False,,
Hybrid ML Controller,2026011,d5e9750986a470e1,seed-2026011-scenario-00043,pedestrian,pedestrian,sim-001eea1b-pedestrian-00043,sim-001eea1b-pedestrian-00043,False,3910.7153358642167,False,False,,,,False,False,False,0.0,False,False,,
Hybrid ML Controller,2026011,d5e9750986a470e1,seed-2026011-scenario-00044,slow_car,mixed,sim-001eea1b-slow-car-00044,sim-001eea1b-slow-car-00044|sim-001eea1b-left-traffic-00044,True,3991.29108574949,False,False,,,,False,False,False,0.0,False,False,,
Hybrid ML Controller,2026011,d5e9750986a470e1,seed-2026011-scenario-00045,truck,truck,sim-001eea1b-truck-00045,sim-001eea1b-truck-00045,False,4097.249634246613,False,False,,,,False,False,False,0.0,False,False,,
Hybrid ML Controller,2026011,d5e9750986a470e1,seed-2026011-scenario-00046,stopped_car,mixed,sim-001eea1b-stopped-car-00046,sim-001eea1b-stopped-car-00046|sim-001eea1b-left-traffic-00046,True,4197.606573357033,False,False,,,,False,False,False,0.0,False,False,,
Hybrid ML Controller,2026011,d5e9750986a470e1,seed-2026011-scenario-00047,slow_car,slow_car,sim-001eea1b-slow-car-00047,sim-001eea1b-slow-car-00047,False,4298.464892779572,False,False,,,,False,False,False,0.0,False,False,,
Rule Controller,2026012,b571f59ea9f353e7,seed-2026012-scenario-00000,pedestrian,pedestrian,sim-001eea1c-pedestrian-00000,sim-001eea1c-pedestrian-00000,False,64.94489716789137,True,True,0.05,21.800000000000175,21.750000000000174,True,True,False,0.1,False,False,10.555125981220778,5.925000000000001
Rule Controller,2026012,b571f59ea9f353e7,seed-2026012-scenario-00001,pedestrian,pedestrian,sim-001eea1c-pedestrian-00001,sim-001eea1c-pedestrian-00001,False,145.92235228827897,True,True,20.80000000000016,39.24999999999991,18.449999999999747,True,True,False,0.1,False,False,4.814279145094519,5.259223061357403
Rule Controller,2026012,b571f59ea9f353e7,seed-2026012-scenario-00002,truck,truck,sim-001eea1c-truck-00002,sim-001eea1c-truck-00002,False,220.5853019119577,True,True,47.749999999999424,59.49999999999876,11.749999999999332,True,True,False,0.0,True,True,2.952811566977587,2.735592373657386
Rule Controller,2026012,b571f59ea9f353e7,seed-2026012-scenario-00004,slow_car,mixed,sim-001eea1c-slow-car-00004,sim-001eea1c-slow-car-00004|sim-001eea1c-left-traffic-00004,True,433.58810277496366,True,True,56.9499999999989,73.64999999999796,16.699999999999058,True,False,True,0.0,True,True,0.06174061432408794,-0.5595039046567596
Rule Controller,2026012,b571f59ea9f353e7,seed-2026012-scenario-00005,slow_car,mixed,sim-001eea1c-slow-car-00005,sim-001eea1c-slow-car-00005|sim-001eea1c-left-traffic-00005,True,524.0387935793382,True,True,73.44999999999797,122.0999999999952,48.649999999997235,True,True,False,2.7499999999999982,True,True,2.123015159098519,-1.5390048456573284
Rule Controller,2026012,b571f59ea9f353e7,seed-2026012-scenario-00006,slow_car,slow_car,sim-001eea1c-slow-car-00006,sim-001eea1c-slow-car-00006,False,621.2025542929744,True,True,80.29999999999758,135.44999999999655,55.14999999999897,True,True,False,0.0,True,True,2.3647359079268915,3.3856542121436486
Rule Controller,2026012,b571f59ea9f353e7,seed-2026012-scenario-00007,pedestrian,pedestrian,sim-001eea1c-pedestrian-00007,sim-001eea1c-pedestrian-00007,False,697.1284189631189,True,True,79.49999999999763,96.24999999999667,16.749999999999048,True,True,False,0.1,False,False,,0.42500000000000027
Rule Controller,2026012,b571f59ea9f353e7,seed-2026012-scenario-00009,slow_car,mixed,sim-001eea1c-slow-car-00009,sim-001eea1c-slow-car-00009|sim-001eea1c-left-traffic-00009,True,869.880470190441,True,True,125.39999999999502,149.2999999999997,23.90000000000468,True,True,False,2.8999999999999977,True,True,0.48004685836231364,-1.7233345875960246
Rule Controller,2026012,b571f59ea9f353e7,seed-2026012-scenario-00010,truck,truck,sim-001eea1c-truck-00010,sim-001eea1c-truck-00010,False,977.313797966998,True,True,127.19999999999492,173.25000000000514,46.05000000001023,True,True,False,0.0,False,False,5.907460101088969,3.3
Rule Controller,2026012,b571f59ea9f353e7,seed-2026012-scenario-00011,slow_car,slow_car,sim-001eea1c-slow-car-00011,sim-001eea1c-slow-car-00011,False,1071.2595351269022,True,True,168.6000000000041,180.20000000000672,11.600000000002638,True,True,False,0.0,False,False,,3.625
Rule Controller,2026012,b571f59ea9f353e7,seed-2026012-scenario-00012,pedestrian,pedestrian,sim-001eea1c-pedestrian-00012,sim-001eea1c-pedestrian-00012,False,1167.3502251939676,True,True,143.39999999999836,161.85000000000255,18.450000000004195,True,True,False,0.1,False,False,,0.42500000000000027
Rule Controller,2026012,b571f59ea9f353e7,seed-2026012-scenario-00013,slow_car,slow_car,sim-001eea1c-slow-car-00013,sim-001eea1c-slow-car-00013,False,1264.4891859043137,True,True,172.35000000000494,182.65000000000728,10.300000000002342,True,True,False,0.0,False,False,,3.625
Rule Controller,2026012,b571f59ea9f353e7,seed-2026012-scenario-00014,truck,truck,sim-001eea1c-truck-00014,sim-001eea1c-truck-00014,False,1367.1033673621682,True,True,173.85000000000528,187.35000000000835,13.50000000000307,True,True,False,0.0,False,False,,3.3
Rule Controller,2026012,b571f59ea9f353e7,seed-2026012-scenario-00016,slow_car,mixed,sim-001eea1c-slow-car-00016,sim-001eea1c-slow-car-00016|sim-001eea1c-left-traffic-00016,True,1546.4004306115264,True,True,187.80000000000845,200.50000000001134,12.700000000002888,True,True,False,0.0,False,False,4.888955656362281,3.2683492097579347
Rule Controller,2026012,b571f59ea9f353e7,seed-2026012-scenario-00017,stopped_car,stopped_car,sim-001eea1c-stopped-car-00017,sim-001eea1c-stopped-car-00017,False,1634.1616316175978,True,True,190.150000000009,197.2500000000106,7.100000000001614,True,True,False,0.0,True,True,0.884470748230891,1.1462215746854054
Rule Controller,2026012,b571f59ea9f353e7,seed-2026012-scenario-00018,truck,truck,sim-001eea1c-truck-00018,sim-001eea1c-truck-00018,False,1736.724971919394,True,True,203.0000000000119,,,False,False,False,0.0,True,False,3.655344934713965,11.809593405357948
Rule Controller,2026012,b571f59ea9f353e7,seed-2026012-scenario-00019,pedestrian,pedestrian,sim-001eea1c-pedestrian-00019,sim-001eea1c-pedestrian-00019,False,1837.7298689570898,True,True,205.6000000000125,224.65000000001683,19.05000000000433,True,True,False,0.1,False,False,7.478652437822779,5.925000000000001
Rule Controller,2026012,b571f59ea9f353e7,seed-2026012-scenario-00020,pedestrian,pedestrian,sim-001eea1c-pedestrian-00020,sim-001eea1c-pedestrian-00020,False,1926.509541273156,True,True,224.5500000000168,242.1000000000208,17.55000000000399,True,True,False,0.1,False,False,3.7558361289224385,5.338714902967695
Rule Controller,2026012,b571f59ea9f353e7,seed-2026012-scenario-00021,stopped_car,stopped_car,sim-001eea1c-stopped-car-00021,sim-001eea1c-stopped-car-00021,False,2003.2720430851375,True,True,240.4000000000204,247.75000000002208,7.350000000001671,True,True,False,0.0,True,True,2.045411274456809,2.699853602135138
Rule Controller,2026012,b571f59ea9f353e7,seed-2026012-scenario-00023,pedestrian,pedestrian,sim-001eea1c-pedestrian-00023,sim-001eea1c-pedestrian-00023,False,2175.03934242007,True,True,253.85000000002347,272.2000000000276,18.350000000004144,True,True,False,0.1,False,False,,0.42500000000000027
Rule Controller,2026012,b571f59ea9f353e7,seed-2026012-scenario-00024,stopped_car,stopped_car,sim-001eea1c-stopped-car-00024,sim-001eea1c-stopped-car-00024,False,2272.5644171618424,True,False,272.9000000000278,,,False,False,True,21.600000000000172,False,False,0.3519938639435706,-0.9726610537614757
Rule Controller,2026012,b571f59ea9f353e7,seed-2026012-scenario-00025,truck,truck,sim-001eea1c-truck-00025,sim-001eea1c-truck-00025,False,2361.563946906371,False,False,,,,False,False,False,0.0,False,False,,
Rule Controller,2026012,b571f59ea9f353e7,seed-2026012-scenario-00028,pedestrian,pedestrian,sim-001eea1c-pedestrian-00028,sim-001eea1c-pedestrian-00028,False,2658.4039698614915,False,False,,,,False,False,False,0.0,False,False,,
Rule Controller,2026012,b571f59ea9f353e7,seed-2026012-scenario-00030,truck,mixed,sim-001eea1c-truck-00030,sim-001eea1c-truck-00030|sim-001eea1c-left-traffic-00030,True,2817.7489101046854,False,False,,,,False,False,False,0.0,False,False,,
Rule Controller,2026012,b571f59ea9f353e7,seed-2026012-scenario-00031,slow_car,slow_car,sim-001eea1c-slow-car-00031,sim-001eea1c-slow-car-00031,False,2916.7374021824467,False,False,,,,False,False,False,0.0,False,False,,
Rule Controller,2026012,b571f59ea9f353e7,seed-2026012-scenario-00032,pedestrian,pedestrian,sim-001eea1c-pedestrian-00032,sim-001eea1c-pedestrian-00032,False,3018.749206619139,False,False,,,,False,False,False,0.0,False,False,,
Rule Controller,2026012,b571f59ea9f353e7,seed-2026012-scenario-00033,slow_car,slow_car,sim-001eea1c-slow-car-00033,sim-001eea1c-slow-car-00033,False,3123.537136598018,False,False,,,,False,False,False,0.0,False,False,,
Rule Controller,2026012,b571f59ea9f353e7,seed-2026012-scenario-00034,stopped_car,stopped_car,sim-001eea1c-stopped-car-00034,sim-001eea1c-stopped-car-00034,False,3218.317835018047,False,False,,,,False,False,False,0.0,False,False,,
Rule Controller,2026012,b571f59ea9f353e7,seed-2026012-scenario-00035,stopped_car,mixed,sim-001eea1c-stopped-car-00035,sim-001eea1c-stopped-car-00035|sim-001eea1c-left-traffic-00035,True,3315.20432254735,False,False,,,,False,False,False,0.0,False,False,,
Rule Controller,2026012,b571f59ea9f353e7,seed-2026012-scenario-00036,pedestrian,pedestrian,sim-001eea1c-pedestrian-00036,sim-001eea1c-pedestrian-00036,False,3393.978467654444,False,False,,,,False,False,False,0.0,False,False,,
Rule Controller,2026012,b571f59ea9f353e7,seed-2026012-scenario-00037,truck,mixed,sim-001eea1c-truck-00037,sim-001eea1c-truck-00037|sim-001eea1c-left-traffic-00037,True,3487.9563091475925,False,False,,,,False,False,False,0.0,False,False,,
Rule Controller,2026012,b571f59ea9f353e7,seed-2026012-scenario-00038,stopped_car,stopped_car,sim-001eea1c-stopped-car-00038,sim-001eea1c-stopped-car-00038,False,3565.470013292782,False,False,,,,False,False,False,0.0,False,False,,
Rule Controller,2026012,b571f59ea9f353e7,seed-2026012-scenario-00039,pedestrian,pedestrian,sim-001eea1c-pedestrian-00039,sim-001eea1c-pedestrian-00039,False,3670.6952238282956,False,False,,,,False,False,False,0.0,False,False,,
Rule Controller,2026012,b571f59ea9f353e7,seed-2026012-scenario-00040,slow_car,mixed,sim-001eea1c-slow-car-00040,sim-001eea1c-slow-car-00040|sim-001eea1c-left-traffic-00040,True,3747.0212616118456,False,False,,,,False,False,False,0.0,False,False,,
Rule Controller,2026012,b571f59ea9f353e7,seed-2026012-scenario-00041,truck,truck,sim-001eea1c-truck-00041,sim-001eea1c-truck-00041,False,3822.6767447913394,False,False,,,,False,False,False,0.0,False,False,,
Rule Controller,2026012,b571f59ea9f353e7,seed-2026012-scenario-00042,slow_car,mixed,sim-001eea1c-slow-car-00042,sim-001eea1c-slow-car-00042|sim-001eea1c-left-traffic-00042,True,3893.606587590926,False,False,,,,False,False,False,0.0,False,False,,
Rule Controller,2026012,b571f59ea9f353e7,seed-2026012-scenario-00043,slow_car,slow_car,sim-001eea1c-slow-car-00043,sim-001eea1c-slow-car-00043,False,3975.132567960496,False,False,,,,False,False,False,0.0,False,False,,
Rule Controller,2026012,b571f59ea9f353e7,seed-2026012-scenario-00044,pedestrian,pedestrian,sim-001eea1c-pedestrian-00044,sim-001eea1c-pedestrian-00044,False,4073.627961121463,False,False,,,,False,False,False,0.0,False,False,,
Rule Controller,2026012,b571f59ea9f353e7,seed-2026012-scenario-00045,stopped_car,stopped_car,sim-001eea1c-stopped-car-00045,sim-001eea1c-stopped-car-00045,False,4148.233307030856,False,False,,,,False,False,False,0.0,False,False,,
Hybrid ML Controller,2026012,b571f59ea9f353e7,seed-2026012-scenario-00000,pedestrian,pedestrian,sim-001eea1c-pedestrian-00000,sim-001eea1c-pedestrian-00000,False,64.94489716789137,True,True,0.05,21.600000000000172,21.55000000000017,True,True,False,0.1,False,False,10.138303335218414,3.9098971678915575
Hybrid ML Controller,2026012,b571f59ea9f353e7,seed-2026012-scenario-00001,pedestrian,pedestrian,sim-001eea1c-pedestrian-00001,sim-001eea1c-pedestrian-00001,False,145.92235228827897,True,True,20.500000000000156,39.04999999999992,18.549999999999763,True,True,False,0.1,False,False,4.668487021873935,5.077352288279286
Hybrid ML Controller,2026012,b571f59ea9f353e7,seed-2026012-scenario-00002,truck,truck,sim-001eea1c-truck-00002,sim-001eea1c-truck-00002,False,220.5853019119577,True,True,48.1499999999994,69.4499999999982,21.299999999998796,True,True,False,0.0,True,True,10.669659046462437,3.3
Hybrid ML Controller,2026012,b571f59ea9f353e7,seed-2026012-scenario-00004,slow_car,mixed,sim-001eea1c-slow-car-00004,sim-001eea1c-slow-car-00004|sim-001eea1c-left-traffic-00004,True,433.58810277496366,True,True,65.44999999999843,74.24999999999793,8.7999999999995,True,True,False,0.0,False,False,0.06861286365592767,-1.875
Hybrid ML Controller,2026012,b571f59ea9f353e7,seed-2026012-scenario-00005,slow_car,mixed,sim-001eea1c-slow-car-00005,sim-001eea1c-slow-car-00005|sim-001eea1c-left-traffic-00005,True,524.0387935793382,True,True,71.04999999999811,81.34999999999752,10.299999999999415,True,True,False,0.0,False,False,20.04490657199966,3.625
Hybrid ML Controller,2026012,b571f59ea9f353e7,seed-2026012-scenario-00006,slow_car,slow_car,sim-001eea1c-slow-car-00006,sim-001eea1c-slow-car-00006,False,621.2025542929744,True,True,77.34999999999775,113.09999999999572,35.74999999999797,True,False,True,0.0,True,True,0.6839529235018943,1.1447302164669397
Hybrid ML Controller,2026012,b571f59ea9f353e7,seed-2026012-scenario-00007,pedestrian,pedestrian,sim-001eea1c-pedestrian-00007,sim-001eea1c-pedestrian-00007,False,697.1284189631189,True,True,79.9999999999976,96.39999999999667,16.399999999999068,True,True,False,0.1,False,False,,0.42500000000000027
Hybrid ML Controller,2026012,b571f59ea9f353e7,seed-2026012-scenario-00009,slow_car,mixed,sim-001eea1c-slow-car-00009,sim-001eea1c-slow-car-00009|sim-001eea1c-left-traffic-00009,True,869.880470190441,True,True,113.4999999999957,123.79999999999511,10.299999999999415,True,True,False,0.0,False,False,26.792424630064797,3.625
Hybrid ML Controller,2026012,b571f59ea9f353e7,seed-2026012-scenario-00010,truck,truck,sim-001eea1c-truck-00010,sim-001eea1c-truck-00010,False,977.313797966998,True,True,120.59999999999529,132.39999999999586,11.800000000000566,True,True,False,2.3999999999999995,False,False,,3.3
Hybrid ML Controller,2026012,b571f59ea9f353e7,seed-2026012-scenario-00011,slow_car,slow_car,sim-001eea1c-slow-car-00011,sim-001eea1c-slow-car-00011,False,1071.2595351269022,True,True,126.14999999999498,157.50000000000156,31.350000000006588,True,True,False,0.0,False,False,,3.625
Hybrid ML Controller,2026012,b571f59ea9f353e7,seed-2026012-scenario-00012,pedestrian,pedestrian,sim-001eea1c-pedestrian-00012,sim-001eea1c-pedestrian-00012,False,1167.3502251939676,True,True,129.44999999999519,146.249999999999,16.80000000000382,True,True,False,0.1,False,False,,0.42500000000000027
Hybrid ML Controller,2026012,b571f59ea9f353e7,seed-2026012-scenario-00013,slow_car,slow_car,sim-001eea1c-slow-car-00013,sim-001eea1c-slow-car-00013,False,1264.4891859043137,True,True,156.7500000000014,167.05000000000373,10.300000000002342,True,True,False,0.0,False,False,,3.625
Hybrid ML Controller,2026012,b571f59ea9f353e7,seed-2026012-scenario-00014,truck,truck,sim-001eea1c-truck-00014,sim-001eea1c-truck-00014,False,1367.1033673621682,True,True,158.25000000000173,178.50000000000634,20.250000000004604,True,False,True,0.0,False,False,,1.2000000000000002
Hybrid ML Controller,2026012,b571f59ea9f353e7,seed-2026012-scenario-00016,slow_car,mixed,sim-001eea1c-slow-car-00016,sim-001eea1c-slow-car-00016|sim-001eea1c-left-traffic-00016,True,1546.4004306115264,True,True,178.70000000000638,,,False,False,False,0.0,False,False,6.915966717824503,1.5796931845127309
Hybrid ML Controller,2026012,b571f59ea9f353e7,seed-2026012-scenario-00017,stopped_car,stopped_car,sim-001eea1c-stopped-car-00017,sim-001eea1c-stopped-car-00017,False,1634.1616316175978,True,True,177.80000000000618,192.60000000000954,14.800000000003365,True,True,False,0.0,True,True,2.0812405301299735,2.0770076987359554
Hybrid ML Controller,2026012,b571f59ea9f353e7,seed-2026012-scenario-00018,truck,truck,sim-001eea1c-truck-00018,sim-001eea1c-truck-00018,False,1736.724971919394,False,False,,,,False,False,False,0.0,False,False,,
Hybrid ML Controller,2026012,b571f59ea9f353e7,seed-2026012-scenario-00019,pedestrian,pedestrian,sim-001eea1c-pedestrian-00019,sim-001eea1c-pedestrian-00019,False,1837.7298689570898,True,True,205.40000000001245,226.15000000001717,20.750000000004718,True,True,False,0.1,False,False,5.070677370151935,5.925000000000001
Hybrid ML Controller,2026012,b571f59ea9f353e7,seed-2026012-scenario-00020,pedestrian,pedestrian,sim-001eea1c-pedestrian-00020,sim-001eea1c-pedestrian-00020,False,1926.509541273156,True,True,226.05000000001715,243.60000000002114,17.55000000000399,True,True,False,0.1,False,False,3.738396094334557,5.297730821686173
Hybrid ML Controller,2026012,b571f59ea9f353e7,seed-2026012-scenario-00021,stopped_car,stopped_car,sim-001eea1c-stopped-car-00021,sim-001eea1c-stopped-car-00021,False,2003.2720430851375,True,True,241.90000000002075,250.35000000002267,8.450000000001921,True,True,False,0.0,True,False,2.9061575121517036,3.1413893001495676
Hybrid ML Controller,2026012,b571f59ea9f353e7,seed-2026012-scenario-00023,pedestrian,pedestrian,sim-001eea1c-pedestrian-00023,sim-001eea1c-pedestrian-00023,False,2175.03934242007,True,True,259.20000000002466,279.80000000002934,20.600000000004684,True,True,False,0.1,False,False,4.686574423118496,5.925000000000001
Hybrid ML Controller,2026012,b571f59ea9f353e7,seed-2026012-scenario-00024,stopped_car,stopped_car,sim-001eea1c-stopped-car-00024,sim-001eea1c-stopped-car-00024,False,2272.5644171618424,True,False,280.5500000000295,293.6000000000325,13.050000000002967,True,False,False,0.0,True,True,2.033220717506839,1.9273113344641541
Hybrid ML Controller,2026012,b571f59ea9f353e7,seed-2026012-scenario-00025,truck,truck,sim-001eea1c-truck-00025,sim-001eea1c-truck-00025,False,2361.563946906371,False,False,,,,False,False,False,0.0,False,False,,
Hybrid ML Controller,2026012,b571f59ea9f353e7,seed-2026012-scenario-00028,pedestrian,pedestrian,sim-001eea1c-pedestrian-00028,sim-001eea1c-pedestrian-00028,False,2658.4039698614915,False,False,,,,False,False,False,0.0,False,False,,
Hybrid ML Controller,2026012,b571f59ea9f353e7,seed-2026012-scenario-00030,truck,mixed,sim-001eea1c-truck-00030,sim-001eea1c-truck-00030|sim-001eea1c-left-traffic-00030,True,2817.7489101046854,False,False,,,,False,False,False,0.0,False,False,,
Hybrid ML Controller,2026012,b571f59ea9f353e7,seed-2026012-scenario-00031,slow_car,slow_car,sim-001eea1c-slow-car-00031,sim-001eea1c-slow-car-00031,False,2916.7374021824467,False,False,,,,False,False,False,0.0,False,False,,
Hybrid ML Controller,2026012,b571f59ea9f353e7,seed-2026012-scenario-00032,pedestrian,pedestrian,sim-001eea1c-pedestrian-00032,sim-001eea1c-pedestrian-00032,False,3018.749206619139,False,False,,,,False,False,False,0.0,False,False,,
Hybrid ML Controller,2026012,b571f59ea9f353e7,seed-2026012-scenario-00033,slow_car,slow_car,sim-001eea1c-slow-car-00033,sim-001eea1c-slow-car-00033,False,3123.537136598018,False,False,,,,False,False,False,0.0,False,False,,
Hybrid ML Controller,2026012,b571f59ea9f353e7,seed-2026012-scenario-00034,stopped_car,stopped_car,sim-001eea1c-stopped-car-00034,sim-001eea1c-stopped-car-00034,False,3218.317835018047,False,False,,,,False,False,False,0.0,False,False,,
Hybrid ML Controller,2026012,b571f59ea9f353e7,seed-2026012-scenario-00035,stopped_car,mixed,sim-001eea1c-stopped-car-00035,sim-001eea1c-stopped-car-00035|sim-001eea1c-left-traffic-00035,True,3315.20432254735,False,False,,,,False,False,False,0.0,False,False,,
Hybrid ML Controller,2026012,b571f59ea9f353e7,seed-2026012-scenario-00036,pedestrian,pedestrian,sim-001eea1c-pedestrian-00036,sim-001eea1c-pedestrian-00036,False,3393.978467654444,False,False,,,,False,False,False,0.0,False,False,,
Hybrid ML Controller,2026012,b571f59ea9f353e7,seed-2026012-scenario-00037,truck,mixed,sim-001eea1c-truck-00037,sim-001eea1c-truck-00037|sim-001eea1c-left-traffic-00037,True,3487.9563091475925,False,False,,,,False,False,False,0.0,False,False,,
Hybrid ML Controller,2026012,b571f59ea9f353e7,seed-2026012-scenario-00038,stopped_car,stopped_car,sim-001eea1c-stopped-car-00038,sim-001eea1c-stopped-car-00038,False,3565.470013292782,False,False,,,,False,False,False,0.0,False,False,,
Hybrid ML Controller,2026012,b571f59ea9f353e7,seed-2026012-scenario-00039,pedestrian,pedestrian,sim-001eea1c-pedestrian-00039,sim-001eea1c-pedestrian-00039,False,3670.6952238282956,False,False,,,,False,False,False,0.0,False,False,,
Hybrid ML Controller,2026012,b571f59ea9f353e7,seed-2026012-scenario-00040,slow_car,mixed,sim-001eea1c-slow-car-00040,sim-001eea1c-slow-car-00040|sim-001eea1c-left-traffic-00040,True,3747.0212616118456,False,False,,,,False,False,False,0.0,False,False,,
Hybrid ML Controller,2026012,b571f59ea9f353e7,seed-2026012-scenario-00041,truck,truck,sim-001eea1c-truck-00041,sim-001eea1c-truck-00041,False,3822.6767447913394,False,False,,,,False,False,False,0.0,False,False,,
Hybrid ML Controller,2026012,b571f59ea9f353e7,seed-2026012-scenario-00042,slow_car,mixed,sim-001eea1c-slow-car-00042,sim-001eea1c-slow-car-00042|sim-001eea1c-left-traffic-00042,True,3893.606587590926,False,False,,,,False,False,False,0.0,False,False,,
Hybrid ML Controller,2026012,b571f59ea9f353e7,seed-2026012-scenario-00043,slow_car,slow_car,sim-001eea1c-slow-car-00043,sim-001eea1c-slow-car-00043,False,3975.132567960496,False,False,,,,False,False,False,0.0,False,False,,
Hybrid ML Controller,2026012,b571f59ea9f353e7,seed-2026012-scenario-00044,pedestrian,pedestrian,sim-001eea1c-pedestrian-00044,sim-001eea1c-pedestrian-00044,False,4073.627961121463,False,False,,,,False,False,False,0.0,False,False,,
Hybrid ML Controller,2026012,b571f59ea9f353e7,seed-2026012-scenario-00045,stopped_car,stopped_car,sim-001eea1c-stopped-car-00045,sim-001eea1c-stopped-car-00045,False,4148.233307030856,False,False,,,,False,False,False,0.0,False,False,,
Rule Controller,2026013,5e23cde2c7cb48c3,seed-2026013-scenario-00000,slow_car,mixed,sim-001eea1d-slow-car-00000,sim-001eea1d-slow-car-00000|sim-001eea1d-left-traffic-00000,True,71.81351971475861,True,True,0.05,17.550000000000114,17.500000000000114,True,False,True,0.0,True,True,0.231127507572127,-1.875
Rule Controller,2026013,5e23cde2c7cb48c3,seed-2026013-scenario-00001,stopped_car,mixed,sim-001eea1d-stopped-car-00001,sim-001eea1d-stopped-car-00001|sim-001eea1d-left-traffic-00001,True,161.41292204739264,True,True,9.700000000000003,15.950000000000092,6.250000000000089,True,True,False,0.0,True,False,3.250816771130767,3.4872618910425075
Rule Controller,2026013,5e23cde2c7cb48c3,seed-2026013-scenario-00002,pedestrian,pedestrian,sim-001eea1d-pedestrian-00002,sim-001eea1d-pedestrian-00002,False,269.0762381435193,True,True,17.450000000000113,33.70000000000022,16.25000000000011,True,True,False,0.1,False,False,3.0310445624261426,5.246238143520998
Rule Controller,2026013,5e23cde2c7cb48c3,seed-2026013-scenario-00003,truck,truck,sim-001eea1d-truck-00003,sim-001eea1d-truck-00003,False,355.9468486157949,True,True,42.799999999999706,53.199999999999115,10.399999999999409,True,True,False,0.0,False,False,4.69557933519527,3.1794910293016967
Rule Controller,2026013,5e23cde2c7cb48c3,seed-2026013-scenario-00004,slow_car,mixed,sim-001eea1d-slow-car-00004,sim-001eea1d-slow-car-00004|sim-001eea1d-left-traffic-00004,True,450.0632352054191,True,True,42.449999999999726,51.54999999999921,9.099999999999483,True,True,False,0.0,True,True,3.5924365804835,2.5049535539160517
Rule Controller,2026013,5e23cde2c7cb48c3,seed-2026013-scenario-00005,truck,truck,sim-001eea1d-truck-00005,sim-001eea1d-truck-00005,False,534.7002028648039,True,True,50.69999999999926,83.74999999999739,33.04999999999813,True,True,False,0.0,True,True,5.441180588333012,3.2361653793241993
Rule Controller,2026013,5e23cde2c7cb48c3,seed-2026013-scenario-00006,pedestrian,pedestrian,sim-001eea1d-pedestrian-00006,sim-001eea1d-pedestrian-00006,False,625.9879329184175,True,True,53.199999999999115,69.99999999999817,16.799999999999052,True,True,False,0.1,False,False,3.3698702342010343,5.3892099287497786
Rule Controller,2026013,5e23cde2c7cb48c3,seed-2026013-scenario-00007,truck,truck,sim-001eea1d-truck-00007,sim-001eea1d-truck-00007,False,709.8065836145752,True,True,78.1499999999977,88.09999999999714,9.949999999999434,True,True,False,0.0,False,False,,3.3
Rule Controller,2026013,5e23cde2c7cb48c3,seed-2026013-scenario-00008,truck,mixed,sim-001eea1d-truck-00008,sim-001eea1d-truck-00008|sim-001eea1d-left-traffic-00008,True,809.3391402146026,True,True,80.49999999999757,92.04999999999691,11.549999999999343,True,True,False,0.0,False,False,0.06753753907267475,-1.875
Rule Controller,2026013,5e23cde2c7cb48c3,seed-2026013-scenario-00009,slow_car,slow_car,sim-001eea1d-slow-car-00009,sim-001eea1d-slow-car-00009,False,905.9783911461593,True,True,87.29999999999718,109.49999999999592,22.199999999998738,True,True,False,0.0,True,True,2.5773107881379422,3.442043010121391
Rule Controller,2026013,5e23cde2c7cb48c3,seed-2026013-scenario-00011,stopped_car,mixed,sim-001eea1d-stopped-car-00011,sim-001eea1d-stopped-car-00011|sim-001eea1d-left-traffic-00011,True,1096.9649381805675,True,True,101.44999999999638,110.19999999999588,8.749999999999503,True,True,False,0.0,False,False,0.04641583643898651,-1.875
Rule Controller,2026013,5e23cde2c7cb48c3,seed-2026013-scenario-00012,slow_car,mixed,sim-001eea1d-slow-car-00012,sim-001eea1d-slow-car-00012|sim-001eea1d-left-traffic-00012,True,1200.0460770233278,True,True,114.84999999999562,146.44999999999905,31.600000000003433,True,True,False,0.0,True,False,2.5796896342696933,-1.875
Rule Controller,2026013,5e23cde2c7cb48c3,seed-2026013-scenario-00013,stopped_car,mixed,sim-001eea1d-stopped-car-00013,sim-001eea1d-stopped-car-00013|sim-001eea1d-left-traffic-00013,True,1297.2277935402055,True,True,118.39999999999542,135.2499999999965,16.85000000000109,True,True,False,0.0,True,True,3.635488661087196,2.7257845636494986
Rule Controller,2026013,5e23cde2c7cb48c3,seed-2026013-scenario-00014,truck,truck,sim-001eea1d-truck-00014,sim-001eea1d-truck-00014,False,1368.0489045745655,True,True,149.84999999999982,185.95000000000803,36.10000000000821,True,False,True,0.7500000000000001,False,False,7.445672795582767,1.2000000000000002
Rule Controller,2026013,5e23cde2c7cb48c3,seed-2026013-scenario-00016,truck,truck,sim-001eea1d-truck-00016,sim-001eea1d-truck-00016,False,1559.537899225917,True,True,151.20000000000013,180.80000000000686,29.60000000000673,True,True,False,0.0,True,True,4.585248199606745,3.1679091535097648
Rule Controller,2026013,5e23cde2c7cb48c3,seed-2026013-scenario-00017,pedestrian,pedestrian,sim-001eea1d-pedestrian-00017,sim-001eea1d-pedestrian-00017,False,1633.1077328952092,True,True,153.85000000000073,171.7500000000048,17.90000000000407,True,True,False,0.1,False,False,5.643683185115604,5.925000000000001
Rule Controller,2026013,5e23cde2c7cb48c3,seed-2026013-scenario-00018,slow_car,mixed,sim-001eea1d-slow-car-00018,sim-001eea1d-slow-car-00018|sim-001eea1d-left-traffic-00018,True,1716.390619315774,True,True,180.45000000000678,220.1000000000158,39.650000000009015,True,True,False,0.65,True,True,0.19745336419352183,-0.8280000000000021
Rule Controller,2026013,5e23cde2c7cb48c3,seed-2026013-scenario-00019,stopped_car,stopped_car,sim-001eea1d-stopped-car-00019,sim-001eea1d-stopped-car-00019,False,1787.4073910992252,True,True,176.70000000000593,183.00000000000736,6.3000000000014325,True,True,False,0.0,False,False,,3.625
Rule Controller,2026013,5e23cde2c7cb48c3,seed-2026013-scenario-00020,truck,truck,sim-001eea1d-truck-00020,sim-001eea1d-truck-00020,False,1878.7043284387648,True,True,185.750000000008,225.70000000001707,39.950000000009084,True,True,False,0.0,False,False,8.83124054390524,3.3
Rule Controller,2026013,5e23cde2c7cb48c3,seed-2026013-scenario-00021,pedestrian,pedestrian,sim-001eea1d-pedestrian-00021,sim-001eea1d-pedestrian-00021,False,1956.5450035534896,True,True,190.6000000000091,214.10000000001443,23.500000000005343,True,True,False,0.1,False,False,,0.42500000000000027
Rule Controller,2026013,5e23cde2c7cb48c3,seed-2026013-scenario-00022,slow_car,slow_car,sim-001eea1d-slow-car-00022,sim-001eea1d-slow-car-00022,False,2025.9435582302433,True,True,229.3500000000179,,,False,False,False,0.0,False,False,11.360110797056338,46.77004255708069
Rule Controller,2026013,5e23cde2c7cb48c3,seed-2026013-scenario-00023,truck,truck,sim-001eea1d-truck-00023,sim-001eea1d-truck-00023,False,2120.4961670293187,True,True,223.00000000001646,297.45000000003336,74.4500000000169,True,True,False,0.0,True,True,2.7552033144169275,2.2142892585754916
Rule Controller,2026013,5e23cde2c7cb48c3,seed-2026013-scenario-00024,pedestrian,pedestrian,sim-001eea1d-pedestrian-00024,sim-001eea1d-pedestrian-00024,False,2197.448673332903,True,True,225.30000000001698,244.7500000000214,19.450000000004422,True,True,False,0.1,False,False,,0.42500000000000027
Rule Controller,2026013,5e23cde2c7cb48c3,seed-2026013-scenario-00026,truck,truck,sim-001eea1d-truck-00026,sim-001eea1d-truck-00026,False,2361.149553599663,True,True,253.25000000002333,,,False,False,False,0.0,False,False,7.456874042368008,14.474335209844854
Rule Controller,2026013,5e23cde2c7cb48c3,seed-2026013-scenario-00027,stopped_car,stopped_car,sim-001eea1d-stopped-car-00027,sim-001eea1d-stopped-car-00027,False,2458.17138238716,True,True,260.10000000002486,279.40000000002925,19.30000000000439,True,True,False,0.0,False,False,,3.625
Rule Controller,2026013,5e23cde2c7cb48c3,seed-2026013-scenario-00028,slow_car,slow_car,sim-001eea1d-slow-car-00028,sim-001eea1d-slow-car-00028,False,2563.1814107081937,True,False,295.850000000033,,,False,False,False,0.0,False,False,,52.83547896868532
Rule Controller,2026013,5e23cde2c7cb48c3,seed-2026013-scenario-00029,pedestrian,pedestrian,sim-001eea1d-pedestrian-00029,sim-001eea1d-pedestrian-00029,False,2645.8792277611046,True,False,293.05000000003236,,,False,False,False,0.0,False,False,,8.761872997068517
Rule Controller,2026013,5e23cde2c7cb48c3,seed-2026013-scenario-00031,slow_car,slow_car,sim-001eea1d-slow-car-00031,sim-001eea1d-slow-car-00031,False,2833.7939514060463,False,False,,,,False,False,False,0.0,False,False,,
Rule Controller,2026013,5e23cde2c7cb48c3,seed-2026013-scenario-00032,pedestrian,pedestrian,sim-001eea1d-pedestrian-00032,sim-001eea1d-pedestrian-00032,False,2940.65150338905,False,False,,,,False,False,False,0.0,False,False,,
Rule Controller,2026013,5e23cde2c7cb48c3,seed-2026013-scenario-00033,slow_car,mixed,sim-001eea1d-slow-car-00033,sim-001eea1d-slow-car-00033|sim-001eea1d-left-traffic-00033,True,3018.440395270325,False,False,,,,False,False,False,0.0,False,False,,
Rule Controller,2026013,5e23cde2c7cb48c3,seed-2026013-scenario-00035,stopped_car,stopped_car,sim-001eea1d-stopped-car-00035,sim-001eea1d-stopped-car-00035,False,3198.857470963198,False,False,,,,False,False,False,0.0,False,False,,
Rule Controller,2026013,5e23cde2c7cb48c3,seed-2026013-scenario-00036,slow_car,slow_car,sim-001eea1d-slow-car-00036,sim-001eea1d-slow-car-00036,False,3277.697665687765,False,False,,,,False,False,False,0.0,False,False,,
Rule Controller,2026013,5e23cde2c7cb48c3,seed-2026013-scenario-00037,pedestrian,pedestrian,sim-001eea1d-pedestrian-00037,sim-001eea1d-pedestrian-00037,False,3356.5587761991305,False,False,,,,False,False,False,0.0,False,False,,
Rule Controller,2026013,5e23cde2c7cb48c3,seed-2026013-scenario-00038,stopped_car,stopped_car,sim-001eea1d-stopped-car-00038,sim-001eea1d-stopped-car-00038,False,3438.520091138142,False,False,,,,False,False,False,0.0,False,False,,
Rule Controller,2026013,5e23cde2c7cb48c3,seed-2026013-scenario-00039,stopped_car,stopped_car,sim-001eea1d-stopped-car-00039,sim-001eea1d-stopped-car-00039,False,3516.5797166785264,False,False,,,,False,False,False,0.0,False,False,,
Rule Controller,2026013,5e23cde2c7cb48c3,seed-2026013-scenario-00040,truck,mixed,sim-001eea1d-truck-00040,sim-001eea1d-truck-00040|sim-001eea1d-left-traffic-00040,True,3604.109460310004,False,False,,,,False,False,False,0.0,False,False,,
Rule Controller,2026013,5e23cde2c7cb48c3,seed-2026013-scenario-00041,slow_car,mixed,sim-001eea1d-slow-car-00041,sim-001eea1d-slow-car-00041|sim-001eea1d-left-traffic-00041,True,3698.659329584404,False,False,,,,False,False,False,0.0,False,False,,
Rule Controller,2026013,5e23cde2c7cb48c3,seed-2026013-scenario-00044,pedestrian,pedestrian,sim-001eea1d-pedestrian-00044,sim-001eea1d-pedestrian-00044,False,3962.485451432352,False,False,,,,False,False,False,0.0,False,False,,
Rule Controller,2026013,5e23cde2c7cb48c3,seed-2026013-scenario-00045,truck,truck,sim-001eea1d-truck-00045,sim-001eea1d-truck-00045,False,4059.011336558074,False,False,,,,False,False,False,0.0,False,False,,
Rule Controller,2026013,5e23cde2c7cb48c3,seed-2026013-scenario-00046,stopped_car,stopped_car,sim-001eea1d-stopped-car-00046,sim-001eea1d-stopped-car-00046,False,4155.9869960339,False,False,,,,False,False,False,0.0,False,False,,
Rule Controller,2026013,5e23cde2c7cb48c3,seed-2026013-scenario-00047,slow_car,slow_car,sim-001eea1d-slow-car-00047,sim-001eea1d-slow-car-00047,False,4238.160309626242,False,False,,,,False,False,False,0.0,False,False,,
Rule Controller,2026013,5e23cde2c7cb48c3,seed-2026013-scenario-00048,stopped_car,stopped_car,sim-001eea1d-stopped-car-00048,sim-001eea1d-stopped-car-00048,False,4312.589947035049,False,False,,,,False,False,False,0.0,False,False,,
Hybrid ML Controller,2026013,5e23cde2c7cb48c3,seed-2026013-scenario-00000,slow_car,mixed,sim-001eea1d-slow-car-00000,sim-001eea1d-slow-car-00000|sim-001eea1d-left-traffic-00000,True,71.81351971475861,True,True,0.05,21.150000000000166,21.100000000000165,True,True,False,1.2500000000000004,True,True,0.19113946109320223,-1.875
Hybrid ML Controller,2026013,5e23cde2c7cb48c3,seed-2026013-scenario-00001,stopped_car,mixed,sim-001eea1d-stopped-car-00001,sim-001eea1d-stopped-car-00001|sim-001eea1d-left-traffic-00001,True,161.41292204739264,True,True,10.15000000000001,17.90000000000012,7.75000000000011,True,True,False,0.0,True,False,6.4739332066397095,3.5904006330486578
Hybrid ML Controller,2026013,5e23cde2c7cb48c3,seed-2026013-scenario-00002,pedestrian,pedestrian,sim-001eea1d-pedestrian-00002,sim-001eea1d-pedestrian-00002,False,269.0762381435193,True,True,19.40000000000014,35.65000000000011,16.24999999999997,True,True,False,0.1,False,False,,0.42500000000000027
Hybrid ML Controller,2026013,5e23cde2c7cb48c3,seed-2026013-scenario-00003,truck,truck,sim-001eea1d-truck-00003,sim-001eea1d-truck-00003,False,355.9468486157949,True,True,44.749999999999595,55.149999999999004,10.399999999999409,True,True,False,0.0,False,False,,3.3
Hybrid ML Controller,2026013,5e23cde2c7cb48c3,seed-2026013-scenario-00004,slow_car,mixed,sim-001eea1d-slow-car-00004,sim-001eea1d-slow-car-00004|sim-001eea1d-left-traffic-00004,True,450.0632352054191,True,True,44.44999999999961,53.4999999999991,9.049999999999486,True,True,False,0.0,False,False,36.62109224861706,2.992159658454492
Hybrid ML Controller,2026013,5e23cde2c7cb48c3,seed-2026013-scenario-00005,truck,truck,sim-001eea1d-truck-00005,sim-001eea1d-truck-00005,False,534.7002028648039,True,True,52.649999999999146,85.69999999999727,33.04999999999813,True,True,False,0.0,False,False,,3.3
Hybrid ML Controller,2026013,5e23cde2c7cb48c3,seed-2026013-scenario-00006,pedestrian,pedestrian,sim-001eea1d-pedestrian-00006,sim-001eea1d-pedestrian-00006,False,625.9879329184175,True,True,55.199999999999,71.89999999999806,16.699999999999058,True,True,False,0.1,False,False,,0.42500000000000027
Hybrid ML Controller,2026013,5e23cde2c7cb48c3,seed-2026013-scenario-00007,truck,truck,sim-001eea1d-truck-00007,sim-001eea1d-truck-00007,False,709.8065836145752,True,True,80.09999999999759,90.04999999999703,9.949999999999434,True,True,False,0.0,False,False,,3.3
Hybrid ML Controller,2026013,5e23cde2c7cb48c3,seed-2026013-scenario-00008,truck,mixed,sim-001eea1d-truck-00008,sim-001eea1d-truck-00008|sim-001eea1d-left-traffic-00008,True,809.3391402146026,True,True,82.44999999999746,93.9999999999968,11.549999999999343,True,True,False,0.0,False,False,0.012240084302223377,-1.875
Hybrid ML Controller,2026013,5e23cde2c7cb48c3,seed-2026013-scenario-00009,slow_car,slow_car,sim-001eea1d-slow-car-00009,sim-001eea1d-slow-car-00009,False,905.9783911461593,True,True,89.29999999999707,109.9999999999959,20.699999999998823,True,False,True,0.0,True,True,0.7384907143118177,1.1565072416554159
Hybrid ML Controller,2026013,5e23cde2c7cb48c3,seed-2026013-scenario-00011,stopped_car,mixed,sim-001eea1d-stopped-car-00011,sim-001eea1d-stopped-car-00011|sim-001eea1d-left-traffic-00011,True,1096.9649381805675,True,True,101.64999999999637,111.34999999999582,9.699999999999449,True,True,False,0.0,False,False,0.242567548705599,-1.875
Hybrid ML Controller,2026013,5e23cde2c7cb48c3,seed-2026013-scenario-00012,slow_car,mixed,sim-001eea1d-slow-car-00012,sim-001eea1d-slow-car-00012|sim-001eea1d-left-traffic-00012,True,1200.0460770233278,True,True,116.39999999999553,146.84999999999914,30.450000000003612,True,True,False,0.0,True,False,1.6288163661259665,-1.875
Hybrid ML Controller,2026013,5e23cde2c7cb48c3,seed-2026013-scenario-00013,stopped_car,mixed,sim-001eea1d-stopped-car-00013,sim-001eea1d-stopped-car-00013|sim-001eea1d-left-traffic-00013,True,1297.2277935402055,True,True,119.49999999999535,133.14999999999603,13.650000000000674,True,True,False,0.0,True,True,2.102881144391328,2.154278238723438
Hybrid ML Controller,2026013,5e23cde2c7cb48c3,seed-2026013-scenario-00014,truck,truck,sim-001eea1d-truck-00014,sim-001eea1d-truck-00014,False,1368.0489045745655,True,True,151.65000000000023,195.0500000000101,43.40000000000987,True,True,False,2.1500000000000004,False,False,8.180286265705462,3.3
Hybrid ML Controller,2026013,5e23cde2c7cb48c3,seed-2026013-scenario-00016,truck,truck,sim-001eea1d-truck-00016,sim-001eea1d-truck-00016,False,1559.537899225917,True,True,154.05000000000078,189.20000000000877,35.15000000000799,True,True,False,0.0,True,True,5.273958737713126,3.2169978874213
Hybrid ML Controller,2026013,5e23cde2c7cb48c3,seed-2026013-scenario-00017,pedestrian,pedestrian,sim-001eea1d-pedestrian-00017,sim-001eea1d-pedestrian-00017,False,1633.1077328952092,True,True,155.65000000000114,174.60000000000545,18.95000000000431,True,True,False,0.1,False,False,4.481958147521365,5.925000000000001
Hybrid ML Controller,2026013,5e23cde2c7cb48c3,seed-2026013-scenario-00018,slow_car,mixed,sim-001eea1d-slow-car-00018,sim-001eea1d-slow-car-00018|sim-001eea1d-left-traffic-00018,True,1716.390619315774,True,True,185.10000000000784,197.3000000000106,12.200000000002774,True,True,False,2.9999999999999973,False,False,0.318553717216788,-1.875
Hybrid ML Controller,2026013,5e23cde2c7cb48c3,seed-2026013-scenario-00019,stopped_car,stopped_car,sim-001eea1d-stopped-car-00019,sim-001eea1d-stopped-car-00019,False,1787.4073910992252,True,True,179.80000000000663,187.9500000000085,8.150000000001853,True,True,False,0.0,False,False,6.068246654021821,3.625
Hybrid ML Controller,2026013,5e23cde2c7cb48c3,seed-2026013-scenario-00020,truck,truck,sim-001eea1d-truck-00020,sim-001eea1d-truck-00020,False,1878.7043284387648,True,True,191.80000000000936,221.70000000001616,29.9000000000068,True,True,False,0.0,False,False,,3.3
Hybrid ML Controller,2026013,5e23cde2c7cb48c3,seed-2026013-scenario-00021,pedestrian,pedestrian,sim-001eea1d-pedestrian-00021,sim-001eea1d-pedestrian-00021,False,1956.5450035534896,True,True,194.00000000000986,212.80000000001414,18.800000000004275,True,True,False,0.1,False,False,,0.42500000000000027
Hybrid ML Controller,2026013,5e23cde2c7cb48c3,seed-2026013-scenario-00022,slow_car,slow_car,sim-001eea1d-slow-car-00022,sim-001eea1d-slow-car-00022,False,2025.9435582302433,True,True,225.400000000017,,,False,False,False,0.0,False,False,40.987750536747775,38.78124825605363
Hybrid ML Controller,2026013,5e23cde2c7cb48c3,seed-2026013-scenario-00023,truck,truck,sim-001eea1d-truck-00023,sim-001eea1d-truck-00023,False,2120.4961670293187,True,True,221.65000000001615,,,False,False,False,0.0,True,False,11.148800683793414,3.3
Hybrid ML Controller,2026013,5e23cde2c7cb48c3,seed-2026013-scenario-00024,pedestrian,pedestrian,sim-001eea1d-pedestrian-00024,sim-001eea1d-pedestrian-00024,False,2197.448673332903,True,True,224.00000000001668,243.4500000000211,19.450000000004422,True,True,False,0.1,False,False,,0.42500000000000027
Hybrid ML Controller,2026013,5e23cde2c7cb48c3,seed-2026013-scenario-00026,truck,truck,sim-001eea1d-truck-00026,sim-001eea1d-truck-00026,False,2361.149553599663,True,True,251.95000000002304,,,False,False,False,0.0,False,False,24.729896093480008,40.261957038926084
Hybrid ML Controller,2026013,5e23cde2c7cb48c3,seed-2026013-scenario-00027,stopped_car,stopped_car,sim-001eea1d-stopped-car-00027,sim-001eea1d-stopped-car-00027,False,2458.17138238716,True,True,258.9500000000246,278.10000000002896,19.150000000004354,True,True,False,0.0,False,False,,3.625
Hybrid ML Controller,2026013,5e23cde2c7cb48c3,seed-2026013-scenario-00028,slow_car,slow_car,sim-001eea1d-slow-car-00028,sim-001eea1d-slow-car-00028,False,2563.1814107081937,False,False,,,,False,False,False,0.0,False,False,,
Hybrid ML Controller,2026013,5e23cde2c7cb48c3,seed-2026013-scenario-00029,pedestrian,pedestrian,sim-001eea1d-pedestrian-00029,sim-001eea1d-pedestrian-00029,False,2645.8792277611046,True,False,293.95000000003256,,,False,False,False,0.0,False,False,,25.066897134391404
Hybrid ML Controller,2026013,5e23cde2c7cb48c3,seed-2026013-scenario-00031,slow_car,slow_car,sim-001eea1d-slow-car-00031,sim-001eea1d-slow-car-00031,False,2833.7939514060463,False,False,,,,False,False,False,0.0,False,False,,
Hybrid ML Controller,2026013,5e23cde2c7cb48c3,seed-2026013-scenario-00032,pedestrian,pedestrian,sim-001eea1d-pedestrian-00032,sim-001eea1d-pedestrian-00032,False,2940.65150338905,False,False,,,,False,False,False,0.0,False,False,,
Hybrid ML Controller,2026013,5e23cde2c7cb48c3,seed-2026013-scenario-00033,slow_car,mixed,sim-001eea1d-slow-car-00033,sim-001eea1d-slow-car-00033|sim-001eea1d-left-traffic-00033,True,3018.440395270325,False,False,,,,False,False,False,0.0,False,False,,
Hybrid ML Controller,2026013,5e23cde2c7cb48c3,seed-2026013-scenario-00035,stopped_car,stopped_car,sim-001eea1d-stopped-car-00035,sim-001eea1d-stopped-car-00035,False,3198.857470963198,False,False,,,,False,False,False,0.0,False,False,,
Hybrid ML Controller,2026013,5e23cde2c7cb48c3,seed-2026013-scenario-00036,slow_car,slow_car,sim-001eea1d-slow-car-00036,sim-001eea1d-slow-car-00036,False,3277.697665687765,False,False,,,,False,False,False,0.0,False,False,,
Hybrid ML Controller,2026013,5e23cde2c7cb48c3,seed-2026013-scenario-00037,pedestrian,pedestrian,sim-001eea1d-pedestrian-00037,sim-001eea1d-pedestrian-00037,False,3356.5587761991305,False,False,,,,False,False,False,0.0,False,False,,
Hybrid ML Controller,2026013,5e23cde2c7cb48c3,seed-2026013-scenario-00038,stopped_car,stopped_car,sim-001eea1d-stopped-car-00038,sim-001eea1d-stopped-car-00038,False,3438.520091138142,False,False,,,,False,False,False,0.0,False,False,,
Hybrid ML Controller,2026013,5e23cde2c7cb48c3,seed-2026013-scenario-00039,stopped_car,stopped_car,sim-001eea1d-stopped-car-00039,sim-001eea1d-stopped-car-00039,False,3516.5797166785264,False,False,,,,False,False,False,0.0,False,False,,
Hybrid ML Controller,2026013,5e23cde2c7cb48c3,seed-2026013-scenario-00040,truck,mixed,sim-001eea1d-truck-00040,sim-001eea1d-truck-00040|sim-001eea1d-left-traffic-00040,True,3604.109460310004,False,False,,,,False,False,False,0.0,False,False,,
Hybrid ML Controller,2026013,5e23cde2c7cb48c3,seed-2026013-scenario-00041,slow_car,mixed,sim-001eea1d-slow-car-00041,sim-001eea1d-slow-car-00041|sim-001eea1d-left-traffic-00041,True,3698.659329584404,False,False,,,,False,False,False,0.0,False,False,,
Hybrid ML Controller,2026013,5e23cde2c7cb48c3,seed-2026013-scenario-00044,pedestrian,pedestrian,sim-001eea1d-pedestrian-00044,sim-001eea1d-pedestrian-00044,False,3962.485451432352,False,False,,,,False,False,False,0.0,False,False,,
Hybrid ML Controller,2026013,5e23cde2c7cb48c3,seed-2026013-scenario-00045,truck,truck,sim-001eea1d-truck-00045,sim-001eea1d-truck-00045,False,4059.011336558074,False,False,,,,False,False,False,0.0,False,False,,
Hybrid ML Controller,2026013,5e23cde2c7cb48c3,seed-2026013-scenario-00046,stopped_car,stopped_car,sim-001eea1d-stopped-car-00046,sim-001eea1d-stopped-car-00046,False,4155.9869960339,False,False,,,,False,False,False,0.0,False,False,,
Hybrid ML Controller,2026013,5e23cde2c7cb48c3,seed-2026013-scenario-00047,slow_car,slow_car,sim-001eea1d-slow-car-00047,sim-001eea1d-slow-car-00047,False,4238.160309626242,False,False,,,,False,False,False,0.0,False,False,,
Hybrid ML Controller,2026013,5e23cde2c7cb48c3,seed-2026013-scenario-00048,stopped_car,stopped_car,sim-001eea1d-stopped-car-00048,sim-001eea1d-stopped-car-00048,False,4312.589947035049,False,False,,,,False,False,False,0.0,False,False,,
Rule Controller,2026014,11d1e103305716e0,seed-2026014-scenario-00001,stopped_car,mixed,sim-001eea1e-stopped-car-00001,sim-001eea1e-stopped-car-00001|sim-001eea1e-left-traffic-00001,True,172.6716644595969,True,True,10.500000000000014,30.6000000000003,20.100000000000286,True,True,False,0.25,True,True,3.802318648660653,0.9701673802848768
Rule Controller,2026014,11d1e103305716e0,seed-2026014-scenario-00002,slow_car,slow_car,sim-001eea1e-slow-car-00002,sim-001eea1e-slow-car-00002,False,256.06014447235293,True,True,40.699999999999825,91.59999999999694,50.899999999997114,True,True,False,0.0,True,False,2.0751661996049147,2.1405189778016283
Rule Controller,2026014,11d1e103305716e0,seed-2026014-scenario-00004,truck,truck,sim-001eea1e-truck-00004,sim-001eea1e-truck-00004,False,423.05531777991933,True,True,46.4499999999995,239.65000000002024,193.20000000002074,True,True,False,0.0,False,False,6.6724695413764294,3.3
Rule Controller,2026014,11d1e103305716e0,seed-2026014-scenario-00005,pedestrian,pedestrian,sim-001eea1e-pedestrian-00005,sim-001eea1e-pedestrian-00005,False,515.6751946990007,True,True,51.799999999999194,76.24999999999781,24.449999999998617,True,True,False,0.1,False,False,5.090552024307034,1.6810080436788228
Rule Controller,2026014,11d1e103305716e0,seed-2026014-scenario-00008,slow_car,slow_car,sim-001eea1e-slow-car-00008,sim-001eea1e-slow-car-00008,False,735.4558042386166,True,True,95.7499999999967,197.2000000000106,101.45000000001389,True,True,False,0.0,True,False,2.7323940404757274,2.448914174077254
Rule Controller,2026014,11d1e103305716e0,seed-2026014-scenario-00009,slow_car,slow_car,sim-001eea1e-slow-car-00009,sim-001eea1e-slow-car-00009,False,825.8301481872154,True,True,208.75000000001322,234.75000000001913,26.00000000000591,True,True,False,0.0,True,True,2.5560096866677284,3.414008607893596
Rule Controller,2026014,11d1e103305716e0,seed-2026014-scenario-00010,pedestrian,pedestrian,sim-001eea1e-pedestrian-00010,sim-001eea1e-pedestrian-00010,False,895.9665589610727,True,True,106.54999999999609,128.2499999999949,21.699999999998823,True,True,False,0.1,False,False,5.014594470647023,5.925000000000001
Rule Controller,2026014,11d1e103305716e0,seed-2026014-scenario-00011,truck,truck,sim-001eea1e-truck-00011,sim-001eea1e-truck-00011,False,970.2437683384262,True,True,220.85000000001597,237.3000000000197,16.45000000000374,True,True,False,0.0,False,False,5.1384171104364516,3.3
Rule Controller,2026014,11d1e103305716e0,seed-2026014-scenario-00012,pedestrian,pedestrian,sim-001eea1e-pedestrian-00012,sim-001eea1e-pedestrian-00012,False,1058.9052018517657,True,True,138.7499999999973,162.40000000000268,23.650000000005377,True,True,False,0.1,False,False,5.69291314191819,1.6829474847503527
Rule Controller,2026014,11d1e103305716e0,seed-2026014-scenario-00013,truck,truck,sim-001eea1e-truck-00013,sim-001eea1e-truck-00013,False,1155.078146558359,True,True,204.60000000001227,211.8000000000139,7.200000000001637,True,True,False,0.0,False,False,10.647366008418096,0.026843307663035887
Rule Controller,2026014,11d1e103305716e0,seed-2026014-scenario-00014,slow_car,mixed,sim-001eea1e-slow-car-00014,sim-001eea1e-slow-car-00014|sim-001eea1e-left-traffic-00014,True,1226.0021051414087,True,True,196.15000000001035,208.00000000001305,11.850000000002694,True,True,False,0.0,True,True,2.336243465630878,2.7799122754005143
Rule Controller,2026014,11d1e103305716e0,seed-2026014-scenario-00015,slow_car,mixed,sim-001eea1e-slow-car-00015,sim-001eea1e-slow-car-00015|sim-001eea1e-left-traffic-00015,True,1316.4969400724233,True,True,203.30000000001198,221.25000000001606,17.95000000000408,True,True,False,0.0,True,True,3.110131905693285,3.395466016237924
Rule Controller,2026014,11d1e103305716e0,seed-2026014-scenario-00016,slow_car,slow_car,sim-001eea1e-slow-car-00016,sim-001eea1e-slow-car-00016,False,1402.407491127502,True,True,203.65000000001206,221.35000000001608,17.700000000004025,True,True,False,0.0,False,False,3.52079120669035,3.428076386993161
Rule Controller,2026014,11d1e103305716e0,seed-2026014-scenario-00017,stopped_car,stopped_car,sim-001eea1e-stopped-car-00017,sim-001eea1e-stopped-car-00017,False,1471.2238807133901,True,True,205.2000000000124,211.90000000001393,6.700000000001523,True,False,True,0.0,False,False,0.03550657157901541,0.061843307663036695
Rule Controller,2026014,11d1e103305716e0,seed-2026014-scenario-00018,slow_car,slow_car,sim-001eea1e-slow-car-00018,sim-001eea1e-slow-car-00018,False,1560.668223032925,True,True,221.95000000001622,236.65000000001956,14.700000000003342,True,True,False,0.0,False,False,5.361045498970684,3.625
Rule Controller,2026014,11d1e103305716e0,seed-2026014-scenario-00019,truck,mixed,sim-001eea1e-truck-00019,sim-001eea1e-truck-00019|sim-001eea1e-left-traffic-00019,True,1660.4000665437707,True,True,230.60000000001818,241.7000000000207,11.100000000002524,True,True,False,0.0,False,False,0.2036901870256229,-1.875
Rule Controller,2026014,11d1e103305716e0,seed-2026014-scenario-00020,stopped_car,mixed,sim-001eea1e-stopped-car-00020,sim-001eea1e-stopped-car-00020|sim-001eea1e-left-traffic-00020,True,1731.1849845262598,True,True,232.15000000001854,238.55000000002,6.400000000001455,True,True,False,0.0,False,False,18.054892261641456,3.625
Rule Controller,2026014,11d1e103305716e0,seed-2026014-scenario-00021,slow_car,slow_car,sim-001eea1e-slow-car-00021,sim-001eea1e-slow-car-00021,False,1829.3854466066923,True,True,242.90000000002098,,,False,False,False,0.0,True,False,5.695792324674901,3.625
Rule Controller,2026014,11d1e103305716e0,seed-2026014-scenario-00022,slow_car,slow_car,sim-001eea1e-slow-car-00022,sim-001eea1e-slow-car-00022,False,1898.5779947046021,True,True,248.55000000002227,,,False,False,False,0.0,False,False,17.136276843051867,34.48857035855032
Rule Controller,2026014,11d1e103305716e0,seed-2026014-scenario-00023,pedestrian,pedestrian,sim-001eea1e-pedestrian-00023,sim-001eea1e-pedestrian-00023,False,1983.8151585936978,True,True,252.10000000002307,271.3500000000274,19.25000000000435,True,True,False,0.1,False,False,4.840837637999075,1.6844291819732764
Rule Controller,2026014,11d1e103305716e0,seed-2026014-scenario-00024,pedestrian,pedestrian,sim-001eea1e-pedestrian-00024,sim-001eea1e-pedestrian-00024,False,2088.181116760825,True,False,272.6500000000277,289.8000000000316,17.1500000000039,True,False,False,0.1,False,False,,0.42500000000000027
Rule Controller,2026014,11d1e103305716e0,seed-2026014-scenario-00025,stopped_car,stopped_car,sim-001eea1e-stopped-car-00025,sim-001eea1e-stopped-car-00025,False,2164.6542667348267,True,False,288.10000000003123,295.4500000000329,7.350000000001671,True,False,False,0.0,False,False,,3.625
Rule Controller,2026014,11d1e103305716e0,seed-2026014-scenario-00026,truck,truck,sim-001eea1e-truck-00026,sim-001eea1e-truck-00026,False,2234.701461228771,True,False,298.0000000000335,,,False,False,False,0.0,False,False,,52.980271548519596
Rule Controller,2026014,11d1e103305716e0,seed-2026014-scenario-00029,stopped_car,mixed,sim-001eea1e-stopped-car-00029,sim-001eea1e-stopped-car-00029|sim-001eea1e-left-traffic-00029,True,2509.9255417358454,False,False,,,,False,False,False,0.0,False,False,,
Rule Controller,2026014,11d1e103305716e0,seed-2026014-scenario-00030,truck,truck,sim-001eea1e-truck-00030,sim-001eea1e-truck-00030,False,2615.2943638910283,False,False,,,,False,False,False,0.0,False,False,,
Rule Controller,2026014,11d1e103305716e0,seed-2026014-scenario-00031,stopped_car,stopped_car,sim-001eea1e-stopped-car-00031,sim-001eea1e-stopped-car-00031,False,2705.52201721045,False,False,,,,False,False,False,0.0,False,False,,
Rule Controller,2026014,11d1e103305716e0,seed-2026014-scenario-00032,truck,truck,sim-001eea1e-truck-00032,sim-001eea1e-truck-00032,False,2775.0023874276767,False,False,,,,False,False,False,0.0,False,False,,
Rule Controller,2026014,11d1e103305716e0,seed-2026014-scenario-00033,pedestrian,pedestrian,sim-001eea1e-pedestrian-00033,sim-001eea1e-pedestrian-00033,False,2869.3237292693743,False,False,,,,False,False,False,0.0,False,False,,
Rule Controller,2026014,11d1e103305716e0,seed-2026014-scenario-00034,slow_car,slow_car,sim-001eea1e-slow-car-00034,sim-001eea1e-slow-car-00034,False,2956.2916124353314,False,False,,,,False,False,False,0.0,False,False,,
Rule Controller,2026014,11d1e103305716e0,seed-2026014-scenario-00036,stopped_car,stopped_car,sim-001eea1e-stopped-car-00036,sim-001eea1e-stopped-car-00036,False,3167.2338019378053,False,False,,,,False,False,False,0.0,False,False,,
Rule Controller,2026014,11d1e103305716e0,seed-2026014-scenario-00037,stopped_car,stopped_car,sim-001eea1e-stopped-car-00037,sim-001eea1e-stopped-car-00037,False,3264.672120884676,False,False,,,,False,False,False,0.0,False,False,,
Rule Controller,2026014,11d1e103305716e0,seed-2026014-scenario-00038,truck,truck,sim-001eea1e-truck-00038,sim-001eea1e-truck-00038,False,3348.1840672568183,False,False,,,,False,False,False,0.0,False,False,,
Rule Controller,2026014,11d1e103305716e0,seed-2026014-scenario-00039,slow_car,slow_car,sim-001eea1e-slow-car-00039,sim-001eea1e-slow-car-00039,False,3445.178994741834,False,False,,,,False,False,False,0.0,False,False,,
Rule Controller,2026014,11d1e103305716e0,seed-2026014-scenario-00040,pedestrian,pedestrian,sim-001eea1e-pedestrian-00040,sim-001eea1e-pedestrian-00040,False,3527.539821846711,False,False,,,,False,False,False,0.0,False,False,,
Rule Controller,2026014,11d1e103305716e0,seed-2026014-scenario-00042,stopped_car,mixed,sim-001eea1e-stopped-car-00042,sim-001eea1e-stopped-car-00042|sim-001eea1e-left-traffic-00042,True,3711.626539389079,False,False,,,,False,False,False,0.0,False,False,,
Rule Controller,2026014,11d1e103305716e0,seed-2026014-scenario-00043,slow_car,mixed,sim-001eea1e-slow-car-00043,sim-001eea1e-slow-car-00043|sim-001eea1e-left-traffic-00043,True,3786.051289199655,False,False,,,,False,False,False,0.0,False,False,,
Rule Controller,2026014,11d1e103305716e0,seed-2026014-scenario-00044,pedestrian,pedestrian,sim-001eea1e-pedestrian-00044,sim-001eea1e-pedestrian-00044,False,3892.8446313501295,False,False,,,,False,False,False,0.0,False,False,,
Rule Controller,2026014,11d1e103305716e0,seed-2026014-scenario-00045,pedestrian,pedestrian,sim-001eea1e-pedestrian-00045,sim-001eea1e-pedestrian-00045,False,3998.310988272592,False,False,,,,False,False,False,0.0,False,False,,
Rule Controller,2026014,11d1e103305716e0,seed-2026014-scenario-00047,truck,mixed,sim-001eea1e-truck-00047,sim-001eea1e-truck-00047|sim-001eea1e-left-traffic-00047,True,4188.356305180992,False,False,,,,False,False,False,0.0,False,False,,
Rule Controller,2026014,11d1e103305716e0,seed-2026014-scenario-00049,pedestrian,pedestrian,sim-001eea1e-pedestrian-00049,sim-001eea1e-pedestrian-00049,False,4348.845021889785,False,False,,,,False,False,False,0.0,False,False,,
Hybrid ML Controller,2026014,11d1e103305716e0,seed-2026014-scenario-00001,stopped_car,mixed,sim-001eea1e-stopped-car-00001,sim-001eea1e-stopped-car-00001|sim-001eea1e-left-traffic-00001,True,172.6716644595969,True,True,12.250000000000039,28.100000000000264,15.850000000000225,True,True,False,0.0,True,True,0.08521744590604349,-1.4302324279508545
Hybrid ML Controller,2026014,11d1e103305716e0,seed-2026014-scenario-00002,slow_car,slow_car,sim-001eea1e-slow-car-00002,sim-001eea1e-slow-car-00002,False,256.06014447235293,True,True,39.799999999999876,55.149999999999004,15.349999999999127,True,False,True,0.0,True,False,4.034400950922278,1.2000000000000117
Hybrid ML Controller,2026014,11d1e103305716e0,seed-2026014-scenario-00004,truck,truck,sim-001eea1e-truck-00004,sim-001eea1e-truck-00004,False,423.05531777991933,True,True,46.89999999999947,,,False,False,False,0.0,True,False,0.11032445149147774,-2.2
Hybrid ML Controller,2026014,11d1e103305716e0,seed-2026014-scenario-00005,pedestrian,pedestrian,sim-001eea1e-pedestrian-00005,sim-001eea1e-pedestrian-00005,False,515.6751946990007,True,True,50.59999999999926,72.34999999999803,21.74999999999877,True,True,False,0.1,False,False,4.969771513327004,5.925000000000001
Hybrid ML Controller,2026014,11d1e103305716e0,seed-2026014-scenario-00008,slow_car,slow_car,sim-001eea1e-slow-car-00008,sim-001eea1e-slow-car-00008,False,735.4558042386166,True,True,84.39999999999735,237.55000000001976,153.15000000002243,True,False,True,0.0,True,False,4.799434799293253,1.1999999999999549
Hybrid ML Controller,2026014,11d1e103305716e0,seed-2026014-scenario-00009,slow_car,slow_car,sim-001eea1e-slow-car-00009,sim-001eea1e-slow-car-00009,False,825.8301481872154,True,False,284.1000000000303,296.8000000000332,12.700000000002888,True,False,False,0.0,False,False,0.11950300168919195,-1.226715480946696
Hybrid ML Controller,2026014,11d1e103305716e0,seed-2026014-scenario-00010,pedestrian,pedestrian,sim-001eea1e-pedestrian-00010,sim-001eea1e-pedestrian-00010,False,895.9665589610727,True,True,105.24999999999616,125.84999999999499,20.59999999999883,True,True,False,0.1,False,False,4.778984105811804,5.925000000000001
Hybrid ML Controller,2026014,11d1e103305716e0,seed-2026014-scenario-00011,truck,truck,sim-001eea1e-truck-00011,sim-001eea1e-truck-00011,False,970.2437683384262,False,False,,,,False,False,False,0.0,False,False,,
Hybrid ML Controller,2026014,11d1e103305716e0,seed-2026014-scenario-00012,pedestrian,pedestrian,sim-001eea1e-pedestrian-00012,sim-001eea1e-pedestrian-00012,False,1058.9052018517657,True,True,133.8499999999962,156.4000000000013,22.550000000005127,True,True,False,0.1,False,False,4.390451491357199,1.6914995284086607
Hybrid ML Controller,2026014,11d1e103305716e0,seed-2026014-scenario-00013,truck,truck,sim-001eea1e-truck-00013,sim-001eea1e-truck-00013,False,1155.078146558359,True,True,215.00000000001464,228.0500000000176,13.050000000002967,True,True,False,0.0,False,False,52.802217619999,3.3
Hybrid ML Controller,2026014,11d1e103305716e0,seed-2026014-scenario-00014,slow_car,mixed,sim-001eea1e-slow-car-00014,sim-001eea1e-slow-car-00014|sim-001eea1e-left-traffic-00014,True,1226.0021051414087,True,True,217.15000000001513,292.20000000003216,75.05000000001704,True,True,False,0.0,False,False,6.282733334308517,-1.875
Hybrid ML Controller,2026014,11d1e103305716e0,seed-2026014-scenario-00015,slow_car,mixed,sim-001eea1e-slow-car-00015,sim-001eea1e-slow-car-00015|sim-001eea1e-left-traffic-00015,True,1316.4969400724233,True,False,295.70000000003296,,,False,False,False,0.0,False,False,9.556317844213929,52.103643716157784
Hybrid ML Controller,2026014,11d1e103305716e0,seed-2026014-scenario-00016,slow_car,slow_car,sim-001eea1e-slow-car-00016,sim-001eea1e-slow-car-00016,False,1402.407491127502,True,False,290.00000000003166,,,False,False,False,0.0,False,False,7.293049427424174,38.26583174114253
Hybrid ML Controller,2026014,11d1e103305716e0,seed-2026014-scenario-00017,stopped_car,stopped_car,sim-001eea1e-stopped-car-00017,sim-001eea1e-stopped-car-00017,False,1471.2238807133901,True,True,214.60000000001455,227.40000000001746,12.80000000000291,True,True,False,0.0,False,False,7.416313192390277,3.625
Hybrid ML Controller,2026014,11d1e103305716e0,seed-2026014-scenario-00018,slow_car,slow_car,sim-001eea1e-slow-car-00018,sim-001eea1e-slow-car-00018,False,1560.668223032925,True,False,295.20000000003284,,,False,False,False,0.0,False,False,9.07665825412068,50.00998907674229
Hybrid ML Controller,2026014,11d1e103305716e0,seed-2026014-scenario-00019,truck,mixed,sim-001eea1e-truck-00019,sim-001eea1e-truck-00019|sim-001eea1e-left-traffic-00019,True,1660.4000665437707,False,False,,,,False,False,False,0.0,False,False,,
Hybrid ML Controller,2026014,11d1e103305716e0,seed-2026014-scenario-00020,stopped_car,mixed,sim-001eea1e-stopped-car-00020,sim-001eea1e-stopped-car-00020|sim-001eea1e-left-traffic-00020,True,1731.1849845262598,True,True,258.65000000002453,278.6500000000291,20.000000000004547,True,True,False,0.0,True,True,1.9309144735400443,1.5976113905604519
Hybrid ML Controller,2026014,11d1e103305716e0,seed-2026014-scenario-00021,slow_car,slow_car,sim-001eea1e-slow-car-00021,sim-001eea1e-slow-car-00021,False,1829.3854466066923,False,False,,,,False,False,False,0.0,False,False,,
Hybrid ML Controller,2026014,11d1e103305716e0,seed-2026014-scenario-00022,slow_car,slow_car,sim-001eea1e-slow-car-00022,sim-001eea1e-slow-car-00022,False,1898.5779947046021,False,False,,,,False,False,False,0.0,False,False,,
Hybrid ML Controller,2026014,11d1e103305716e0,seed-2026014-scenario-00023,pedestrian,pedestrian,sim-001eea1e-pedestrian-00023,sim-001eea1e-pedestrian-00023,False,1983.8151585936978,False,False,,,,False,False,False,0.0,False,False,,
Hybrid ML Controller,2026014,11d1e103305716e0,seed-2026014-scenario-00024,pedestrian,pedestrian,sim-001eea1e-pedestrian-00024,sim-001eea1e-pedestrian-00024,False,2088.181116760825,False,False,,,,False,False,False,0.0,False,False,,
Hybrid ML Controller,2026014,11d1e103305716e0,seed-2026014-scenario-00025,stopped_car,stopped_car,sim-001eea1e-stopped-car-00025,sim-001eea1e-stopped-car-00025,False,2164.6542667348267,False,False,,,,False,False,False,0.0,False,False,,
Hybrid ML Controller,2026014,11d1e103305716e0,seed-2026014-scenario-00026,truck,truck,sim-001eea1e-truck-00026,sim-001eea1e-truck-00026,False,2234.701461228771,False,False,,,,False,False,False,0.0,False,False,,
Hybrid ML Controller,2026014,11d1e103305716e0,seed-2026014-scenario-00029,stopped_car,mixed,sim-001eea1e-stopped-car-00029,sim-001eea1e-stopped-car-00029|sim-001eea1e-left-traffic-00029,True,2509.9255417358454,False,False,,,,False,False,False,0.0,False,False,,
Hybrid ML Controller,2026014,11d1e103305716e0,seed-2026014-scenario-00030,truck,truck,sim-001eea1e-truck-00030,sim-001eea1e-truck-00030,False,2615.2943638910283,False,False,,,,False,False,False,0.0,False,False,,
Hybrid ML Controller,2026014,11d1e103305716e0,seed-2026014-scenario-00031,stopped_car,stopped_car,sim-001eea1e-stopped-car-00031,sim-001eea1e-stopped-car-00031,False,2705.52201721045,False,False,,,,False,False,False,0.0,False,False,,
Hybrid ML Controller,2026014,11d1e103305716e0,seed-2026014-scenario-00032,truck,truck,sim-001eea1e-truck-00032,sim-001eea1e-truck-00032,False,2775.0023874276767,False,False,,,,False,False,False,0.0,False,False,,
Hybrid ML Controller,2026014,11d1e103305716e0,seed-2026014-scenario-00033,pedestrian,pedestrian,sim-001eea1e-pedestrian-00033,sim-001eea1e-pedestrian-00033,False,2869.3237292693743,False,False,,,,False,False,False,0.0,False,False,,
Hybrid ML Controller,2026014,11d1e103305716e0,seed-2026014-scenario-00034,slow_car,slow_car,sim-001eea1e-slow-car-00034,sim-001eea1e-slow-car-00034,False,2956.2916124353314,False,False,,,,False,False,False,0.0,False,False,,
Hybrid ML Controller,2026014,11d1e103305716e0,seed-2026014-scenario-00036,stopped_car,stopped_car,sim-001eea1e-stopped-car-00036,sim-001eea1e-stopped-car-00036,False,3167.2338019378053,False,False,,,,False,False,False,0.0,False,False,,
Hybrid ML Controller,2026014,11d1e103305716e0,seed-2026014-scenario-00037,stopped_car,stopped_car,sim-001eea1e-stopped-car-00037,sim-001eea1e-stopped-car-00037,False,3264.672120884676,False,False,,,,False,False,False,0.0,False,False,,
Hybrid ML Controller,2026014,11d1e103305716e0,seed-2026014-scenario-00038,truck,truck,sim-001eea1e-truck-00038,sim-001eea1e-truck-00038,False,3348.1840672568183,False,False,,,,False,False,False,0.0,False,False,,
Hybrid ML Controller,2026014,11d1e103305716e0,seed-2026014-scenario-00039,slow_car,slow_car,sim-001eea1e-slow-car-00039,sim-001eea1e-slow-car-00039,False,3445.178994741834,False,False,,,,False,False,False,0.0,False,False,,
Hybrid ML Controller,2026014,11d1e103305716e0,seed-2026014-scenario-00040,pedestrian,pedestrian,sim-001eea1e-pedestrian-00040,sim-001eea1e-pedestrian-00040,False,3527.539821846711,False,False,,,,False,False,False,0.0,False,False,,
Hybrid ML Controller,2026014,11d1e103305716e0,seed-2026014-scenario-00042,stopped_car,mixed,sim-001eea1e-stopped-car-00042,sim-001eea1e-stopped-car-00042|sim-001eea1e-left-traffic-00042,True,3711.626539389079,False,False,,,,False,False,False,0.0,False,False,,
Hybrid ML Controller,2026014,11d1e103305716e0,seed-2026014-scenario-00043,slow_car,mixed,sim-001eea1e-slow-car-00043,sim-001eea1e-slow-car-00043|sim-001eea1e-left-traffic-00043,True,3786.051289199655,False,False,,,,False,False,False,0.0,False,False,,
Hybrid ML Controller,2026014,11d1e103305716e0,seed-2026014-scenario-00044,pedestrian,pedestrian,sim-001eea1e-pedestrian-00044,sim-001eea1e-pedestrian-00044,False,3892.8446313501295,False,False,,,,False,False,False,0.0,False,False,,
Hybrid ML Controller,2026014,11d1e103305716e0,seed-2026014-scenario-00045,pedestrian,pedestrian,sim-001eea1e-pedestrian-00045,sim-001eea1e-pedestrian-00045,False,3998.310988272592,False,False,,,,False,False,False,0.0,False,False,,
Hybrid ML Controller,2026014,11d1e103305716e0,seed-2026014-scenario-00047,truck,mixed,sim-001eea1e-truck-00047,sim-001eea1e-truck-00047|sim-001eea1e-left-traffic-00047,True,4188.356305180992,False,False,,,,False,False,False,0.0,False,False,,
Hybrid ML Controller,2026014,11d1e103305716e0,seed-2026014-scenario-00049,pedestrian,pedestrian,sim-001eea1e-pedestrian-00049,sim-001eea1e-pedestrian-00049,False,4348.845021889785,False,False,,,,False,False,False,0.0,False,False,,
Rule Controller,2026015,4c5e83899a24a5a1,seed-2026015-scenario-00000,stopped_car,stopped_car,sim-001eea1f-stopped-car-00000,sim-001eea1f-stopped-car-00000,False,69.28910929790213,True,True,0.05,9.349999999999998,9.299999999999997,True,True,False,0.0,True,True,2.972146093837799,3.0340762994393016
Rule Controller,2026015,4c5e83899a24a5a1,seed-2026015-scenario-00001,slow_car,slow_car,sim-001eea1f-slow-car-00001,sim-001eea1f-slow-car-00001,False,169.7489422086408,True,True,13.550000000000058,24.550000000000214,11.000000000000156,True,False,True,0.0,True,True,4.8224038883536675,1.2000000000000117
Rule Controller,2026015,4c5e83899a24a5a1,seed-2026015-scenario-00002,slow_car,mixed,sim-001eea1f-slow-car-00002,sim-001eea1f-slow-car-00002|sim-001eea1f-left-traffic-00002,True,273.04031831045313,True,True,20.05000000000015,47.94999999999941,27.899999999999263,True,False,True,0.0,True,True,0.1590003036384749,-1.7678565172608032
Rule Controller,2026015,4c5e83899a24a5a1,seed-2026015-scenario-00003,pedestrian,pedestrian,sim-001eea1f-pedestrian-00003,sim-001eea1f-pedestrian-00003,False,361.1725902831363,True,True,24.050000000000207,42.099999999999746,18.04999999999954,True,True,False,0.1,False,False,6.236382702573896,1.6833368466184573
Rule Controller,2026015,4c5e83899a24a5a1,seed-2026015-scenario-00004,stopped_car,stopped_car,sim-001eea1f-stopped-car-00004,sim-001eea1f-stopped-car-00004,False,444.2473201489487,True,True,41.34999999999979,48.1999999999994,6.849999999999611,True,True,False,0.0,False,False,,3.625
Rule Controller,2026015,4c5e83899a24a5a1,seed-2026015-scenario-00005,truck,truck,sim-001eea1f-truck-00005,sim-001eea1f-truck-00005,False,519.4427073189277,True,True,51.34999999999922,85.2499999999973,33.89999999999808,True,False,True,0.0,True,True,3.308668081125129,1.2000000000000002
Rule Controller,2026015,4c5e83899a24a5a1,seed-2026015-scenario-00009,pedestrian,pedestrian,sim-001eea1f-pedestrian-00009,sim-001eea1f-pedestrian-00009,False,878.7991289074514,True,True,84.49999999999734,102.8499999999963,18.349999999998957,True,True,False,0.1,False,False,10.674823740535752,5.421934427908468
Rule Controller,2026015,4c5e83899a24a5a1,seed-2026015-scenario-00010,slow_car,slow_car,sim-001eea1f-slow-car-00010,sim-001eea1f-slow-car-00010,False,952.9999433684259,True,True,110.29999999999588,121.89999999999522,11.59999999999934,True,True,False,0.0,False,False,6.2623647057754805,3.5701642896317827
Rule Controller,2026015,4c5e83899a24a5a1,seed-2026015-scenario-00011,stopped_car,stopped_car,sim-001eea1f-stopped-car-00011,sim-001eea1f-stopped-car-00011,False,1047.1891492271138,True,True,108.79999999999596,115.79999999999556,6.999999999999602,True,True,False,0.0,True,True,1.0636292771535953,1.4693420825152956
Rule Controller,2026015,4c5e83899a24a5a1,seed-2026015-scenario-00012,slow_car,mixed,sim-001eea1f-slow-car-00012,sim-001eea1f-slow-car-00012|sim-001eea1f-left-traffic-00012,True,1149.463189127295,True,True,121.04999999999526,132.89999999999597,11.850000000000705,True,True,False,1.5000000000000007,True,True,0.07286723409096024,-1.875
Rule Controller,2026015,4c5e83899a24a5a1,seed-2026015-scenario-00013,truck,truck,sim-001eea1f-truck-00013,sim-001eea1f-truck-00013,False,1227.0492667538017,True,True,126.74999999999494,153.7500000000007,27.00000000000577,True,True,False,0.5499999999999999,False,False,6.585029673391131,3.3
Rule Controller,2026015,4c5e83899a24a5a1,seed-2026015-scenario-00014,pedestrian,pedestrian,sim-001eea1f-pedestrian-00014,sim-001eea1f-pedestrian-00014,False,1326.0938956722998,True,True,130.59999999999545,147.0999999999992,16.50000000000375,True,True,False,0.1,False,False,,0.42500000000000027
Rule Controller,2026015,4c5e83899a24a5a1,seed-2026015-scenario-00015,stopped_car,stopped_car,sim-001eea1f-stopped-car-00015,sim-001eea1f-stopped-car-00015,False,1396.0618148240076,True,True,144.0499999999985,152.25000000000037,8.200000000001864,True,True,False,0.0,False,False,,3.625
Rule Controller,2026015,4c5e83899a24a5a1,seed-2026015-scenario-00016,slow_car,slow_car,sim-001eea1f-slow-car-00016,sim-001eea1f-slow-car-00016,False,1496.8413965125278,True,True,155.20000000000104,164.35000000000312,9.15000000000208,True,True,False,0.0,False,False,,3.625
Rule Controller,2026015,4c5e83899a24a5a1,seed-2026015-scenario-00017,truck,truck,sim-001eea1f-truck-00017,sim-001eea1f-truck-00017,False,1581.9404325727332,True,True,163.10000000000284,221.25000000001606,58.15000000001322,True,True,False,4.699999999999991,False,False,4.601376996361788,3.3
Rule Controller,2026015,4c5e83899a24a5a1,seed-2026015-scenario-00018,truck,truck,sim-001eea1f-truck-00018,sim-001eea1f-truck-00018,False,1655.925624667273,True,True,166.9500000000037,214.30000000001448,47.350000000010766,True,True,False,0.1,True,True,2.6934799397351967,3.3
Rule Controller,2026015,4c5e83899a24a5a1,seed-2026015-scenario-00020,pedestrian,pedestrian,sim-001eea1f-pedestrian-00020,sim-001eea1f-pedestrian-00020,False,1812.3911713908053,True,True,186.7500000000082,206.75000000001276,20.000000000004547,True,True,False,0.1,False,False,,0.42500000000000027
Rule Controller,2026015,4c5e83899a24a5a1,seed-2026015-scenario-00021,slow_car,mixed,sim-001eea1f-slow-car-00021,sim-001eea1f-slow-car-00021|sim-001eea1f-left-traffic-00021,True,1886.733248270895,True,True,219.2000000000156,292.0000000000321,72.80000000001652,True,True,False,0.0,False,False,0.8889729193639269,-1.875
Rule Controller,2026015,4c5e83899a24a5a1,seed-2026015-scenario-00022,stopped_car,mixed,sim-001eea1f-stopped-car-00022,sim-001eea1f-stopped-car-00022|sim-001eea1f-left-traffic-00022,True,1961.1947360194813,True,True,211.3000000000138,217.60000000001523,6.3000000000014325,True,True,False,0.0,False,False,0.3085185012351786,-1.875
Rule Controller,2026015,4c5e83899a24a5a1,seed-2026015-scenario-00023,pedestrian,pedestrian,sim-001eea1f-pedestrian-00023,sim-001eea1f-pedestrian-00023,False,2050.0289233135804,True,True,217.70000000001525,234.05000000001897,16.350000000003718,True,True,False,0.1,False,False,,0.42500000000000027
Rule Controller,2026015,4c5e83899a24a5a1,seed-2026015-scenario-00024,slow_car,mixed,sim-001eea1f-slow-car-00024,sim-001eea1f-slow-car-00024|sim-001eea1f-left-traffic-00024,True,2125.61206690857,True,False,290.1000000000317,,,False,False,False,0.0,False,False,,25.375587137226745
Rule Controller,2026015,4c5e83899a24a5a1,seed-2026015-scenario-00025,pedestrian,pedestrian,sim-001eea1f-pedestrian-00025,sim-001eea1f-pedestrian-00025,False,2228.6996613016877,True,True,240.7500000000205,258.4500000000245,17.700000000003996,True,True,False,0.1,False,False,,0.42500000000000027
Rule Controller,2026015,4c5e83899a24a5a1,seed-2026015-scenario-00026,pedestrian,pedestrian,sim-001eea1f-pedestrian-00026,sim-001eea1f-pedestrian-00026,False,2334.4561315020483,True,True,259.9000000000248,279.6500000000293,19.75000000000449,True,True,False,0.1,False,False,,0.42500000000000027
Rule Controller,2026015,4c5e83899a24a5a1,seed-2026015-scenario-00027,truck,truck,sim-001eea1f-truck-00027,sim-001eea1f-truck-00027,False,2407.886227144119,True,False,287.9000000000312,,,False,False,False,0.0,False,False,,3.3
Rule Controller,2026015,4c5e83899a24a5a1,seed-2026015-scenario-00029,stopped_car,stopped_car,sim-001eea1f-stopped-car-00029,sim-001eea1f-stopped-car-00029,False,2609.819232130826,True,False,293.40000000003243,,,False,False,False,0.0,False,False,,9.551464196168075
Rule Controller,2026015,4c5e83899a24a5a1,seed-2026015-scenario-00030,stopped_car,mixed,sim-001eea1f-stopped-car-00030,sim-001eea1f-stopped-car-00030|sim-001eea1f-left-traffic-00030,True,2677.841912084825,False,False,,,,False,False,False,0.0,False,False,,
Rule Controller,2026015,4c5e83899a24a5a1,seed-2026015-scenario-00031,truck,truck,sim-001eea1f-truck-00031,sim-001eea1f-truck-00031,False,2750.9565109462237,False,False,,,,False,False,False,0.0,False,False,,
Rule Controller,2026015,4c5e83899a24a5a1,seed-2026015-scenario-00033,pedestrian,pedestrian,sim-001eea1f-pedestrian-00033,sim-001eea1f-pedestrian-00033,False,2942.1084886318567,False,False,,,,False,False,False,0.0,False,False,,
Rule Controller,2026015,4c5e83899a24a5a1,seed-2026015-scenario-00034,slow_car,slow_car,sim-001eea1f-slow-car-00034,sim-001eea1f-slow-car-00034,False,3013.3971807585604,False,False,,,,False,False,False,0.0,False,False,,
Rule Controller,2026015,4c5e83899a24a5a1,seed-2026015-scenario-00035,truck,mixed,sim-001eea1f-truck-00035,sim-001eea1f-truck-00035|sim-001eea1f-left-traffic-00035,True,3117.255352247506,False,False,,,,False,False,False,0.0,False,False,,
Rule Controller,2026015,4c5e83899a24a5a1,seed-2026015-scenario-00036,slow_car,slow_car,sim-001eea1f-slow-car-00036,sim-001eea1f-slow-car-00036,False,3198.0631804371783,False,False,,,,False,False,False,0.0,False,False,,
Rule Controller,2026015,4c5e83899a24a5a1,seed-2026015-scenario-00037,pedestrian,pedestrian,sim-001eea1f-pedestrian-00037,sim-001eea1f-pedestrian-00037,False,3279.8686437488673,False,False,,,,False,False,False,0.0,False,False,,
Rule Controller,2026015,4c5e83899a24a5a1,seed-2026015-scenario-00038,pedestrian,pedestrian,sim-001eea1f-pedestrian-00038,sim-001eea1f-pedestrian-00038,False,3385.3168751033227,False,False,,,,False,False,False,0.0,False,False,,
Rule Controller,2026015,4c5e83899a24a5a1,seed-2026015-scenario-00039,truck,truck,sim-001eea1f-truck-00039,sim-001eea1f-truck-00039,False,3474.7511997678216,False,False,,,,False,False,False,0.0,False,False,,
Rule Controller,2026015,4c5e83899a24a5a1,seed-2026015-scenario-00041,pedestrian,pedestrian,sim-001eea1f-pedestrian-00041,sim-001eea1f-pedestrian-00041,False,3680.0775583504437,False,False,,,,False,False,False,0.0,False,False,,
Rule Controller,2026015,4c5e83899a24a5a1,seed-2026015-scenario-00042,truck,mixed,sim-001eea1f-truck-00042,sim-001eea1f-truck-00042|sim-001eea1f-left-traffic-00042,True,3751.0253162360323,False,False,,,,False,False,False,0.0,False,False,,
Rule Controller,2026015,4c5e83899a24a5a1,seed-2026015-scenario-00043,stopped_car,mixed,sim-001eea1f-stopped-car-00043,sim-001eea1f-stopped-car-00043|sim-001eea1f-left-traffic-00043,True,3835.1942504053486,False,False,,,,False,False,False,0.0,False,False,,
Rule Controller,2026015,4c5e83899a24a5a1,seed-2026015-scenario-00044,slow_car,slow_car,sim-001eea1f-slow-car-00044,sim-001eea1f-slow-car-00044,False,3936.8527566278294,False,False,,,,False,False,False,0.0,False,False,,
Rule Controller,2026015,4c5e83899a24a5a1,seed-2026015-scenario-00046,stopped_car,stopped_car,sim-001eea1f-stopped-car-00046,sim-001eea1f-stopped-car-00046,False,4118.128623047447,False,False,,,,False,False,False,0.0,False,False,,
Rule Controller,2026015,4c5e83899a24a5a1,seed-2026015-scenario-00047,pedestrian,pedestrian,sim-001eea1f-pedestrian-00047,sim-001eea1f-pedestrian-00047,False,4190.267216582013,False,False,,,,False,False,False,0.0,False,False,,
Rule Controller,2026015,4c5e83899a24a5a1,seed-2026015-scenario-00048,stopped_car,stopped_car,sim-001eea1f-stopped-car-00048,sim-001eea1f-stopped-car-00048,False,4279.033306350193,False,False,,,,False,False,False,0.0,False,False,,
Rule Controller,2026015,4c5e83899a24a5a1,seed-2026015-scenario-00049,pedestrian,pedestrian,sim-001eea1f-pedestrian-00049,sim-001eea1f-pedestrian-00049,False,4365.482524931068,False,False,,,,False,False,False,0.0,False,False,,
Hybrid ML Controller,2026015,4c5e83899a24a5a1,seed-2026015-scenario-00000,stopped_car,stopped_car,sim-001eea1f-stopped-car-00000,sim-001eea1f-stopped-car-00000,False,69.28910929790213,True,True,0.05,11.65000000000003,11.60000000000003,True,True,False,0.0,True,True,4.779576162237774,3.5084992973224445
Hybrid ML Controller,2026015,4c5e83899a24a5a1,seed-2026015-scenario-00001,slow_car,slow_car,sim-001eea1f-slow-car-00001,sim-001eea1f-slow-car-00001,False,169.7489422086408,True,True,17.35000000000011,28.300000000000267,10.950000000000156,True,True,False,2.549999999999999,False,False,,3.625
Hybrid ML Controller,2026015,4c5e83899a24a5a1,seed-2026015-scenario-00002,slow_car,mixed,sim-001eea1f-slow-car-00002,sim-001eea1f-slow-car-00002|sim-001eea1f-left-traffic-00002,True,273.04031831045313,True,True,22.400000000000183,52.649999999999146,30.249999999998963,True,True,False,1.900000000000001,False,False,19.37334588599543,3.625
Hybrid ML Controller,2026015,4c5e83899a24a5a1,seed-2026015-scenario-00003,pedestrian,pedestrian,sim-001eea1f-pedestrian-00003,sim-001eea1f-pedestrian-00003,False,361.1725902831363,True,True,26.40000000000024,44.399999999999615,17.999999999999375,True,True,False,0.1,False,False,,0.42500000000000027
Hybrid ML Controller,2026015,4c5e83899a24a5a1,seed-2026015-scenario-00004,stopped_car,stopped_car,sim-001eea1f-stopped-car-00004,sim-001eea1f-stopped-car-00004,False,444.2473201489487,True,True,43.59999999999966,51.84999999999919,8.249999999999531,True,True,False,0.0,False,False,,3.625
Hybrid ML Controller,2026015,4c5e83899a24a5a1,seed-2026015-scenario-00005,truck,truck,sim-001eea1f-truck-00005,sim-001eea1f-truck-00005,False,519.4427073189277,True,True,59.84999999999874,,,False,False,True,0.0,True,False,1.0710924632406174,1.2000000000000002
Hybrid ML Controller,2026015,4c5e83899a24a5a1,seed-2026015-scenario-00009,pedestrian,pedestrian,sim-001eea1f-pedestrian-00009,sim-001eea1f-pedestrian-00009,False,878.7991289074514,True,True,90.79999999999698,110.84999999999584,20.04999999999886,True,True,False,0.1,False,False,,0.42500000000000027
Hybrid ML Controller,2026015,4c5e83899a24a5a1,seed-2026015-scenario-00010,slow_car,slow_car,sim-001eea1f-slow-car-00010,sim-001eea1f-slow-car-00010,False,952.9999433684259,True,True,119.39999999999536,217.10000000001511,97.70000000001976,True,True,False,0.0,False,False,9.066721999363217,3.625
Hybrid ML Controller,2026015,4c5e83899a24a5a1,seed-2026015-scenario-00011,stopped_car,stopped_car,sim-001eea1f-stopped-car-00011,sim-001eea1f-stopped-car-00011,False,1047.1891492271138,True,True,116.7999999999955,135.49999999999656,18.700000000001054,True,True,False,4.149999999999993,True,True,1.4509852188847951,0.8770668265700721
Hybrid ML Controller,2026015,4c5e83899a24a5a1,seed-2026015-scenario-00012,slow_car,mixed,sim-001eea1f-slow-car-00012,sim-001eea1f-slow-car-00012|sim-001eea1f-left-traffic-00012,True,1149.463189127295,False,False,,,,False,False,False,0.0,False,False,,
Hybrid ML Controller,2026015,4c5e83899a24a5a1,seed-2026015-scenario-00013,truck,truck,sim-001eea1f-truck-00013,sim-001eea1f-truck-00013,False,1227.0492667538017,True,True,223.00000000001646,285.0000000000305,62.00000000001407,True,True,False,0.35,False,False,6.655114091750377,3.3
Hybrid ML Controller,2026015,4c5e83899a24a5a1,seed-2026015-scenario-00014,pedestrian,pedestrian,sim-001eea1f-pedestrian-00014,sim-001eea1f-pedestrian-00014,False,1326.0938956722998,True,True,161.05000000000237,182.55000000000726,21.50000000000489,True,True,False,0.1,False,False,3.795870786445376,5.925000000000001
Hybrid ML Controller,2026015,4c5e83899a24a5a1,seed-2026015-scenario-00015,stopped_car,stopped_car,sim-001eea1f-stopped-car-00015,sim-001eea1f-stopped-car-00015,False,1396.0618148240076,True,True,179.45000000000655,196.65000000001046,17.20000000000391,True,True,False,0.0,True,True,1.9548413910320654,1.6719152577580756
Hybrid ML Controller,2026015,4c5e83899a24a5a1,seed-2026015-scenario-00016,slow_car,slow_car,sim-001eea1f-slow-car-00016,sim-001eea1f-slow-car-00016,False,1496.8413965125278,True,True,221.000000000016,277.9000000000289,56.90000000001291,True,True,False,0.0,True,True,4.390413290183288,3.462311552282262
Hybrid ML Controller,2026015,4c5e83899a24a5a1,seed-2026015-scenario-00017,truck,truck,sim-001eea1f-truck-00017,sim-001eea1f-truck-00017,False,1581.9404325727332,False,False,,,,False,False,False,0.0,False,False,,
Hybrid ML Controller,2026015,4c5e83899a24a5a1,seed-2026015-scenario-00018,truck,truck,sim-001eea1f-truck-00018,sim-001eea1f-truck-00018,False,1655.925624667273,True,True,227.95000000001758,285.50000000003064,57.55000000001306,True,True,False,0.3,False,False,25.375273232714594,3.3
Hybrid ML Controller,2026015,4c5e83899a24a5a1,seed-2026015-scenario-00020,pedestrian,pedestrian,sim-001eea1f-pedestrian-00020,sim-001eea1f-pedestrian-00020,False,1812.3911713908053,True,True,250.20000000002264,271.6000000000275,21.400000000004837,True,True,False,0.1,False,False,,0.42500000000000027
Hybrid ML Controller,2026015,4c5e83899a24a5a1,seed-2026015-scenario-00021,slow_car,mixed,sim-001eea1f-slow-car-00021,sim-001eea1f-slow-car-00021|sim-001eea1f-left-traffic-00021,True,1886.733248270895,True,False,284.9000000000305,,,False,False,False,0.0,False,False,0.5563557009363995,-1.875
Hybrid ML Controller,2026015,4c5e83899a24a5a1,seed-2026015-scenario-00022,stopped_car,mixed,sim-001eea1f-stopped-car-00022,sim-001eea1f-stopped-car-00022|sim-001eea1f-left-traffic-00022,True,1961.1947360194813,True,False,276.1500000000285,282.45000000002995,6.3000000000014325,True,False,False,0.0,False,False,56.49647958583064,3.625
Hybrid ML Controller,2026015,4c5e83899a24a5a1,seed-2026015-scenario-00023,pedestrian,pedestrian,sim-001eea1f-pedestrian-00023,sim-001eea1f-pedestrian-00023,False,2050.0289233135804,True,False,282.55000000002997,298.8500000000337,16.300000000003706,True,False,False,0.1,False,False,,0.42500000000000027
Hybrid ML Controller,2026015,4c5e83899a24a5a1,seed-2026015-scenario-00024,slow_car,mixed,sim-001eea1f-slow-car-00024,sim-001eea1f-slow-car-00024|sim-001eea1f-left-traffic-00024,True,2125.61206690857,False,False,,,,False,False,False,0.0,False,False,,
Hybrid ML Controller,2026015,4c5e83899a24a5a1,seed-2026015-scenario-00025,pedestrian,pedestrian,sim-001eea1f-pedestrian-00025,sim-001eea1f-pedestrian-00025,False,2228.6996613016877,False,False,,,,False,False,False,0.0,False,False,,
Hybrid ML Controller,2026015,4c5e83899a24a5a1,seed-2026015-scenario-00026,pedestrian,pedestrian,sim-001eea1f-pedestrian-00026,sim-001eea1f-pedestrian-00026,False,2334.4561315020483,False,False,,,,False,False,False,0.0,False,False,,
Hybrid ML Controller,2026015,4c5e83899a24a5a1,seed-2026015-scenario-00027,truck,truck,sim-001eea1f-truck-00027,sim-001eea1f-truck-00027,False,2407.886227144119,False,False,,,,False,False,False,0.0,False,False,,
Hybrid ML Controller,2026015,4c5e83899a24a5a1,seed-2026015-scenario-00029,stopped_car,stopped_car,sim-001eea1f-stopped-car-00029,sim-001eea1f-stopped-car-00029,False,2609.819232130826,False,False,,,,False,False,False,0.0,False,False,,
Hybrid ML Controller,2026015,4c5e83899a24a5a1,seed-2026015-scenario-00030,stopped_car,mixed,sim-001eea1f-stopped-car-00030,sim-001eea1f-stopped-car-00030|sim-001eea1f-left-traffic-00030,True,2677.841912084825,False,False,,,,False,False,False,0.0,False,False,,
Hybrid ML Controller,2026015,4c5e83899a24a5a1,seed-2026015-scenario-00031,truck,truck,sim-001eea1f-truck-00031,sim-001eea1f-truck-00031,False,2750.9565109462237,False,False,,,,False,False,False,0.0,False,False,,
Hybrid ML Controller,2026015,4c5e83899a24a5a1,seed-2026015-scenario-00033,pedestrian,pedestrian,sim-001eea1f-pedestrian-00033,sim-001eea1f-pedestrian-00033,False,2942.1084886318567,False,False,,,,False,False,False,0.0,False,False,,
Hybrid ML Controller,2026015,4c5e83899a24a5a1,seed-2026015-scenario-00034,slow_car,slow_car,sim-001eea1f-slow-car-00034,sim-001eea1f-slow-car-00034,False,3013.3971807585604,False,False,,,,False,False,False,0.0,False,False,,
Hybrid ML Controller,2026015,4c5e83899a24a5a1,seed-2026015-scenario-00035,truck,mixed,sim-001eea1f-truck-00035,sim-001eea1f-truck-00035|sim-001eea1f-left-traffic-00035,True,3117.255352247506,False,False,,,,False,False,False,0.0,False,False,,
Hybrid ML Controller,2026015,4c5e83899a24a5a1,seed-2026015-scenario-00036,slow_car,slow_car,sim-001eea1f-slow-car-00036,sim-001eea1f-slow-car-00036,False,3198.0631804371783,False,False,,,,False,False,False,0.0,False,False,,
Hybrid ML Controller,2026015,4c5e83899a24a5a1,seed-2026015-scenario-00037,pedestrian,pedestrian,sim-001eea1f-pedestrian-00037,sim-001eea1f-pedestrian-00037,False,3279.8686437488673,False,False,,,,False,False,False,0.0,False,False,,
Hybrid ML Controller,2026015,4c5e83899a24a5a1,seed-2026015-scenario-00038,pedestrian,pedestrian,sim-001eea1f-pedestrian-00038,sim-001eea1f-pedestrian-00038,False,3385.3168751033227,False,False,,,,False,False,False,0.0,False,False,,
Hybrid ML Controller,2026015,4c5e83899a24a5a1,seed-2026015-scenario-00039,truck,truck,sim-001eea1f-truck-00039,sim-001eea1f-truck-00039,False,3474.7511997678216,False,False,,,,False,False,False,0.0,False,False,,
Hybrid ML Controller,2026015,4c5e83899a24a5a1,seed-2026015-scenario-00041,pedestrian,pedestrian,sim-001eea1f-pedestrian-00041,sim-001eea1f-pedestrian-00041,False,3680.0775583504437,False,False,,,,False,False,False,0.0,False,False,,
Hybrid ML Controller,2026015,4c5e83899a24a5a1,seed-2026015-scenario-00042,truck,mixed,sim-001eea1f-truck-00042,sim-001eea1f-truck-00042|sim-001eea1f-left-traffic-00042,True,3751.0253162360323,False,False,,,,False,False,False,0.0,False,False,,
Hybrid ML Controller,2026015,4c5e83899a24a5a1,seed-2026015-scenario-00043,stopped_car,mixed,sim-001eea1f-stopped-car-00043,sim-001eea1f-stopped-car-00043|sim-001eea1f-left-traffic-00043,True,3835.1942504053486,False,False,,,,False,False,False,0.0,False,False,,
Hybrid ML Controller,2026015,4c5e83899a24a5a1,seed-2026015-scenario-00044,slow_car,slow_car,sim-001eea1f-slow-car-00044,sim-001eea1f-slow-car-00044,False,3936.8527566278294,False,False,,,,False,False,False,0.0,False,False,,
Hybrid ML Controller,2026015,4c5e83899a24a5a1,seed-2026015-scenario-00046,stopped_car,stopped_car,sim-001eea1f-stopped-car-00046,sim-001eea1f-stopped-car-00046,False,4118.128623047447,False,False,,,,False,False,False,0.0,False,False,,
Hybrid ML Controller,2026015,4c5e83899a24a5a1,seed-2026015-scenario-00047,pedestrian,pedestrian,sim-001eea1f-pedestrian-00047,sim-001eea1f-pedestrian-00047,False,4190.267216582013,False,False,,,,False,False,False,0.0,False,False,,
Hybrid ML Controller,2026015,4c5e83899a24a5a1,seed-2026015-scenario-00048,stopped_car,stopped_car,sim-001eea1f-stopped-car-00048,sim-001eea1f-stopped-car-00048,False,4279.033306350193,False,False,,,,False,False,False,0.0,False,False,,
Hybrid ML Controller,2026015,4c5e83899a24a5a1,seed-2026015-scenario-00049,pedestrian,pedestrian,sim-001eea1f-pedestrian-00049,sim-001eea1f-pedestrian-00049,False,4365.482524931068,False,False,,,,False,False,False,0.0,False,False,,
Rule Controller,2026016,5acfd03b52fc0011,seed-2026016-scenario-00000,slow_car,slow_car,sim-001eea20-slow-car-00000,sim-001eea20-slow-car-00000,False,71.40562820054596,True,True,0.05,14.200000000000067,14.150000000000066,True,True,False,0.0,True,True,3.833805080700256,3.387645003899359
Rule Controller,2026016,5acfd03b52fc0011,seed-2026016-scenario-00001,stopped_car,mixed,sim-001eea20-stopped-car-00001,sim-001eea20-stopped-car-00001|sim-001eea20-left-traffic-00001,True,152.0713578468753,True,True,8.999999999999993,15.300000000000082,6.3000000000000895,True,True,False,0.0,False,False,0.0502238555752704,-1.3032298583780033
Rule Controller,2026016,5acfd03b52fc0011,seed-2026016-scenario-00002,stopped_car,stopped_car,sim-001eea20-stopped-car-00002,sim-001eea20-stopped-car-00002,False,237.9894782880744,True,True,15.200000000000081,26.700000000000244,11.500000000000163,True,False,True,2.25,True,True,0.5849008046675689,1.1435628962696527
Rule Controller,2026016,5acfd03b52fc0011,seed-2026016-scenario-00003,truck,truck,sim-001eea20-truck-00003,sim-001eea20-truck-00003,False,315.49807324282534,True,True,36.650000000000055,91.94999999999692,55.299999999996864,True,True,False,0.0,False,False,9.636718609251007,3.3
Rule Controller,2026016,5acfd03b52fc0011,seed-2026016-scenario-00004,pedestrian,pedestrian,sim-001eea20-pedestrian-00004,sim-001eea20-pedestrian-00004,False,410.9754816091058,True,True,33.40000000000024,50.24999999999928,16.849999999999042,True,True,False,0.1,False,False,3.407461218378225,5.2576288350562095
Rule Controller,2026016,5acfd03b52fc0011,seed-2026016-scenario-00005,pedestrian,pedestrian,sim-001eea20-pedestrian-00005,sim-001eea20-pedestrian-00005,False,505.80413937582296,True,True,50.69999999999926,67.6999999999983,16.99999999999904,True,True,False,0.1,False,False,3.4116010172420395,5.443193868509866
Rule Controller,2026016,5acfd03b52fc0011,seed-2026016-scenario-00006,truck,truck,sim-001eea20-truck-00006,sim-001eea20-truck-00006,False,589.1676555647455,True,True,82.49999999999746,95.29999999999673,12.799999999999272,True,True,False,2.1500000000000004,False,False,,2.2443395846047434
Rule Controller,2026016,5acfd03b52fc0011,seed-2026016-scenario-00007,truck,mixed,sim-001eea20-truck-00007,sim-001eea20-truck-00007|sim-001eea20-left-traffic-00007,True,671.2792189214315,True,True,75.94999999999783,86.04999999999725,10.099999999999426,True,True,False,0.0,True,True,0.0535859590425662,-1.875
Rule Controller,2026016,5acfd03b52fc0011,seed-2026016-scenario-00008,stopped_car,stopped_car,sim-001eea20-stopped-car-00008,sim-001eea20-stopped-car-00008,False,773.8712551611517,True,True,80.84999999999755,87.0999999999972,6.249999999999645,True,True,False,0.0,False,False,,3.625
Rule Controller,2026016,5acfd03b52fc0011,seed-2026016-scenario-00009,slow_car,slow_car,sim-001eea20-slow-car-00009,sim-001eea20-slow-car-00009,False,881.2716226072987,True,True,90.99999999999697,131.84999999999573,40.84999999999876,True,True,False,3.1999999999999966,False,False,2.1498136249841613,2.618790421598556
Rule Controller,2026016,5acfd03b52fc0011,seed-2026016-scenario-00010,stopped_car,mixed,sim-001eea20-stopped-car-00010,sim-001eea20-stopped-car-00010|sim-001eea20-left-traffic-00010,True,970.5935419963174,True,True,94.99999999999675,108.54999999999598,13.54999999999923,True,True,False,1.0500000000000003,True,True,0.007460307327853127,-1.875
Rule Controller,2026016,5acfd03b52fc0011,seed-2026016-scenario-00011,pedestrian,pedestrian,sim-001eea20-pedestrian-00011,sim-001eea20-pedestrian-00011,False,1043.772169694344,True,True,106.59999999999609,126.24999999999497,19.649999999998883,True,True,False,0.1,False,False,,0.42500000000000027
Rule Controller,2026016,5acfd03b52fc0011,seed-2026016-scenario-00012,slow_car,slow_car,sim-001eea20-slow-car-00012,sim-001eea20-slow-car-00012,False,1130.680876575511,True,True,135.6499999999966,165.50000000000338,29.850000000006787,True,True,False,1.6000000000000008,False,False,,3.625
Rule Controller,2026016,5acfd03b52fc0011,seed-2026016-scenario-00013,slow_car,slow_car,sim-001eea20-slow-car-00013,sim-001eea20-slow-car-00013,False,1224.5301776577005,True,True,136.1499999999967,168.6500000000041,32.50000000000739,True,True,False,0.0,False,False,,3.625
Rule Controller,2026016,5acfd03b52fc0011,seed-2026016-scenario-00014,pedestrian,pedestrian,sim-001eea20-pedestrian-00014,sim-001eea20-pedestrian-00014,False,1316.1714201221057,True,True,139.69999999999752,158.70000000000184,19.00000000000432,True,True,False,0.1,False,False,,0.42500000000000027
Rule Controller,2026016,5acfd03b52fc0011,seed-2026016-scenario-00015,slow_car,slow_car,sim-001eea20-slow-car-00015,sim-001eea20-slow-car-00015,False,1407.6157125416808,True,True,166.10000000000352,174.90000000000552,8.800000000002001,True,True,False,0.0,False,False,,3.625
Rule Controller,2026016,5acfd03b52fc0011,seed-2026016-scenario-00016,stopped_car,stopped_car,sim-001eea20-stopped-car-00016,sim-001eea20-stopped-car-00016,False,1493.3448555377663,True,True,165.30000000000334,171.60000000000477,6.3000000000014325,True,True,False,0.0,False,False,,3.625
Rule Controller,2026016,5acfd03b52fc0011,seed-2026016-scenario-00017,truck,truck,sim-001eea20-truck-00017,sim-001eea20-truck-00017,False,1571.2157858925777,True,True,174.65000000000546,208.3000000000131,33.65000000000765,True,True,False,2.3,False,False,,3.3
Rule Controller,2026016,5acfd03b52fc0011,seed-2026016-scenario-00018,truck,truck,sim-001eea20-truck-00018,sim-001eea20-truck-00018,False,1649.1264567977203,True,True,180.30000000000675,214.20000000001446,33.90000000000771,True,True,False,0.0,False,False,,3.3
Rule Controller,2026016,5acfd03b52fc0011,seed-2026016-scenario-00019,pedestrian,pedestrian,sim-001eea20-pedestrian-00019,sim-001eea20-pedestrian-00019,False,1727.3146144301577,True,True,182.15000000000717,199.8500000000112,17.700000000004025,True,True,False,0.1,False,False,,0.42500000000000027
Rule Controller,2026016,5acfd03b52fc0011,seed-2026016-scenario-00020,truck,truck,sim-001eea20-truck-00020,sim-001eea20-truck-00020,False,1805.4256205424106,True,True,211.40000000001382,243.20000000002105,31.80000000000723,True,True,False,0.0,True,True,2.869574801202574,2.725954158830043
Rule Controller,2026016,5acfd03b52fc0011,seed-2026016-scenario-00021,slow_car,slow_car,sim-001eea20-slow-car-00021,sim-001eea20-slow-car-00021,False,1897.4954809316368,True,True,208.10000000001307,217.4500000000152,9.350000000002126,True,True,False,0.0,False,False,,3.625
Rule Controller,2026016,5acfd03b52fc0011,seed-2026016-scenario-00022,slow_car,mixed,sim-001eea20-slow-car-00022,sim-001eea20-slow-car-00022|sim-001eea20-left-traffic-00022,True,1973.2066144153114,True,True,215.00000000001464,248.00000000002214,33.0000000000075,True,True,False,0.0,False,False,8.056119544237264,-1.875
Rule Controller,2026016,5acfd03b52fc0011,seed-2026016-scenario-00024,stopped_car,mixed,sim-001eea20-stopped-car-00024,sim-001eea20-stopped-car-00024|sim-001eea20-left-traffic-00024,True,2168.669605280558,True,True,237.10000000001966,243.4000000000211,6.3000000000014325,True,True,False,0.0,False,False,4.194525114258409,3.4732827669741715
Rule Controller,2026016,5acfd03b52fc0011,seed-2026016-scenario-00025,truck,truck,sim-001eea20-truck-00025,sim-001eea20-truck-00025,False,2268.3826410541733,True,True,248.2000000000222,260.45000000002494,12.250000000002757,True,True,False,2.3,True,True,2.844376855183618,2.67759604789846
Rule Controller,2026016,5acfd03b52fc0011,seed-2026016-scenario-00026,slow_car,slow_car,sim-001eea20-slow-car-00026,sim-001eea20-slow-car-00026,False,2364.9858186184465,True,True,254.35000000002358,286.00000000003075,31.650000000007168,True,True,False,0.0,False,False,8.278534412167295,3.625
Rule Controller,2026016,5acfd03b52fc0011,seed-2026016-scenario-00027,pedestrian,pedestrian,sim-001eea20-pedestrian-00027,sim-001eea20-pedestrian-00027,False,2465.085142446669,True,True,258.4500000000245,276.6000000000286,18.150000000004127,True,True,False,0.1,False,False,,0.42500000000000027
Rule Controller,2026016,5acfd03b52fc0011,seed-2026016-scenario-00028,slow_car,slow_car,sim-001eea20-slow-car-00028,sim-001eea20-slow-car-00028,False,2536.4302402417434,True,False,288.70000000003137,,,False,False,False,0.0,False,False,,61.1833662126686
Rule Controller,2026016,5acfd03b52fc0011,seed-2026016-scenario-00029,truck,mixed,sim-001eea20-truck-00029,sim-001eea20-truck-00029|sim-001eea20-left-traffic-00029,True,2610.2345951372454,True,False,283.40000000003016,,,False,False,False,0.0,False,False,32.778583257609796,7.206115221997447
Rule Controller,2026016,5acfd03b52fc0011,seed-2026016-scenario-00030,pedestrian,pedestrian,sim-001eea20-pedestrian-00030,sim-001eea20-pedestrian-00030,False,2683.1838673418183,True,False,286.1500000000308,,,False,False,False,0.1,False,False,,2.2781550277441642
Rule Controller,2026016,5acfd03b52fc0011,seed-2026016-scenario-00031,stopped_car,stopped_car,sim-001eea20-stopped-car-00031,sim-001eea20-stopped-car-00031,False,2768.5097174340785,False,False,,,,False,False,False,0.0,False,False,,
Rule Controller,2026016,5acfd03b52fc0011,seed-2026016-scenario-00032,truck,truck,sim-001eea20-truck-00032,sim-001eea20-truck-00032,False,2875.22852020767,False,False,,,,False,False,False,0.0,False,False,,
Rule Controller,2026016,5acfd03b52fc0011,seed-2026016-scenario-00033,truck,truck,sim-001eea20-truck-00033,sim-001eea20-truck-00033,False,2965.9285450607317,False,False,,,,False,False,False,0.0,False,False,,
Rule Controller,2026016,5acfd03b52fc0011,seed-2026016-scenario-00034,stopped_car,stopped_car,sim-001eea20-stopped-car-00034,sim-001eea20-stopped-car-00034,False,3063.294410982881,False,False,,,,False,False,False,0.0,False,False,,
Rule Controller,2026016,5acfd03b52fc0011,seed-2026016-scenario-00038,truck,truck,sim-001eea20-truck-00038,sim-001eea20-truck-00038,False,3387.554133218766,False,False,,,,False,False,False,0.0,False,False,,
Rule Controller,2026016,5acfd03b52fc0011,seed-2026016-scenario-00039,pedestrian,pedestrian,sim-001eea20-pedestrian-00039,sim-001eea20-pedestrian-00039,False,3474.6633027321445,False,False,,,,False,False,False,0.0,False,False,,
Rule Controller,2026016,5acfd03b52fc0011,seed-2026016-scenario-00040,stopped_car,mixed,sim-001eea20-stopped-car-00040,sim-001eea20-stopped-car-00040|sim-001eea20-left-traffic-00040,True,3574.29311551318,False,False,,,,False,False,False,0.0,False,False,,
Rule Controller,2026016,5acfd03b52fc0011,seed-2026016-scenario-00041,slow_car,mixed,sim-001eea20-slow-car-00041,sim-001eea20-slow-car-00041|sim-001eea20-left-traffic-00041,True,3644.07162912357,False,False,,,,False,False,False,0.0,False,False,,
Rule Controller,2026016,5acfd03b52fc0011,seed-2026016-scenario-00042,slow_car,slow_car,sim-001eea20-slow-car-00042,sim-001eea20-slow-car-00042,False,3729.4002103337157,False,False,,,,False,False,False,0.0,False,False,,
Rule Controller,2026016,5acfd03b52fc0011,seed-2026016-scenario-00043,slow_car,slow_car,sim-001eea20-slow-car-00043,sim-001eea20-slow-car-00043,False,3804.5139166341633,False,False,,,,False,False,False,0.0,False,False,,
Rule Controller,2026016,5acfd03b52fc0011,seed-2026016-scenario-00044,stopped_car,stopped_car,sim-001eea20-stopped-car-00044,sim-001eea20-stopped-car-00044,False,3872.95830091101,False,False,,,,False,False,False,0.0,False,False,,
Rule Controller,2026016,5acfd03b52fc0011,seed-2026016-scenario-00045,slow_car,mixed,sim-001eea20-slow-car-00045,sim-001eea20-slow-car-00045|sim-001eea20-left-traffic-00045,True,3970.0139476910012,False,False,,,,False,False,False,0.0,False,False,,
Rule Controller,2026016,5acfd03b52fc0011,seed-2026016-scenario-00046,truck,truck,sim-001eea20-truck-00046,sim-001eea20-truck-00046,False,4074.270348175091,False,False,,,,False,False,False,0.0,False,False,,
Rule Controller,2026016,5acfd03b52fc0011,seed-2026016-scenario-00047,pedestrian,pedestrian,sim-001eea20-pedestrian-00047,sim-001eea20-pedestrian-00047,False,4163.373124345345,False,False,,,,False,False,False,0.0,False,False,,
Rule Controller,2026016,5acfd03b52fc0011,seed-2026016-scenario-00048,truck,truck,sim-001eea20-truck-00048,sim-001eea20-truck-00048,False,4269.033696185393,False,False,,,,False,False,False,0.0,False,False,,
Hybrid ML Controller,2026016,5acfd03b52fc0011,seed-2026016-scenario-00000,slow_car,slow_car,sim-001eea20-slow-car-00000,sim-001eea20-slow-car-00000,False,71.40562820054596,True,True,0.05,14.200000000000067,14.150000000000066,True,True,False,0.0,True,True,3.833805080700256,3.387645003899359
Hybrid ML Controller,2026016,5acfd03b52fc0011,seed-2026016-scenario-00001,stopped_car,mixed,sim-001eea20-stopped-car-00001,sim-001eea20-stopped-car-00001|sim-001eea20-left-traffic-00001,True,152.0713578468753,True,True,8.999999999999993,15.300000000000082,6.3000000000000895,True,True,False,0.0,True,False,0.15952578464667905,-1.627489506687767
Hybrid ML Controller,2026016,5acfd03b52fc0011,seed-2026016-scenario-00002,stopped_car,stopped_car,sim-001eea20-stopped-car-00002,sim-001eea20-stopped-car-00002,False,237.9894782880744,True,True,15.200000000000081,21.45000000000017,6.250000000000089,True,True,False,0.0,False,False,,3.625
Hybrid ML Controller,2026016,5acfd03b52fc0011,seed-2026016-scenario-00003,truck,truck,sim-001eea20-truck-00003,sim-001eea20-truck-00003,False,315.49807324282534,True,True,25.05000000000022,88.19999999999713,63.14999999999691,True,True,False,0.0,True,True,6.631515490465141,3.3
Hybrid ML Controller,2026016,5acfd03b52fc0011,seed-2026016-scenario-00004,pedestrian,pedestrian,sim-001eea20-pedestrian-00004,sim-001eea20-pedestrian-00004,False,410.9754816091058,True,True,27.650000000000258,44.49999999999961,16.84999999999935,True,True,False,0.1,False,False,4.214869077614122,5.365481609108883
Hybrid ML Controller,2026016,5acfd03b52fc0011,seed-2026016-scenario-00005,pedestrian,pedestrian,sim-001eea20-pedestrian-00005,sim-001eea20-pedestrian-00005,False,505.80413937582296,True,True,44.949999999999584,61.89999999999862,16.949999999999037,True,True,False,0.1,False,False,3.1987997770808207,5.094139375826217
Hybrid ML Controller,2026016,5acfd03b52fc0011,seed-2026016-scenario-00006,truck,truck,sim-001eea20-truck-00006,sim-001eea20-truck-00006,False,589.1676555647455,True,True,80.99999999999754,97.29999999999661,16.299999999999073,True,False,True,0.0,False,False,,1.2000000000000002
Hybrid ML Controller,2026016,5acfd03b52fc0011,seed-2026016-scenario-00007,truck,mixed,sim-001eea20-truck-00007,sim-001eea20-truck-00007|sim-001eea20-left-traffic-00007,True,671.2792189214315,True,True,72.59999999999802,86.44999999999723,13.849999999999213,True,True,False,0.0,True,True,0.00843561021298454,-1.875
Hybrid ML Controller,2026016,5acfd03b52fc0011,seed-2026016-scenario-00008,stopped_car,stopped_car,sim-001eea20-stopped-car-00008,sim-001eea20-stopped-car-00008,False,773.8712551611517,True,True,76.89999999999777,85.09999999999731,8.199999999999534,True,True,False,0.0,False,False,,3.625
Hybrid ML Controller,2026016,5acfd03b52fc0011,seed-2026016-scenario-00009,slow_car,slow_car,sim-001eea20-slow-car-00009,sim-001eea20-slow-car-00009,False,881.2716226072987,True,True,90.14999999999702,99.99999999999646,9.84999999999944,True,False,True,0.0,False,False,,1.1999999999999549
Hybrid ML Controller,2026016,5acfd03b52fc0011,seed-2026016-scenario-00010,stopped_car,mixed,sim-001eea20-stopped-car-00010,sim-001eea20-stopped-car-00010|sim-001eea20-left-traffic-00010,True,970.5935419963174,True,True,93.09999999999685,99.3999999999965,6.299999999999642,True,True,False,0.0,False,False,31.336700810716373,-1.875
Hybrid ML Controller,2026016,5acfd03b52fc0011,seed-2026016-scenario-00011,pedestrian,pedestrian,sim-001eea20-pedestrian-00011,sim-001eea20-pedestrian-00011,False,1043.772169694344,True,True,98.39999999999655,116.69999999999551,18.29999999999896,True,True,False,0.1,False,False,14.305308535153234,5.205419694333841
Hybrid ML Controller,2026016,5acfd03b52fc0011,seed-2026016-scenario-00012,slow_car,slow_car,sim-001eea20-slow-car-00012,sim-001eea20-slow-car-00012,False,1130.680876575511,True,True,126.74999999999494,160.7500000000023,34.00000000000736,True,True,False,0.0,False,False,,3.625
Hybrid ML Controller,2026016,5acfd03b52fc0011,seed-2026016-scenario-00013,slow_car,slow_car,sim-001eea20-slow-car-00013,sim-001eea20-slow-car-00013,False,1224.5301776577005,True,True,127.3999999999949,164.35000000000312,36.95000000000822,True,True,False,0.0,False,False,,3.625
Hybrid ML Controller,2026016,5acfd03b52fc0011,seed-2026016-scenario-00014,pedestrian,pedestrian,sim-001eea20-pedestrian-00014,sim-001eea20-pedestrian-00014,False,1316.1714201221057,True,True,132.1999999999958,152.25000000000037,20.05000000000456,True,True,False,0.1,False,False,,0.42500000000000027
Hybrid ML Controller,2026016,5acfd03b52fc0011,seed-2026016-scenario-00015,slow_car,slow_car,sim-001eea20-slow-car-00015,sim-001eea20-slow-car-00015,False,1407.6157125416808,True,True,159.70000000000206,168.50000000000406,8.800000000002001,True,True,False,0.0,False,False,,3.625
Hybrid ML Controller,2026016,5acfd03b52fc0011,seed-2026016-scenario-00016,stopped_car,stopped_car,sim-001eea20-stopped-car-00016,sim-001eea20-stopped-car-00016,False,1493.3448555377663,True,True,158.85000000000187,165.1000000000033,6.250000000001421,True,True,False,0.0,False,False,,3.625
Hybrid ML Controller,2026016,5acfd03b52fc0011,seed-2026016-scenario-00017,truck,truck,sim-001eea20-truck-00017,sim-001eea20-truck-00017,False,1571.2157858925777,True,True,168.200000000004,201.85000000001165,33.65000000000765,True,True,False,2.3,False,False,,3.3
Hybrid ML Controller,2026016,5acfd03b52fc0011,seed-2026016-scenario-00018,truck,truck,sim-001eea20-truck-00018,sim-001eea20-truck-00018,False,1649.1264567977203,True,True,173.85000000000528,207.70000000001298,33.8500000000077,True,True,False,0.0,False,False,,3.3
Hybrid ML Controller,2026016,5acfd03b52fc0011,seed-2026016-scenario-00019,pedestrian,pedestrian,sim-001eea20-pedestrian-00019,sim-001eea20-pedestrian-00019,False,1727.3146144301577,True,True,175.7000000000057,193.40000000000973,17.700000000004025,True,True,False,0.1,False,False,,0.42500000000000027
Hybrid ML Controller,2026016,5acfd03b52fc0011,seed-2026016-scenario-00020,truck,truck,sim-001eea20-truck-00020,sim-001eea20-truck-00020,False,1805.4256205424106,True,True,204.90000000001234,242.35000000002086,37.450000000008515,True,True,False,0.0,True,True,19.205996043935297,3.3
Hybrid ML Controller,2026016,5acfd03b52fc0011,seed-2026016-scenario-00021,slow_car,slow_car,sim-001eea20-slow-car-00021,sim-001eea20-slow-car-00021,False,1897.4954809316368,True,True,201.6000000000116,211.00000000001373,9.400000000002137,True,True,False,0.0,False,False,,3.625
Hybrid ML Controller,2026016,5acfd03b52fc0011,seed-2026016-scenario-00022,slow_car,mixed,sim-001eea20-slow-car-00022,sim-001eea20-slow-car-00022|sim-001eea20-left-traffic-00022,True,1973.2066144153114,True,True,208.55000000001317,247.400000000022,38.85000000000883,True,True,False,0.0,False,False,0.19247232487433702,-1.875
Hybrid ML Controller,2026016,5acfd03b52fc0011,seed-2026016-scenario-00024,stopped_car,mixed,sim-001eea20-stopped-car-00024,sim-001eea20-stopped-car-00024|sim-001eea20-left-traffic-00024,True,2168.669605280558,True,True,231.5500000000184,240.10000000002034,8.550000000001944,True,True,False,0.0,False,False,9.091883425970025,3.625
Hybrid ML Controller,2026016,5acfd03b52fc0011,seed-2026016-scenario-00025,truck,truck,sim-001eea20-truck-00025,sim-001eea20-truck-00025,False,2268.3826410541733,True,True,245.2000000000215,257.45000000002426,12.250000000002757,True,True,False,2.3,False,False,,3.3
Hybrid ML Controller,2026016,5acfd03b52fc0011,seed-2026016-scenario-00026,slow_car,slow_car,sim-001eea20-slow-car-00026,sim-001eea20-slow-car-00026,False,2364.9858186184465,True,True,251.10000000002285,282.75000000003,31.650000000007168,True,True,False,0.0,False,False,,3.625
Hybrid ML Controller,2026016,5acfd03b52fc0011,seed-2026016-scenario-00027,pedestrian,pedestrian,sim-001eea20-pedestrian-00027,sim-001eea20-pedestrian-00027,False,2465.085142446669,True,True,255.15000000002377,273.30000000002786,18.1500000000041,True,True,False,0.1,False,False,,0.42500000000000027
Hybrid ML Controller,2026016,5acfd03b52fc0011,seed-2026016-scenario-00028,slow_car,slow_car,sim-001eea20-slow-car-00028,sim-001eea20-slow-car-00028,False,2536.4302402417434,True,False,285.4000000000306,,,False,False,False,0.0,False,False,,60.82516861217954
Hybrid ML Controller,2026016,5acfd03b52fc0011,seed-2026016-scenario-00029,truck,mixed,sim-001eea20-truck-00029,sim-001eea20-truck-00029|sim-001eea20-left-traffic-00029,True,2610.2345951372454,True,False,280.1000000000294,,,False,False,False,0.0,False,False,32.83556153498291,7.0975156702749755
Hybrid ML Controller,2026016,5acfd03b52fc0011,seed-2026016-scenario-00030,pedestrian,pedestrian,sim-001eea20-pedestrian-00030,sim-001eea20-pedestrian-00030,False,2683.1838673418183,True,False,282.85000000003004,299.7500000000339,16.900000000003843,True,False,False,0.1,False,False,,0.42500000000000027
Hybrid ML Controller,2026016,5acfd03b52fc0011,seed-2026016-scenario-00031,stopped_car,stopped_car,sim-001eea20-stopped-car-00031,sim-001eea20-stopped-car-00031,False,2768.5097174340785,True,False,299.25000000003376,,,False,False,False,0.0,False,False,,63.35896437219331
Hybrid ML Controller,2026016,5acfd03b52fc0011,seed-2026016-scenario-00032,truck,truck,sim-001eea20-truck-00032,sim-001eea20-truck-00032,False,2875.22852020767,False,False,,,,False,False,False,0.0,False,False,,
Hybrid ML Controller,2026016,5acfd03b52fc0011,seed-2026016-scenario-00033,truck,truck,sim-001eea20-truck-00033,sim-001eea20-truck-00033,False,2965.9285450607317,False,False,,,,False,False,False,0.0,False,False,,
Hybrid ML Controller,2026016,5acfd03b52fc0011,seed-2026016-scenario-00034,stopped_car,stopped_car,sim-001eea20-stopped-car-00034,sim-001eea20-stopped-car-00034,False,3063.294410982881,False,False,,,,False,False,False,0.0,False,False,,
Hybrid ML Controller,2026016,5acfd03b52fc0011,seed-2026016-scenario-00038,truck,truck,sim-001eea20-truck-00038,sim-001eea20-truck-00038,False,3387.554133218766,False,False,,,,False,False,False,0.0,False,False,,
Hybrid ML Controller,2026016,5acfd03b52fc0011,seed-2026016-scenario-00039,pedestrian,pedestrian,sim-001eea20-pedestrian-00039,sim-001eea20-pedestrian-00039,False,3474.6633027321445,False,False,,,,False,False,False,0.0,False,False,,
Hybrid ML Controller,2026016,5acfd03b52fc0011,seed-2026016-scenario-00040,stopped_car,mixed,sim-001eea20-stopped-car-00040,sim-001eea20-stopped-car-00040|sim-001eea20-left-traffic-00040,True,3574.29311551318,False,False,,,,False,False,False,0.0,False,False,,
Hybrid ML Controller,2026016,5acfd03b52fc0011,seed-2026016-scenario-00041,slow_car,mixed,sim-001eea20-slow-car-00041,sim-001eea20-slow-car-00041|sim-001eea20-left-traffic-00041,True,3644.07162912357,False,False,,,,False,False,False,0.0,False,False,,
Hybrid ML Controller,2026016,5acfd03b52fc0011,seed-2026016-scenario-00042,slow_car,slow_car,sim-001eea20-slow-car-00042,sim-001eea20-slow-car-00042,False,3729.4002103337157,False,False,,,,False,False,False,0.0,False,False,,
Hybrid ML Controller,2026016,5acfd03b52fc0011,seed-2026016-scenario-00043,slow_car,slow_car,sim-001eea20-slow-car-00043,sim-001eea20-slow-car-00043,False,3804.5139166341633,False,False,,,,False,False,False,0.0,False,False,,
Hybrid ML Controller,2026016,5acfd03b52fc0011,seed-2026016-scenario-00044,stopped_car,stopped_car,sim-001eea20-stopped-car-00044,sim-001eea20-stopped-car-00044,False,3872.95830091101,False,False,,,,False,False,False,0.0,False,False,,
Hybrid ML Controller,2026016,5acfd03b52fc0011,seed-2026016-scenario-00045,slow_car,mixed,sim-001eea20-slow-car-00045,sim-001eea20-slow-car-00045|sim-001eea20-left-traffic-00045,True,3970.0139476910012,False,False,,,,False,False,False,0.0,False,False,,
Hybrid ML Controller,2026016,5acfd03b52fc0011,seed-2026016-scenario-00046,truck,truck,sim-001eea20-truck-00046,sim-001eea20-truck-00046,False,4074.270348175091,False,False,,,,False,False,False,0.0,False,False,,
Hybrid ML Controller,2026016,5acfd03b52fc0011,seed-2026016-scenario-00047,pedestrian,pedestrian,sim-001eea20-pedestrian-00047,sim-001eea20-pedestrian-00047,False,4163.373124345345,False,False,,,,False,False,False,0.0,False,False,,
Hybrid ML Controller,2026016,5acfd03b52fc0011,seed-2026016-scenario-00048,truck,truck,sim-001eea20-truck-00048,sim-001eea20-truck-00048,False,4269.033696185393,False,False,,,,False,False,False,0.0,False,False,,
Rule Controller,2026017,06fd1feafb0f6fcb,seed-2026017-scenario-00000,stopped_car,mixed,sim-001eea21-stopped-car-00000,sim-001eea21-stopped-car-00000|sim-001eea21-left-traffic-00000,True,70.38412812516317,True,True,0.05,9.399999999999999,9.349999999999998,True,True,False,0.0,True,True,0.19494063755134694,-1.524
Rule Controller,2026017,06fd1feafb0f6fcb,seed-2026017-scenario-00001,stopped_car,stopped_car,sim-001eea21-stopped-car-00001,sim-001eea21-stopped-car-00001,False,151.06099122005486,True,True,8.949999999999992,21.300000000000168,12.350000000000176,True,False,True,3.099999999999997,True,True,0.5797078854422885,1.1439181545667119
Rule Controller,2026017,06fd1feafb0f6fcb,seed-2026017-scenario-00002,truck,truck,sim-001eea21-truck-00002,sim-001eea21-truck-00002,False,236.37601350893306,True,True,32.00000000000032,66.74999999999835,34.74999999999803,True,True,False,2.2,False,False,5.713833932461353,3.2428199057682816
Rule Controller,2026017,06fd1feafb0f6fcb,seed-2026017-scenario-00003,truck,truck,sim-001eea21-truck-00003,sim-001eea21-truck-00003,False,319.8918953124585,True,True,31.850000000000318,66.94999999999834,35.09999999999802,True,True,False,2.2,True,True,5.691548231989854,3.2403752927719305
Rule Controller,2026017,06fd1feafb0f6fcb,seed-2026017-scenario-00004,slow_car,slow_car,sim-001eea21-slow-car-00004,sim-001eea21-slow-car-00004,False,400.7294798664219,True,True,35.250000000000135,45.04999999999958,9.799999999999443,True,True,False,3.2499999999999964,False,False,6.225331274236586,3.625
Rule Controller,2026017,06fd1feafb0f6fcb,seed-2026017-scenario-00005,pedestrian,pedestrian,sim-001eea21-pedestrian-00005,sim-001eea21-pedestrian-00005,False,490.59597233433294,True,True,39.94999999999987,57.54999999999887,17.599999999999,True,True,False,0.1,False,False,,0.42500000000000027
Rule Controller,2026017,06fd1feafb0f6fcb,seed-2026017-scenario-00006,truck,truck,sim-001eea21-truck-00006,sim-001eea21-truck-00006,False,561.1936425295432,True,True,66.69999999999835,77.24999999999775,10.5499999999994,True,True,False,1.2000000000000004,False,False,,3.3
Rule Controller,2026017,06fd1feafb0f6fcb,seed-2026017-scenario-00007,stopped_car,stopped_car,sim-001eea21-stopped-car-00007,sim-001eea21-stopped-car-00007,False,637.2943990278656,True,True,61.94999999999862,68.24999999999827,6.299999999999649,True,True,False,0.0,False,False,,3.625
Rule Controller,2026017,06fd1feafb0f6fcb,seed-2026017-scenario-00008,slow_car,mixed,sim-001eea21-slow-car-00008,sim-001eea21-slow-car-00008|sim-001eea21-left-traffic-00008,True,728.4151489286818,True,True,71.84999999999806,153.10000000000056,81.2500000000025,True,True,False,1.900000000000001,True,True,0.2185353779849871,-1.875
Rule Controller,2026017,06fd1feafb0f6fcb,seed-2026017-scenario-00009,pedestrian,pedestrian,sim-001eea21-pedestrian-00009,sim-001eea21-pedestrian-00009,False,835.5319892483915,True,True,76.24999999999781,94.54999999999677,18.29999999999896,True,True,False,0.1,False,False,,0.42500000000000027
Rule Controller,2026017,06fd1feafb0f6fcb,seed-2026017-scenario-00010,pedestrian,pedestrian,sim-001eea21-pedestrian-00010,sim-001eea21-pedestrian-00010,False,942.3237096244023,True,True,96.04999999999669,114.44999999999564,18.399999999998954,True,True,False,0.1,False,False,,0.42500000000000027
Rule Controller,2026017,06fd1feafb0f6fcb,seed-2026017-scenario-00011,slow_car,mixed,sim-001eea21-slow-car-00011,sim-001eea21-slow-car-00011|sim-001eea21-left-traffic-00011,True,1017.2362766642311,True,True,121.14999999999526,152.20000000000036,31.0500000000051,True,True,False,0.0,False,False,0.06554348961642067,-1.2630000000000008
Rule Controller,2026017,06fd1feafb0f6fcb,seed-2026017-scenario-00012,pedestrian,pedestrian,sim-001eea21-pedestrian-00012,sim-001eea21-pedestrian-00012,False,1121.8798541961942,True,True,121.19999999999526,138.44999999999723,17.250000000001975,True,True,False,0.1,False,False,,0.42500000000000027
Rule Controller,2026017,06fd1feafb0f6fcb,seed-2026017-scenario-00015,slow_car,mixed,sim-001eea21-slow-car-00015,sim-001eea21-slow-car-00015|sim-001eea21-left-traffic-00015,True,1377.777642955642,True,True,158.40000000000177,190.35000000000903,31.950000000007265,True,True,False,2.3999999999999995,True,True,5.386823631804264,3.625
Rule Controller,2026017,06fd1feafb0f6fcb,seed-2026017-scenario-00016,pedestrian,pedestrian,sim-001eea21-pedestrian-00016,sim-001eea21-pedestrian-00016,False,1455.8425505413918,True,True,160.3500000000022,177.70000000000616,17.350000000003945,True,True,False,0.1,False,False,,0.42500000000000027
Rule Controller,2026017,06fd1feafb0f6fcb,seed-2026017-scenario-00017,slow_car,mixed,sim-001eea21-slow-car-00017,sim-001eea21-slow-car-00017|sim-001eea21-left-traffic-00017,True,1542.2090995006306,True,True,189.40000000000882,222.3500000000163,32.95000000000749,True,True,False,0.0,False,False,0.07734753118503176,-1.875
Rule Controller,2026017,06fd1feafb0f6fcb,seed-2026017-scenario-00018,truck,truck,sim-001eea21-truck-00018,sim-001eea21-truck-00018,False,1613.4920055817963,True,True,185.750000000008,217.0500000000151,31.300000000007117,True,True,False,0.0,False,False,,3.3
Rule Controller,2026017,06fd1feafb0f6fcb,seed-2026017-scenario-00019,pedestrian,pedestrian,sim-001eea21-pedestrian-00019,sim-001eea21-pedestrian-00019,False,1697.7074840338285,True,True,188.9500000000087,207.65000000001297,18.700000000004252,True,True,False,0.1,False,False,,0.42500000000000027
Rule Controller,2026017,06fd1feafb0f6fcb,seed-2026017-scenario-00020,slow_car,slow_car,sim-001eea21-slow-car-00020,sim-001eea21-slow-car-00020,False,1794.9536741154473,True,True,219.85000000001574,230.60000000001818,10.750000000002444,True,True,False,0.0,False,False,,3.625
Rule Controller,2026017,06fd1feafb0f6fcb,seed-2026017-scenario-00021,truck,mixed,sim-001eea21-truck-00021,sim-001eea21-truck-00021|sim-001eea21-left-traffic-00021,True,1898.9912061765606,True,True,219.35000000001563,231.30000000001834,11.950000000002717,True,True,False,0.0,True,False,4.1368980626736125,3.3
Rule Controller,2026017,06fd1feafb0f6fcb,seed-2026017-scenario-00022,stopped_car,mixed,sim-001eea21-stopped-car-00022,sim-001eea21-stopped-car-00022|sim-001eea21-left-traffic-00022,True,1978.786489584478,True,True,221.75000000001617,228.0000000000176,6.250000000001421,True,True,False,0.0,False,False,40.89428622378177,3.625
Rule Controller,2026017,06fd1feafb0f6fcb,seed-2026017-scenario-00023,stopped_car,stopped_car,sim-001eea21-stopped-car-00023,sim-001eea21-stopped-car-00023,False,2059.056695600053,True,True,227.50000000001748,235.00000000001918,7.500000000001705,True,True,False,0.0,False,False,,3.625
Rule Controller,2026017,06fd1feafb0f6fcb,seed-2026017-scenario-00024,stopped_car,stopped_car,sim-001eea21-stopped-car-00024,sim-001eea21-stopped-car-00024,False,2163.355584859844,True,True,236.50000000001953,252.6500000000232,16.150000000003672,True,False,True,6.949999999999983,True,True,0.5914912191435996,1.2000000000001823
Rule Controller,2026017,06fd1feafb0f6fcb,seed-2026017-scenario-00025,truck,mixed,sim-001eea21-truck-00025,sim-001eea21-truck-00025|sim-001eea21-left-traffic-00025,True,2268.3196949300454,True,False,275.95000000002847,,,False,False,False,0.0,False,False,5.1344251819908395,12.827236419401924
Rule Controller,2026017,06fd1feafb0f6fcb,seed-2026017-scenario-00026,stopped_car,stopped_car,sim-001eea21-stopped-car-00026,sim-001eea21-stopped-car-00026,False,2341.838122152472,True,True,259.8000000000248,273.4500000000279,13.650000000003104,True,True,False,0.0,True,True,3.8341233727560837,3.2331804572468887
Rule Controller,2026017,06fd1feafb0f6fcb,seed-2026017-scenario-00028,pedestrian,pedestrian,sim-001eea21-pedestrian-00028,sim-001eea21-pedestrian-00028,False,2529.366290739922,True,False,281.2500000000297,,,False,False,False,0.1,False,False,6.409176954145313,6.0984515114799045
Rule Controller,2026017,06fd1feafb0f6fcb,seed-2026017-scenario-00029,slow_car,mixed,sim-001eea21-slow-car-00029,sim-001eea21-slow-car-00029|sim-001eea21-left-traffic-00029,True,2621.09097002099,False,False,,,,False,False,False,0.0,False,False,,
Rule Controller,2026017,06fd1feafb0f6fcb,seed-2026017-scenario-00031,truck,mixed,sim-001eea21-truck-00031,sim-001eea21-truck-00031|sim-001eea21-left-traffic-00031,True,2810.349586794375,False,False,,,,False,False,False,0.0,False,False,,
Rule Controller,2026017,06fd1feafb0f6fcb,seed-2026017-scenario-00032,stopped_car,stopped_car,sim-001eea21-stopped-car-00032,sim-001eea21-stopped-car-00032,False,2910.4967229786976,False,False,,,,False,False,False,0.0,False,False,,
Rule Controller,2026017,06fd1feafb0f6fcb,seed-2026017-scenario-00034,pedestrian,pedestrian,sim-001eea21-pedestrian-00034,sim-001eea21-pedestrian-00034,False,3110.434881391358,False,False,,,,False,False,False,0.0,False,False,,
Rule Controller,2026017,06fd1feafb0f6fcb,seed-2026017-scenario-00035,slow_car,mixed,sim-001eea21-slow-car-00035,sim-001eea21-slow-car-00035|sim-001eea21-left-traffic-00035,True,3186.639503954412,False,False,,,,False,False,False,0.0,False,False,,
Rule Controller,2026017,06fd1feafb0f6fcb,seed-2026017-scenario-00036,stopped_car,mixed,sim-001eea21-stopped-car-00036,sim-001eea21-stopped-car-00036|sim-001eea21-left-traffic-00036,True,3263.2466620586724,False,False,,,,False,False,False,0.0,False,False,,
Rule Controller,2026017,06fd1feafb0f6fcb,seed-2026017-scenario-00037,truck,mixed,sim-001eea21-truck-00037,sim-001eea21-truck-00037|sim-001eea21-left-traffic-00037,True,3364.4373427429755,False,False,,,,False,False,False,0.0,False,False,,
Rule Controller,2026017,06fd1feafb0f6fcb,seed-2026017-scenario-00038,slow_car,slow_car,sim-001eea21-slow-car-00038,sim-001eea21-slow-car-00038,False,3463.9244098550967,False,False,,,,False,False,False,0.0,False,False,,
Rule Controller,2026017,06fd1feafb0f6fcb,seed-2026017-scenario-00039,pedestrian,pedestrian,sim-001eea21-pedestrian-00039,sim-001eea21-pedestrian-00039,False,3560.4170850682017,False,False,,,,False,False,False,0.0,False,False,,
Rule Controller,2026017,06fd1feafb0f6fcb,seed-2026017-scenario-00040,slow_car,slow_car,sim-001eea21-slow-car-00040,sim-001eea21-slow-car-00040,False,3658.3166480498307,False,False,,,,False,False,False,0.0,False,False,,
Rule Controller,2026017,06fd1feafb0f6fcb,seed-2026017-scenario-00041,pedestrian,pedestrian,sim-001eea21-pedestrian-00041,sim-001eea21-pedestrian-00041,False,3763.6800004672436,False,False,,,,False,False,False,0.0,False,False,,
Rule Controller,2026017,06fd1feafb0f6fcb,seed-2026017-scenario-00042,pedestrian,pedestrian,sim-001eea21-pedestrian-00042,sim-001eea21-pedestrian-00042,False,3868.4564316100823,False,False,,,,False,False,False,0.0,False,False,,
Rule Controller,2026017,06fd1feafb0f6fcb,seed-2026017-scenario-00043,truck,mixed,sim-001eea21-truck-00043,sim-001eea21-truck-00043|sim-001eea21-left-traffic-00043,True,3965.2081287099104,False,False,,,,False,False,False,0.0,False,False,,
Rule Controller,2026017,06fd1feafb0f6fcb,seed-2026017-scenario-00044,slow_car,mixed,sim-001eea21-slow-car-00044,sim-001eea21-slow-car-00044|sim-001eea21-left-traffic-00044,True,4060.973509957354,False,False,,,,False,False,False,0.0,False,False,,
Rule Controller,2026017,06fd1feafb0f6fcb,seed-2026017-scenario-00045,pedestrian,pedestrian,sim-001eea21-pedestrian-00045,sim-001eea21-pedestrian-00045,False,4157.545893805452,False,False,,,,False,False,False,0.0,False,False,,
Rule Controller,2026017,06fd1feafb0f6fcb,seed-2026017-scenario-00046,slow_car,mixed,sim-001eea21-slow-car-00046,sim-001eea21-slow-car-00046|sim-001eea21-left-traffic-00046,True,4264.344582350851,False,False,,,,False,False,False,0.0,False,False,,
Rule Controller,2026017,06fd1feafb0f6fcb,seed-2026017-scenario-00047,stopped_car,mixed,sim-001eea21-stopped-car-00047,sim-001eea21-stopped-car-00047|sim-001eea21-left-traffic-00047,True,4351.146860625519,False,False,,,,False,False,False,0.0,False,False,,
Hybrid ML Controller,2026017,06fd1feafb0f6fcb,seed-2026017-scenario-00000,stopped_car,mixed,sim-001eea21-stopped-car-00000,sim-001eea21-stopped-car-00000|sim-001eea21-left-traffic-00000,True,70.38412812516317,True,True,0.05,11.750000000000032,11.700000000000031,True,True,False,0.0,True,True,0.16947607359350694,-1.5780000000000003
Hybrid ML Controller,2026017,06fd1feafb0f6fcb,seed-2026017-scenario-00001,stopped_car,stopped_car,sim-001eea21-stopped-car-00001,sim-001eea21-stopped-car-00001,False,151.06099122005486,True,True,11.200000000000024,17.650000000000116,6.450000000000092,True,True,False,0.0,False,False,,3.625
Hybrid ML Controller,2026017,06fd1feafb0f6fcb,seed-2026017-scenario-00002,truck,truck,sim-001eea21-truck-00002,sim-001eea21-truck-00002,False,236.37601350893306,True,True,21.55000000000017,34.000000000000206,12.450000000000035,True,True,False,0.8500000000000002,False,False,,3.3
Hybrid ML Controller,2026017,06fd1feafb0f6fcb,seed-2026017-scenario-00003,truck,truck,sim-001eea21-truck-00003,sim-001eea21-truck-00003,False,319.8918953124585,True,True,27.650000000000258,66.14999999999839,38.499999999998124,True,True,False,0.5499999999999999,False,False,,3.3
Hybrid ML Controller,2026017,06fd1feafb0f6fcb,seed-2026017-scenario-00004,slow_car,slow_car,sim-001eea21-slow-car-00004,sim-001eea21-slow-car-00004,False,400.7294798664219,True,True,31.050000000000306,58.34999999999882,27.299999999998516,True,True,False,3.7499999999999947,False,False,,3.625
Hybrid ML Controller,2026017,06fd1feafb0f6fcb,seed-2026017-scenario-00005,pedestrian,pedestrian,sim-001eea21-pedestrian-00005,sim-001eea21-pedestrian-00005,False,490.59597233433294,True,True,36.35000000000007,55.09999999999901,18.749999999998934,True,True,False,0.1,False,False,,0.42500000000000027
Hybrid ML Controller,2026017,06fd1feafb0f6fcb,seed-2026017-scenario-00006,truck,truck,sim-001eea21-truck-00006,sim-001eea21-truck-00006,False,561.1936425295432,True,True,64.64999999999847,75.19999999999787,10.5499999999994,True,True,False,2.499999999999999,False,False,,3.3
Hybrid ML Controller,2026017,06fd1feafb0f6fcb,seed-2026017-scenario-00007,stopped_car,stopped_car,sim-001eea21-stopped-car-00007,sim-001eea21-stopped-car-00007,False,637.2943990278656,True,True,59.49999999999876,65.7999999999984,6.299999999999649,True,True,False,0.0,False,False,,3.625
Hybrid ML Controller,2026017,06fd1feafb0f6fcb,seed-2026017-scenario-00008,slow_car,mixed,sim-001eea21-slow-car-00008,sim-001eea21-slow-car-00008|sim-001eea21-left-traffic-00008,True,728.4151489286818,True,True,69.3999999999982,149.09999999999965,79.70000000000145,True,False,True,1.900000000000001,True,True,0.2311948987152426,-1.875
Hybrid ML Controller,2026017,06fd1feafb0f6fcb,seed-2026017-scenario-00009,pedestrian,pedestrian,sim-001eea21-pedestrian-00009,sim-001eea21-pedestrian-00009,False,835.5319892483915,True,True,73.74999999999795,92.04999999999691,18.29999999999896,True,True,False,0.1,False,False,,0.42500000000000027
Hybrid ML Controller,2026017,06fd1feafb0f6fcb,seed-2026017-scenario-00010,pedestrian,pedestrian,sim-001eea21-pedestrian-00010,sim-001eea21-pedestrian-00010,False,942.3237096244023,True,True,93.59999999999683,111.99999999999578,18.399999999998954,True,True,False,0.1,False,False,,0.42500000000000027
Hybrid ML Controller,2026017,06fd1feafb0f6fcb,seed-2026017-scenario-00011,slow_car,mixed,sim-001eea21-slow-car-00011,sim-001eea21-slow-car-00011|sim-001eea21-left-traffic-00011,True,1017.2362766642311,True,True,118.7499999999954,148.24999999999946,29.500000000004064,True,True,False,0.0,False,False,0.20023259373509192,-1.3350000000000009
Hybrid ML Controller,2026017,06fd1feafb0f6fcb,seed-2026017-scenario-00012,pedestrian,pedestrian,sim-001eea21-pedestrian-00012,sim-001eea21-pedestrian-00012,False,1121.8798541961942,True,True,118.79999999999539,135.99999999999667,17.200000000001282,True,True,False,0.1,False,False,,0.42500000000000027
Hybrid ML Controller,2026017,06fd1feafb0f6fcb,seed-2026017-scenario-00015,slow_car,mixed,sim-001eea21-slow-car-00015,sim-001eea21-slow-car-00015|sim-001eea21-left-traffic-00015,True,1377.777642955642,True,True,155.4500000000011,187.40000000000836,31.950000000007265,True,True,False,2.3499999999999996,True,True,5.735934105239123,3.625
Hybrid ML Controller,2026017,06fd1feafb0f6fcb,seed-2026017-scenario-00016,pedestrian,pedestrian,sim-001eea21-pedestrian-00016,sim-001eea21-pedestrian-00016,False,1455.8425505413918,True,True,157.05000000000146,174.4000000000054,17.350000000003945,True,True,False,0.1,False,False,,0.42500000000000027
Hybrid ML Controller,2026017,06fd1feafb0f6fcb,seed-2026017-scenario-00017,slow_car,mixed,sim-001eea21-slow-car-00017,sim-001eea21-slow-car-00017|sim-001eea21-left-traffic-00017,True,1542.2090995006306,True,True,186.10000000000807,219.15000000001558,33.050000000007515,True,True,False,0.0,False,False,0.010978118169223408,-1.875
Hybrid ML Controller,2026017,06fd1feafb0f6fcb,seed-2026017-scenario-00018,truck,truck,sim-001eea21-truck-00018,sim-001eea21-truck-00018,False,1613.4920055817963,True,True,182.50000000000725,213.85000000001438,31.350000000007128,True,True,False,0.0,False,False,,3.3
Hybrid ML Controller,2026017,06fd1feafb0f6fcb,seed-2026017-scenario-00019,pedestrian,pedestrian,sim-001eea21-pedestrian-00019,sim-001eea21-pedestrian-00019,False,1697.7074840338285,True,True,185.65000000000796,204.40000000001223,18.750000000004263,True,True,False,0.1,False,False,,0.42500000000000027
Hybrid ML Controller,2026017,06fd1feafb0f6fcb,seed-2026017-scenario-00020,slow_car,slow_car,sim-001eea21-slow-car-00020,sim-001eea21-slow-car-00020,False,1794.9536741154473,True,True,216.600000000015,229.10000000001784,12.500000000002842,True,True,False,0.0,False,False,,3.625
Hybrid ML Controller,2026017,06fd1feafb0f6fcb,seed-2026017-scenario-00021,truck,mixed,sim-001eea21-truck-00021,sim-001eea21-truck-00021|sim-001eea21-left-traffic-00021,True,1898.9912061765606,True,True,216.1000000000149,231.1000000000183,15.00000000000341,True,True,False,0.0,True,False,8.558275815854428,3.3
Hybrid ML Controller,2026017,06fd1feafb0f6fcb,seed-2026017-scenario-00022,stopped_car,mixed,sim-001eea21-stopped-car-00022,sim-001eea21-stopped-car-00022|sim-001eea21-left-traffic-00022,True,1978.786489584478,True,True,218.50000000001543,224.75000000001685,6.250000000001421,True,True,False,0.0,False,False,40.930981977846045,3.625
Hybrid ML Controller,2026017,06fd1feafb0f6fcb,seed-2026017-scenario-00023,stopped_car,stopped_car,sim-001eea21-stopped-car-00023,sim-001eea21-stopped-car-00023,False,2059.056695600053,True,True,224.25000000001674,233.60000000001887,9.350000000002126,True,True,False,0.0,False,False,,3.625
Hybrid ML Controller,2026017,06fd1feafb0f6fcb,seed-2026017-scenario-00024,stopped_car,stopped_car,sim-001eea21-stopped-car-00024,sim-001eea21-stopped-car-00024,False,2163.355584859844,True,True,235.60000000001932,245.80000000002164,10.20000000000232,True,True,False,0.0,True,False,3.4270353616964573,3.2749245046499684
Hybrid ML Controller,2026017,06fd1feafb0f6fcb,seed-2026017-scenario-00025,truck,mixed,sim-001eea21-truck-00025,sim-001eea21-truck-00025|sim-001eea21-left-traffic-00025,True,2268.3196949300454,True,True,253.70000000002344,,,False,False,False,0.0,True,False,9.971837085622361,4.3660187580302185
Hybrid ML Controller,2026017,06fd1feafb0f6fcb,seed-2026017-scenario-00026,stopped_car,stopped_car,sim-001eea21-stopped-car-00026,sim-001eea21-stopped-car-00026,False,2341.838122152472,True,True,254.15000000002354,268.6000000000268,14.450000000003257,True,True,False,0.0,True,True,2.087176590770752,2.0956010197106565
Hybrid ML Controller,2026017,06fd1feafb0f6fcb,seed-2026017-scenario-00028,pedestrian,pedestrian,sim-001eea21-pedestrian-00028,sim-001eea21-pedestrian-00028,False,2529.366290739922,True,False,281.15000000002965,,,False,False,False,0.1,False,False,,0.5915002330347794
Hybrid ML Controller,2026017,06fd1feafb0f6fcb,seed-2026017-scenario-00029,slow_car,mixed,sim-001eea21-slow-car-00029,sim-001eea21-slow-car-00029|sim-001eea21-left-traffic-00029,True,2621.09097002099,False,False,,,,False,False,False,0.0,False,False,,
Hybrid ML Controller,2026017,06fd1feafb0f6fcb,seed-2026017-scenario-00031,truck,mixed,sim-001eea21-truck-00031,sim-001eea21-truck-00031|sim-001eea21-left-traffic-00031,True,2810.349586794375,False,False,,,,False,False,False,0.0,False,False,,
Hybrid ML Controller,2026017,06fd1feafb0f6fcb,seed-2026017-scenario-00032,stopped_car,stopped_car,sim-001eea21-stopped-car-00032,sim-001eea21-stopped-car-00032,False,2910.4967229786976,False,False,,,,False,False,False,0.0,False,False,,
Hybrid ML Controller,2026017,06fd1feafb0f6fcb,seed-2026017-scenario-00034,pedestrian,pedestrian,sim-001eea21-pedestrian-00034,sim-001eea21-pedestrian-00034,False,3110.434881391358,False,False,,,,False,False,False,0.0,False,False,,
Hybrid ML Controller,2026017,06fd1feafb0f6fcb,seed-2026017-scenario-00035,slow_car,mixed,sim-001eea21-slow-car-00035,sim-001eea21-slow-car-00035|sim-001eea21-left-traffic-00035,True,3186.639503954412,False,False,,,,False,False,False,0.0,False,False,,
Hybrid ML Controller,2026017,06fd1feafb0f6fcb,seed-2026017-scenario-00036,stopped_car,mixed,sim-001eea21-stopped-car-00036,sim-001eea21-stopped-car-00036|sim-001eea21-left-traffic-00036,True,3263.2466620586724,False,False,,,,False,False,False,0.0,False,False,,
Hybrid ML Controller,2026017,06fd1feafb0f6fcb,seed-2026017-scenario-00037,truck,mixed,sim-001eea21-truck-00037,sim-001eea21-truck-00037|sim-001eea21-left-traffic-00037,True,3364.4373427429755,False,False,,,,False,False,False,0.0,False,False,,
Hybrid ML Controller,2026017,06fd1feafb0f6fcb,seed-2026017-scenario-00038,slow_car,slow_car,sim-001eea21-slow-car-00038,sim-001eea21-slow-car-00038,False,3463.9244098550967,False,False,,,,False,False,False,0.0,False,False,,
Hybrid ML Controller,2026017,06fd1feafb0f6fcb,seed-2026017-scenario-00039,pedestrian,pedestrian,sim-001eea21-pedestrian-00039,sim-001eea21-pedestrian-00039,False,3560.4170850682017,False,False,,,,False,False,False,0.0,False,False,,
Hybrid ML Controller,2026017,06fd1feafb0f6fcb,seed-2026017-scenario-00040,slow_car,slow_car,sim-001eea21-slow-car-00040,sim-001eea21-slow-car-00040,False,3658.3166480498307,False,False,,,,False,False,False,0.0,False,False,,
Hybrid ML Controller,2026017,06fd1feafb0f6fcb,seed-2026017-scenario-00041,pedestrian,pedestrian,sim-001eea21-pedestrian-00041,sim-001eea21-pedestrian-00041,False,3763.6800004672436,False,False,,,,False,False,False,0.0,False,False,,
Hybrid ML Controller,2026017,06fd1feafb0f6fcb,seed-2026017-scenario-00042,pedestrian,pedestrian,sim-001eea21-pedestrian-00042,sim-001eea21-pedestrian-00042,False,3868.4564316100823,False,False,,,,False,False,False,0.0,False,False,,
Hybrid ML Controller,2026017,06fd1feafb0f6fcb,seed-2026017-scenario-00043,truck,mixed,sim-001eea21-truck-00043,sim-001eea21-truck-00043|sim-001eea21-left-traffic-00043,True,3965.2081287099104,False,False,,,,False,False,False,0.0,False,False,,
Hybrid ML Controller,2026017,06fd1feafb0f6fcb,seed-2026017-scenario-00044,slow_car,mixed,sim-001eea21-slow-car-00044,sim-001eea21-slow-car-00044|sim-001eea21-left-traffic-00044,True,4060.973509957354,False,False,,,,False,False,False,0.0,False,False,,
Hybrid ML Controller,2026017,06fd1feafb0f6fcb,seed-2026017-scenario-00045,pedestrian,pedestrian,sim-001eea21-pedestrian-00045,sim-001eea21-pedestrian-00045,False,4157.545893805452,False,False,,,,False,False,False,0.0,False,False,,
Hybrid ML Controller,2026017,06fd1feafb0f6fcb,seed-2026017-scenario-00046,slow_car,mixed,sim-001eea21-slow-car-00046,sim-001eea21-slow-car-00046|sim-001eea21-left-traffic-00046,True,4264.344582350851,False,False,,,,False,False,False,0.0,False,False,,
Hybrid ML Controller,2026017,06fd1feafb0f6fcb,seed-2026017-scenario-00047,stopped_car,mixed,sim-001eea21-stopped-car-00047,sim-001eea21-stopped-car-00047|sim-001eea21-left-traffic-00047,True,4351.146860625519,False,False,,,,False,False,False,0.0,False,False,,
Rule Controller,2026018,9ac026ca31e0430a,seed-2026018-scenario-00000,truck,mixed,sim-001eea22-truck-00000,sim-001eea22-truck-00000|sim-001eea22-left-traffic-00000,True,65.09605076214811,True,True,0.05,15.700000000000088,15.650000000000087,True,False,True,0.0,True,False,2.7872008256878313,1.2000000000000002
Rule Controller,2026018,9ac026ca31e0430a,seed-2026018-scenario-00001,slow_car,slow_car,sim-001eea22-slow-car-00001,sim-001eea22-slow-car-00001,False,143.20246703488806,True,True,12.250000000000039,44.199999999999626,31.949999999999587,True,True,False,2.9999999999999973,True,True,2.3065417324457718,3.625
Rule Controller,2026018,9ac026ca31e0430a,seed-2026018-scenario-00002,stopped_car,mixed,sim-001eea22-stopped-car-00002,sim-001eea22-stopped-car-00002|sim-001eea22-left-traffic-00002,True,212.0410362199262,True,True,13.350000000000055,27.250000000000252,13.900000000000198,True,False,True,4.6499999999999915,True,True,0.18203617043043327,-1.875
Rule Controller,2026018,9ac026ca31e0430a,seed-2026018-scenario-00003,stopped_car,mixed,sim-001eea22-stopped-car-00003,sim-001eea22-stopped-car-00003|sim-001eea22-left-traffic-00003,True,318.4840912070389,True,True,29.10000000000028,38.84999999999993,9.749999999999652,True,False,True,0.39999999999999997,False,False,0.056679114124567595,-1.875
Rule Controller,2026018,9ac026ca31e0430a,seed-2026018-scenario-00004,pedestrian,pedestrian,sim-001eea22-pedestrian-00004,sim-001eea22-pedestrian-00004,False,410.94051808886655,True,True,39.3999999999999,57.44999999999887,18.049999999998974,True,True,False,0.1,False,False,,0.42500000000000027
Rule Controller,2026018,9ac026ca31e0430a,seed-2026018-scenario-00005,slow_car,slow_car,sim-001eea22-slow-car-00005,sim-001eea22-slow-car-00005,False,484.0156735783802,True,True,66.19999999999838,76.29999999999781,10.099999999999426,True,True,False,0.0,False,False,,3.625
Rule Controller,2026018,9ac026ca31e0430a,seed-2026018-scenario-00006,stopped_car,stopped_car,sim-001eea22-stopped-car-00006,sim-001eea22-stopped-car-00006,False,553.3436186713927,True,True,61.54999999999864,67.79999999999829,6.249999999999652,True,True,False,0.0,False,False,,3.625
Rule Controller,2026018,9ac026ca31e0430a,seed-2026018-scenario-00007,stopped_car,stopped_car,sim-001eea22-stopped-car-00007,sim-001eea22-stopped-car-00007,False,624.816557996086,True,True,66.69999999999835,72.949999999998,6.249999999999645,True,True,False,0.0,False,False,,3.625
Rule Controller,2026018,9ac026ca31e0430a,seed-2026018-scenario-00008,slow_car,slow_car,sim-001eea22-slow-car-00008,sim-001eea22-slow-car-00008,False,708.85337770897,True,True,75.34999999999786,120.5499999999953,45.19999999999743,True,True,False,3.649999999999995,True,True,2.1018679418801405,2.309442165611495
Rule Controller,2026018,9ac026ca31e0430a,seed-2026018-scenario-00009,pedestrian,pedestrian,sim-001eea22-pedestrian-00009,sim-001eea22-pedestrian-00009,False,800.2049810485642,True,True,79.29999999999764,97.04999999999663,17.74999999999899,True,True,False,0.1,False,False,4.881937052290525,1.7813876407863511
Rule Controller,2026018,9ac026ca31e0430a,seed-2026018-scenario-00010,pedestrian,pedestrian,sim-001eea22-pedestrian-00010,sim-001eea22-pedestrian-00010,False,869.8903815097185,True,True,93.89999999999681,112.24999999999577,18.349999999998957,True,True,False,0.1,False,False,,0.42500000000000027
Rule Controller,2026018,9ac026ca31e0430a,seed-2026018-scenario-00011,truck,truck,sim-001eea22-truck-00011,sim-001eea22-truck-00011,False,957.8333544442506,True,True,147.64999999999932,,,False,False,False,0.0,False,False,6.291040776599913,23.982237471036296
Rule Controller,2026018,9ac026ca31e0430a,seed-2026018-scenario-00012,pedestrian,pedestrian,sim-001eea22-pedestrian-00012,sim-001eea22-pedestrian-00012,False,1029.4261697790332,True,True,117.59999999999546,136.44999999999678,18.850000000001316,True,True,False,0.1,False,False,,0.42500000000000027
Rule Controller,2026018,9ac026ca31e0430a,seed-2026018-scenario-00014,slow_car,mixed,sim-001eea22-slow-car-00014,sim-001eea22-slow-car-00014|sim-001eea22-left-traffic-00014,True,1191.336836343705,True,True,144.69999999999865,271.85000000002753,127.15000000002888,True,True,False,0.0,True,True,2.3021855960657023,2.8239439975373046
Rule Controller,2026018,9ac026ca31e0430a,seed-2026018-scenario-00016,slow_car,slow_car,sim-001eea22-slow-car-00016,sim-001eea22-slow-car-00016,False,1362.3740277082575,True,True,267.4000000000265,285.0000000000305,17.600000000004002,True,True,False,0.0,True,True,2.139663519237136,2.5523116554683387
Rule Controller,2026018,9ac026ca31e0430a,seed-2026018-scenario-00017,truck,truck,sim-001eea22-truck-00017,sim-001eea22-truck-00017,False,1447.975288727578,True,False,285.10000000003055,,,False,False,False,0.0,False,False,2.835269461315529,4.1004579486691
Rule Controller,2026018,9ac026ca31e0430a,seed-2026018-scenario-00018,stopped_car,mixed,sim-001eea22-stopped-car-00018,sim-001eea22-stopped-car-00018|sim-001eea22-left-traffic-00018,True,1531.3944384269757,True,True,190.40000000000904,214.95000000001463,24.550000000005582,True,True,False,4.099999999999993,True,True,3.569063003316232,3.1188907301055404
Rule Controller,2026018,9ac026ca31e0430a,seed-2026018-scenario-00019,stopped_car,mixed,sim-001eea22-stopped-car-00019,sim-001eea22-stopped-car-00019|sim-001eea22-left-traffic-00019,True,1630.552655464738,True,True,216.05000000001488,235.40000000001928,19.3500000000044,True,False,True,10.100000000000009,True,True,0.5815620799154625,1.1999999999999549
Rule Controller,2026018,9ac026ca31e0430a,seed-2026018-scenario-00020,pedestrian,pedestrian,sim-001eea22-pedestrian-00020,sim-001eea22-pedestrian-00020,False,1721.735535333639,True,True,235.9000000000194,254.0000000000235,18.100000000004115,True,True,False,0.1,False,False,5.250237418063433,5.3878798689013365
Rule Controller,2026018,9ac026ca31e0430a,seed-2026018-scenario-00021,truck,truck,sim-001eea22-truck-00021,sim-001eea22-truck-00021,False,1829.2140223790768,True,False,270.25000000002717,287.4500000000311,17.20000000000391,True,False,False,0.0,False,False,4.576110004623972,3.266401920397419
Rule Controller,2026018,9ac026ca31e0430a,seed-2026018-scenario-00022,slow_car,slow_car,sim-001eea22-slow-car-00022,sim-001eea22-slow-car-00022,False,1922.1066041523393,True,False,271.2500000000274,289.00000000003143,17.750000000004036,True,False,False,0.0,False,False,6.348551860508344,3.625
Rule Controller,2026018,9ac026ca31e0430a,seed-2026018-scenario-00023,slow_car,slow_car,sim-001eea22-slow-car-00023,sim-001eea22-slow-car-00023,False,2005.0276505568331,True,False,274.3000000000281,290.35000000003174,16.05000000000365,True,False,False,0.0,False,False,8.737086983638886,3.625
Rule Controller,2026018,9ac026ca31e0430a,seed-2026018-scenario-00024,truck,mixed,sim-001eea22-truck-00024,sim-001eea22-truck-00024|sim-001eea22-left-traffic-00024,True,2075.8481783405614,True,False,287.80000000003116,,,False,False,False,0.0,False,False,7.075042081786846,26.53882471761035
Rule Controller,2026018,9ac026ca31e0430a,seed-2026018-scenario-00026,truck,truck,sim-001eea22-truck-00026,sim-001eea22-truck-00026,False,2281.3202102010064,False,False,,,,False,False,False,0.0,False,False,,
Rule Controller,2026018,9ac026ca31e0430a,seed-2026018-scenario-00028,truck,truck,sim-001eea22-truck-00028,sim-001eea22-truck-00028,False,2447.826859238171,False,False,,,,False,False,False,0.0,False,False,,
Rule Controller,2026018,9ac026ca31e0430a,seed-2026018-scenario-00029,pedestrian,pedestrian,sim-001eea22-pedestrian-00029,sim-001eea22-pedestrian-00029,False,2524.158224989006,False,False,,,,False,False,False,0.0,False,False,,
Rule Controller,2026018,9ac026ca31e0430a,seed-2026018-scenario-00030,pedestrian,pedestrian,sim-001eea22-pedestrian-00030,sim-001eea22-pedestrian-00030,False,2607.9439773638205,False,False,,,,False,False,False,0.0,False,False,,
Rule Controller,2026018,9ac026ca31e0430a,seed-2026018-scenario-00031,slow_car,slow_car,sim-001eea22-slow-car-00031,sim-001eea22-slow-car-00031,False,2677.472763507736,False,False,,,,False,False,False,0.0,False,False,,
Rule Controller,2026018,9ac026ca31e0430a,seed-2026018-scenario-00032,slow_car,slow_car,sim-001eea22-slow-car-00032,sim-001eea22-slow-car-00032,False,2766.2623733499413,False,False,,,,False,False,False,0.0,False,False,,
Rule Controller,2026018,9ac026ca31e0430a,seed-2026018-scenario-00034,truck,mixed,sim-001eea22-truck-00034,sim-001eea22-truck-00034|sim-001eea22-left-traffic-00034,True,2963.0991966650013,False,False,,,,False,False,False,0.0,False,False,,
Rule Controller,2026018,9ac026ca31e0430a,seed-2026018-scenario-00036,slow_car,slow_car,sim-001eea22-slow-car-00036,sim-001eea22-slow-car-00036,False,3157.231169409388,False,False,,,,False,False,False,0.0,False,False,,
Rule Controller,2026018,9ac026ca31e0430a,seed-2026018-scenario-00038,pedestrian,pedestrian,sim-001eea22-pedestrian-00038,sim-001eea22-pedestrian-00038,False,3363.165315523913,False,False,,,,False,False,False,0.0,False,False,,
Rule Controller,2026018,9ac026ca31e0430a,seed-2026018-scenario-00039,stopped_car,mixed,sim-001eea22-stopped-car-00039,sim-001eea22-stopped-car-00039|sim-001eea22-left-traffic-00039,True,3461.8634472613076,False,False,,,,False,False,False,0.0,False,False,,
Rule Controller,2026018,9ac026ca31e0430a,seed-2026018-scenario-00041,truck,mixed,sim-001eea22-truck-00041,sim-001eea22-truck-00041|sim-001eea22-left-traffic-00041,True,3646.519774501908,False,False,,,,False,False,False,0.0,False,False,,
Rule Controller,2026018,9ac026ca31e0430a,seed-2026018-scenario-00042,pedestrian,pedestrian,sim-001eea22-pedestrian-00042,sim-001eea22-pedestrian-00042,False,3738.685783410802,False,False,,,,False,False,False,0.0,False,False,,
Rule Controller,2026018,9ac026ca31e0430a,seed-2026018-scenario-00043,stopped_car,mixed,sim-001eea22-stopped-car-00043,sim-001eea22-stopped-car-00043|sim-001eea22-left-traffic-00043,True,3831.996618037694,False,False,,,,False,False,False,0.0,False,False,,
Rule Controller,2026018,9ac026ca31e0430a,seed-2026018-scenario-00044,truck,mixed,sim-001eea22-truck-00044,sim-001eea22-truck-00044|sim-001eea22-left-traffic-00044,True,3935.5971159567084,False,False,,,,False,False,False,0.0,False,False,,
Rule Controller,2026018,9ac026ca31e0430a,seed-2026018-scenario-00045,truck,truck,sim-001eea22-truck-00045,sim-001eea22-truck-00045,False,4025.5125905046366,False,False,,,,False,False,False,0.0,False,False,,
Rule Controller,2026018,9ac026ca31e0430a,seed-2026018-scenario-00046,slow_car,slow_car,sim-001eea22-slow-car-00046,sim-001eea22-slow-car-00046,False,4106.988881155857,False,False,,,,False,False,False,0.0,False,False,,
Rule Controller,2026018,9ac026ca31e0430a,seed-2026018-scenario-00048,slow_car,mixed,sim-001eea22-slow-car-00048,sim-001eea22-slow-car-00048|sim-001eea22-left-traffic-00048,True,4283.095527101333,False,False,,,,False,False,False,0.0,False,False,,
Rule Controller,2026018,9ac026ca31e0430a,seed-2026018-scenario-00049,slow_car,mixed,sim-001eea22-slow-car-00049,sim-001eea22-slow-car-00049|sim-001eea22-left-traffic-00049,True,4355.228465003829,False,False,,,,False,False,False,0.0,False,False,,
Hybrid ML Controller,2026018,9ac026ca31e0430a,seed-2026018-scenario-00000,truck,mixed,sim-001eea22-truck-00000,sim-001eea22-truck-00000|sim-001eea22-left-traffic-00000,True,65.09605076214811,True,True,0.05,19.100000000000136,19.050000000000136,True,True,False,0.0,True,True,2.492449814785695,1.2898594747375391
Hybrid ML Controller,2026018,9ac026ca31e0430a,seed-2026018-scenario-00001,slow_car,slow_car,sim-001eea22-slow-car-00001,sim-001eea22-slow-car-00001,False,143.20246703488806,True,True,12.250000000000039,35.8500000000001,23.600000000000062,True,False,True,0.0,False,False,,1.2000000000000117
Hybrid ML Controller,2026018,9ac026ca31e0430a,seed-2026018-scenario-00002,stopped_car,mixed,sim-001eea22-stopped-car-00002,sim-001eea22-stopped-car-00002|sim-001eea22-left-traffic-00002,True,212.0410362199262,True,True,13.400000000000055,22.80000000000019,9.400000000000134,True,True,False,0.0,False,False,0.09703090420834691,-1.875
Hybrid ML Controller,2026018,9ac026ca31e0430a,seed-2026018-scenario-00003,stopped_car,mixed,sim-001eea22-stopped-car-00003,sim-001eea22-stopped-car-00003|sim-001eea22-left-traffic-00003,True,318.4840912070389,True,True,24.650000000000215,34.25000000000019,9.599999999999977,True,True,False,0.0,False,False,0.0266148506672323,-1.875
Hybrid ML Controller,2026018,9ac026ca31e0430a,seed-2026018-scenario-00004,pedestrian,pedestrian,sim-001eea22-pedestrian-00004,sim-001eea22-pedestrian-00004,False,410.94051808886655,True,True,34.900000000000155,54.09999999999906,19.19999999999891,True,True,False,0.1,False,False,4.963871325421061,5.925000000000001
Hybrid ML Controller,2026018,9ac026ca31e0430a,seed-2026018-scenario-00005,slow_car,slow_car,sim-001eea22-slow-car-00005,sim-001eea22-slow-car-00005,False,484.0156735783802,True,True,63.44999999999853,78.54999999999768,15.099999999999149,True,True,False,0.44999999999999996,False,False,,3.625
Hybrid ML Controller,2026018,9ac026ca31e0430a,seed-2026018-scenario-00006,stopped_car,stopped_car,sim-001eea22-stopped-car-00006,sim-001eea22-stopped-car-00006,False,553.3436186713927,True,True,58.19999999999883,64.49999999999848,6.299999999999649,True,True,False,0.0,True,True,1.880880802056836,2.556643543230029
Hybrid ML Controller,2026018,9ac026ca31e0430a,seed-2026018-scenario-00007,stopped_car,stopped_car,sim-001eea22-stopped-car-00007,sim-001eea22-stopped-car-00007,False,624.816557996086,True,True,63.34999999999854,69.79999999999818,6.4499999999996405,True,True,False,0.0,False,False,,3.625
Hybrid ML Controller,2026018,9ac026ca31e0430a,seed-2026018-scenario-00008,slow_car,slow_car,sim-001eea22-slow-car-00008,sim-001eea22-slow-car-00008,False,708.85337770897,True,True,74.89999999999789,145.44999999999882,70.55000000000094,True,True,False,1.2500000000000004,True,True,11.482787363060968,3.625
Hybrid ML Controller,2026018,9ac026ca31e0430a,seed-2026018-scenario-00009,pedestrian,pedestrian,sim-001eea22-pedestrian-00009,sim-001eea22-pedestrian-00009,False,800.2049810485642,True,True,79.44999999999763,98.79999999999653,19.3499999999989,True,True,False,0.1,False,False,,0.42500000000000027
Hybrid ML Controller,2026018,9ac026ca31e0430a,seed-2026018-scenario-00010,pedestrian,pedestrian,sim-001eea22-pedestrian-00010,sim-001eea22-pedestrian-00010,False,869.8903815097185,True,True,95.7999999999967,113.69999999999568,17.899999999998983,True,True,False,0.1,False,False,,0.42500000000000027
Hybrid ML Controller,2026018,9ac026ca31e0430a,seed-2026018-scenario-00011,truck,truck,sim-001eea22-truck-00011,sim-001eea22-truck-00011,False,957.8333544442506,True,True,148.99999999999963,,,False,False,False,0.0,False,False,4.461181603175674,17.24246906195694
Hybrid ML Controller,2026018,9ac026ca31e0430a,seed-2026018-scenario-00012,pedestrian,pedestrian,sim-001eea22-pedestrian-00012,sim-001eea22-pedestrian-00012,False,1029.4261697790332,True,True,119.14999999999537,137.99999999999713,18.850000000001756,True,True,False,0.1,False,False,,0.42500000000000027
Hybrid ML Controller,2026018,9ac026ca31e0430a,seed-2026018-scenario-00014,slow_car,mixed,sim-001eea22-slow-car-00014,sim-001eea22-slow-car-00014|sim-001eea22-left-traffic-00014,True,1191.336836343705,True,True,146.249999999999,277.9500000000289,131.70000000002992,True,False,True,0.0,True,True,0.6847861971117758,1.1999999999999549
Hybrid ML Controller,2026018,9ac026ca31e0430a,seed-2026018-scenario-00016,slow_car,slow_car,sim-001eea22-slow-car-00016,sim-001eea22-slow-car-00016,False,1362.3740277082575,True,True,269.35000000002697,283.6000000000302,14.25000000000324,True,True,False,0.0,False,False,24.255389480498742,3.625
Hybrid ML Controller,2026018,9ac026ca31e0430a,seed-2026018-scenario-00017,truck,truck,sim-001eea22-truck-00017,sim-001eea22-truck-00017,False,1447.975288727578,True,False,283.6500000000302,,,False,False,False,0.0,False,False,,3.7157588979949314
Hybrid ML Controller,2026018,9ac026ca31e0430a,seed-2026018-scenario-00018,stopped_car,mixed,sim-001eea22-stopped-car-00018,sim-001eea22-stopped-car-00018|sim-001eea22-left-traffic-00018,True,1531.3944384269757,True,True,191.9500000000094,214.8000000000146,22.850000000005195,True,True,False,2.3,True,True,1.8743910486072555,1.4256205482333306
Hybrid ML Controller,2026018,9ac026ca31e0430a,seed-2026018-scenario-00019,stopped_car,mixed,sim-001eea22-stopped-car-00019,sim-001eea22-stopped-car-00019|sim-001eea22-left-traffic-00019,True,1630.552655464738,True,True,216.30000000001493,234.05000000001897,17.750000000004036,True,True,False,0.0,True,True,1.9686979442831642,1.7225718225234055
Hybrid ML Controller,2026018,9ac026ca31e0430a,seed-2026018-scenario-00020,pedestrian,pedestrian,sim-001eea22-pedestrian-00020,sim-001eea22-pedestrian-00020,False,1721.735535333639,True,True,234.55000000001908,254.30000000002357,19.75000000000449,True,True,False,0.1,False,False,4.753006361605374,5.925000000000001
Hybrid ML Controller,2026018,9ac026ca31e0430a,seed-2026018-scenario-00021,truck,truck,sim-001eea22-truck-00021,sim-001eea22-truck-00021,False,1829.2140223790768,True,False,276.4500000000286,286.50000000003087,10.050000000002285,True,False,False,0.0,False,False,,3.3
Hybrid ML Controller,2026018,9ac026ca31e0430a,seed-2026018-scenario-00022,slow_car,slow_car,sim-001eea22-slow-car-00022,sim-001eea22-slow-car-00022,False,1922.1066041523393,True,False,278.00000000002893,288.15000000003124,10.150000000002308,True,False,False,0.0,False,False,,3.625
Hybrid ML Controller,2026018,9ac026ca31e0430a,seed-2026018-scenario-00023,slow_car,slow_car,sim-001eea22-slow-car-00023,sim-001eea22-slow-car-00023,False,2005.0276505568331,True,False,279.90000000002937,289.05000000003145,9.15000000000208,True,False,False,0.0,False,False,,3.625
Hybrid ML Controller,2026018,9ac026ca31e0430a,seed-2026018-scenario-00024,truck,mixed,sim-001eea22-truck-00024,sim-001eea22-truck-00024|sim-001eea22-left-traffic-00024,True,2075.8481783405614,True,False,284.4000000000304,,,False,False,False,0.0,False,False,26.130286663591402,8.268744417191124
Hybrid ML Controller,2026018,9ac026ca31e0430a,seed-2026018-scenario-00026,truck,truck,sim-001eea22-truck-00026,sim-001eea22-truck-00026,False,2281.3202102010064,False,False,,,,False,False,False,0.0,False,False,,
Hybrid ML Controller,2026018,9ac026ca31e0430a,seed-2026018-scenario-00028,truck,truck,sim-001eea22-truck-00028,sim-001eea22-truck-00028,False,2447.826859238171,False,False,,,,False,False,False,0.0,False,False,,
Hybrid ML Controller,2026018,9ac026ca31e0430a,seed-2026018-scenario-00029,pedestrian,pedestrian,sim-001eea22-pedestrian-00029,sim-001eea22-pedestrian-00029,False,2524.158224989006,False,False,,,,False,False,False,0.0,False,False,,
Hybrid ML Controller,2026018,9ac026ca31e0430a,seed-2026018-scenario-00030,pedestrian,pedestrian,sim-001eea22-pedestrian-00030,sim-001eea22-pedestrian-00030,False,2607.9439773638205,False,False,,,,False,False,False,0.0,False,False,,
Hybrid ML Controller,2026018,9ac026ca31e0430a,seed-2026018-scenario-00031,slow_car,slow_car,sim-001eea22-slow-car-00031,sim-001eea22-slow-car-00031,False,2677.472763507736,False,False,,,,False,False,False,0.0,False,False,,
Hybrid ML Controller,2026018,9ac026ca31e0430a,seed-2026018-scenario-00032,slow_car,slow_car,sim-001eea22-slow-car-00032,sim-001eea22-slow-car-00032,False,2766.2623733499413,False,False,,,,False,False,False,0.0,False,False,,
Hybrid ML Controller,2026018,9ac026ca31e0430a,seed-2026018-scenario-00034,truck,mixed,sim-001eea22-truck-00034,sim-001eea22-truck-00034|sim-001eea22-left-traffic-00034,True,2963.0991966650013,False,False,,,,False,False,False,0.0,False,False,,
Hybrid ML Controller,2026018,9ac026ca31e0430a,seed-2026018-scenario-00036,slow_car,slow_car,sim-001eea22-slow-car-00036,sim-001eea22-slow-car-00036,False,3157.231169409388,False,False,,,,False,False,False,0.0,False,False,,
Hybrid ML Controller,2026018,9ac026ca31e0430a,seed-2026018-scenario-00038,pedestrian,pedestrian,sim-001eea22-pedestrian-00038,sim-001eea22-pedestrian-00038,False,3363.165315523913,False,False,,,,False,False,False,0.0,False,False,,
Hybrid ML Controller,2026018,9ac026ca31e0430a,seed-2026018-scenario-00039,stopped_car,mixed,sim-001eea22-stopped-car-00039,sim-001eea22-stopped-car-00039|sim-001eea22-left-traffic-00039,True,3461.8634472613076,False,False,,,,False,False,False,0.0,False,False,,
Hybrid ML Controller,2026018,9ac026ca31e0430a,seed-2026018-scenario-00041,truck,mixed,sim-001eea22-truck-00041,sim-001eea22-truck-00041|sim-001eea22-left-traffic-00041,True,3646.519774501908,False,False,,,,False,False,False,0.0,False,False,,
Hybrid ML Controller,2026018,9ac026ca31e0430a,seed-2026018-scenario-00042,pedestrian,pedestrian,sim-001eea22-pedestrian-00042,sim-001eea22-pedestrian-00042,False,3738.685783410802,False,False,,,,False,False,False,0.0,False,False,,
Hybrid ML Controller,2026018,9ac026ca31e0430a,seed-2026018-scenario-00043,stopped_car,mixed,sim-001eea22-stopped-car-00043,sim-001eea22-stopped-car-00043|sim-001eea22-left-traffic-00043,True,3831.996618037694,False,False,,,,False,False,False,0.0,False,False,,
Hybrid ML Controller,2026018,9ac026ca31e0430a,seed-2026018-scenario-00044,truck,mixed,sim-001eea22-truck-00044,sim-001eea22-truck-00044|sim-001eea22-left-traffic-00044,True,3935.5971159567084,False,False,,,,False,False,False,0.0,False,False,,
Hybrid ML Controller,2026018,9ac026ca31e0430a,seed-2026018-scenario-00045,truck,truck,sim-001eea22-truck-00045,sim-001eea22-truck-00045,False,4025.5125905046366,False,False,,,,False,False,False,0.0,False,False,,
Hybrid ML Controller,2026018,9ac026ca31e0430a,seed-2026018-scenario-00046,slow_car,slow_car,sim-001eea22-slow-car-00046,sim-001eea22-slow-car-00046,False,4106.988881155857,False,False,,,,False,False,False,0.0,False,False,,
Hybrid ML Controller,2026018,9ac026ca31e0430a,seed-2026018-scenario-00048,slow_car,mixed,sim-001eea22-slow-car-00048,sim-001eea22-slow-car-00048|sim-001eea22-left-traffic-00048,True,4283.095527101333,False,False,,,,False,False,False,0.0,False,False,,
Hybrid ML Controller,2026018,9ac026ca31e0430a,seed-2026018-scenario-00049,slow_car,mixed,sim-001eea22-slow-car-00049,sim-001eea22-slow-car-00049|sim-001eea22-left-traffic-00049,True,4355.228465003829,False,False,,,,False,False,False,0.0,False,False,,
Rule Controller,2026019,b857d13a11130b4d,seed-2026019-scenario-00000,slow_car,slow_car,sim-001eea23-slow-car-00000,sim-001eea23-slow-car-00000,False,62.48237916217851,True,True,0.05,15.700000000000088,15.650000000000087,True,True,False,0.0,True,True,4.925477137083922,3.5223329425387377
Rule Controller,2026019,b857d13a11130b4d,seed-2026019-scenario-00001,stopped_car,stopped_car,sim-001eea23-stopped-car-00001,sim-001eea23-stopped-car-00001,False,160.87001162923033,True,True,9.650000000000002,15.900000000000091,6.250000000000089,True,True,False,0.0,False,False,,3.585826380353363
Rule Controller,2026019,b857d13a11130b4d,seed-2026019-scenario-00002,stopped_car,stopped_car,sim-001eea23-stopped-car-00002,sim-001eea23-stopped-car-00002,False,251.39927839581992,True,True,16.150000000000095,27.350000000000254,11.20000000000016,True,False,True,1.950000000000001,True,True,0.5788783153896274,1.1435628962696527
Rule Controller,2026019,b857d13a11130b4d,seed-2026019-scenario-00003,pedestrian,pedestrian,sim-001eea23-pedestrian-00003,sim-001eea23-pedestrian-00003,False,346.4859625829247,True,True,28.200000000000266,47.99999999999941,19.799999999999145,True,True,False,0.1,False,False,,5.314159969689058
Rule Controller,2026019,b857d13a11130b4d,seed-2026019-scenario-00004,pedestrian,pedestrian,sim-001eea23-pedestrian-00004,sim-001eea23-pedestrian-00004,False,420.5491070954253,True,True,45.84999999999953,63.79999999999851,17.94999999999898,True,True,False,0.1,False,False,3.364912112859714,5.59984579910315
Rule Controller,2026019,b857d13a11130b4d,seed-2026019-scenario-00005,truck,truck,sim-001eea23-truck-00005,sim-001eea23-truck-00005,False,491.77830150040444,True,True,73.09999999999799,101.69999999999636,28.599999999998374,True,True,False,0.0,True,True,5.516835693146936,3.3
Rule Controller,2026019,b857d13a11130b4d,seed-2026019-scenario-00006,truck,mixed,sim-001eea23-truck-00006,sim-001eea23-truck-00006|sim-001eea23-left-traffic-00006,True,566.2172358882659,True,True,72.899999999998,107.29999999999605,34.399999999998045,True,True,False,4.3499999999999925,True,True,5.277817999186949,3.1361418758997344
Rule Controller,2026019,b857d13a11130b4d,seed-2026019-scenario-00007,pedestrian,pedestrian,sim-001eea23-pedestrian-00007,sim-001eea23-pedestrian-00007,False,648.5063318355127,True,True,74.04999999999794,90.94999999999698,16.89999999999904,True,True,False,0.1,False,False,,0.42500000000000027
Rule Controller,2026019,b857d13a11130b4d,seed-2026019-scenario-00008,slow_car,mixed,sim-001eea23-slow-car-00008,sim-001eea23-slow-car-00008|sim-001eea23-left-traffic-00008,True,734.3738177124669,True,True,99.69999999999648,110.74999999999585,11.049999999999372,True,True,False,2.9999999999999973,True,True,0.03947941172408945,-1.7869907249603836
Rule Controller,2026019,b857d13a11130b4d,seed-2026019-scenario-00009,truck,truck,sim-001eea23-truck-00009,sim-001eea23-truck-00009,False,822.3663344790851,True,True,101.34999999999638,187.85000000000846,86.50000000001208,True,True,False,0.0,False,False,13.149631824272609,3.3
Rule Controller,2026019,b857d13a11130b4d,seed-2026019-scenario-00010,slow_car,mixed,sim-001eea23-slow-car-00010,sim-001eea23-slow-car-00010|sim-001eea23-left-traffic-00010,True,890.7136451859928,True,True,105.64999999999614,185.30000000000788,79.65000000001174,True,True,False,0.0,False,False,0.07489239552365823,-1.7869907249603836
Rule Controller,2026019,b857d13a11130b4d,seed-2026019-scenario-00013,stopped_car,stopped_car,sim-001eea23-stopped-car-00013,sim-001eea23-stopped-car-00013,False,1173.9349184510236,True,True,143.49999999999838,153.90000000000074,10.400000000002365,True,True,False,0.0,False,False,3.374244707700523,2.9024053908676386
Rule Controller,2026019,b857d13a11130b4d,seed-2026019-scenario-00014,pedestrian,pedestrian,sim-001eea23-pedestrian-00014,sim-001eea23-pedestrian-00014,False,1278.9574203802758,True,True,155.20000000000104,174.3500000000054,19.150000000004354,True,True,False,0.1,False,False,,0.42500000000000027
Rule Controller,2026019,b857d13a11130b4d,seed-2026019-scenario-00015,slow_car,slow_car,sim-001eea23-slow-car-00015,sim-001eea23-slow-car-00015,False,1364.4968483392176,True,True,186.95000000000826,,,False,False,False,0.0,False,False,3.456908557448474,9.398198694539497
Rule Controller,2026019,b857d13a11130b4d,seed-2026019-scenario-00017,truck,truck,sim-001eea23-truck-00017,sim-001eea23-truck-00017,False,1533.105669306752,True,True,190.150000000009,,,False,False,False,0.0,False,False,7.207278617181731,38.683040060477836
Rule Controller,2026019,b857d13a11130b4d,seed-2026019-scenario-00018,pedestrian,pedestrian,sim-001eea23-pedestrian-00018,sim-001eea23-pedestrian-00018,False,1634.4500667113603,True,True,193.95000000000985,216.05000000001488,22.100000000005025,True,True,False,0.1,False,False,5.541884779305414,5.925000000000001
Rule Controller,2026019,b857d13a11130b4d,seed-2026019-scenario-00019,stopped_car,mixed,sim-001eea23-stopped-car-00019,sim-001eea23-stopped-car-00019|sim-001eea23-left-traffic-00019,True,1708.5075153124887,True,True,214.0000000000144,230.40000000001814,16.40000000000373,True,False,True,5.949999999999987,True,True,0.5639171247918123,1.1999999999999549
Rule Controller,2026019,b857d13a11130b4d,seed-2026019-scenario-00020,truck,truck,sim-001eea23-truck-00020,sim-001eea23-truck-00020,False,1807.0168251286852,False,False,,,,False,False,False,0.0,False,False,,
Rule Controller,2026019,b857d13a11130b4d,seed-2026019-scenario-00021,slow_car,slow_car,sim-001eea23-slow-car-00021,sim-001eea23-slow-car-00021,False,1914.5896164764433,True,False,278.8000000000291,,,False,False,False,0.0,False,False,67.2994994786533,52.548244108331254
Rule Controller,2026019,b857d13a11130b4d,seed-2026019-scenario-00022,truck,mixed,sim-001eea23-truck-00022,sim-001eea23-truck-00022|sim-001eea23-left-traffic-00022,True,2010.599974836675,False,False,,,,False,False,False,0.0,False,False,,
Rule Controller,2026019,b857d13a11130b4d,seed-2026019-scenario-00026,truck,truck,sim-001eea23-truck-00026,sim-001eea23-truck-00026,False,2365.8719407709723,False,False,,,,False,False,False,0.0,False,False,,
Rule Controller,2026019,b857d13a11130b4d,seed-2026019-scenario-00027,truck,mixed,sim-001eea23-truck-00027,sim-001eea23-truck-00027|sim-001eea23-left-traffic-00027,True,2461.8244313583627,False,False,,,,False,False,False,0.0,False,False,,
Rule Controller,2026019,b857d13a11130b4d,seed-2026019-scenario-00028,pedestrian,pedestrian,sim-001eea23-pedestrian-00028,sim-001eea23-pedestrian-00028,False,2533.1692041012234,False,False,,,,False,False,False,0.0,False,False,,
Rule Controller,2026019,b857d13a11130b4d,seed-2026019-scenario-00029,truck,truck,sim-001eea23-truck-00029,sim-001eea23-truck-00029,False,2616.605575543977,False,False,,,,False,False,False,0.0,False,False,,
Rule Controller,2026019,b857d13a11130b4d,seed-2026019-scenario-00030,pedestrian,pedestrian,sim-001eea23-pedestrian-00030,sim-001eea23-pedestrian-00030,False,2702.881235402222,False,False,,,,False,False,False,0.0,False,False,,
Rule Controller,2026019,b857d13a11130b4d,seed-2026019-scenario-00031,slow_car,slow_car,sim-001eea23-slow-car-00031,sim-001eea23-slow-car-00031,False,2810.0893532837554,False,False,,,,False,False,False,0.0,False,False,,
Rule Controller,2026019,b857d13a11130b4d,seed-2026019-scenario-00032,truck,mixed,sim-001eea23-truck-00032,sim-001eea23-truck-00032|sim-001eea23-left-traffic-00032,True,2878.236560574722,False,False,,,,False,False,False,0.0,False,False,,
Rule Controller,2026019,b857d13a11130b4d,seed-2026019-scenario-00033,stopped_car,mixed,sim-001eea23-stopped-car-00033,sim-001eea23-stopped-car-00033|sim-001eea23-left-traffic-00033,True,2968.5059318815374,False,False,,,,False,False,False,0.0,False,False,,
Rule Controller,2026019,b857d13a11130b4d,seed-2026019-scenario-00034,slow_car,mixed,sim-001eea23-slow-car-00034,sim-001eea23-slow-car-00034|sim-001eea23-left-traffic-00034,True,3039.414512071226,False,False,,,,False,False,False,0.0,False,False,,
Rule Controller,2026019,b857d13a11130b4d,seed-2026019-scenario-00035,pedestrian,pedestrian,sim-001eea23-pedestrian-00035,sim-001eea23-pedestrian-00035,False,3130.1817961235406,False,False,,,,False,False,False,0.0,False,False,,
Rule Controller,2026019,b857d13a11130b4d,seed-2026019-scenario-00036,pedestrian,pedestrian,sim-001eea23-pedestrian-00036,sim-001eea23-pedestrian-00036,False,3231.0183317947563,False,False,,,,False,False,False,0.0,False,False,,
Rule Controller,2026019,b857d13a11130b4d,seed-2026019-scenario-00037,truck,mixed,sim-001eea23-truck-00037,sim-001eea23-truck-00037|sim-001eea23-left-traffic-00037,True,3299.3841406070346,False,False,,,,False,False,False,0.0,False,False,,
Rule Controller,2026019,b857d13a11130b4d,seed-2026019-scenario-00039,slow_car,mixed,sim-001eea23-slow-car-00039,sim-001eea23-slow-car-00039|sim-001eea23-left-traffic-00039,True,3476.206244791048,False,False,,,,False,False,False,0.0,False,False,,
Rule Controller,2026019,b857d13a11130b4d,seed-2026019-scenario-00040,truck,truck,sim-001eea23-truck-00040,sim-001eea23-truck-00040,False,3578.738814513809,False,False,,,,False,False,False,0.0,False,False,,
Rule Controller,2026019,b857d13a11130b4d,seed-2026019-scenario-00041,slow_car,mixed,sim-001eea23-slow-car-00041,sim-001eea23-slow-car-00041|sim-001eea23-left-traffic-00041,True,3654.596613967539,False,False,,,,False,False,False,0.0,False,False,,
Rule Controller,2026019,b857d13a11130b4d,seed-2026019-scenario-00042,stopped_car,mixed,sim-001eea23-stopped-car-00042,sim-001eea23-stopped-car-00042|sim-001eea23-left-traffic-00042,True,3740.209279034487,False,False,,,,False,False,False,0.0,False,False,,
Rule Controller,2026019,b857d13a11130b4d,seed-2026019-scenario-00043,truck,mixed,sim-001eea23-truck-00043,sim-001eea23-truck-00043|sim-001eea23-left-traffic-00043,True,3840.11257113853,False,False,,,,False,False,False,0.0,False,False,,
Rule Controller,2026019,b857d13a11130b4d,seed-2026019-scenario-00045,slow_car,mixed,sim-001eea23-slow-car-00045,sim-001eea23-slow-car-00045|sim-001eea23-left-traffic-00045,True,4045.555857097391,False,False,,,,False,False,False,0.0,False,False,,
Rule Controller,2026019,b857d13a11130b4d,seed-2026019-scenario-00046,pedestrian,pedestrian,sim-001eea23-pedestrian-00046,sim-001eea23-pedestrian-00046,False,4146.354376986841,False,False,,,,False,False,False,0.0,False,False,,
Rule Controller,2026019,b857d13a11130b4d,seed-2026019-scenario-00047,pedestrian,pedestrian,sim-001eea23-pedestrian-00047,sim-001eea23-pedestrian-00047,False,4223.285065503227,False,False,,,,False,False,False,0.0,False,False,,
Rule Controller,2026019,b857d13a11130b4d,seed-2026019-scenario-00048,stopped_car,stopped_car,sim-001eea23-stopped-car-00048,sim-001eea23-stopped-car-00048,False,4311.937195145018,False,False,,,,False,False,False,0.0,False,False,,
Rule Controller,2026019,b857d13a11130b4d,seed-2026019-scenario-00049,slow_car,slow_car,sim-001eea23-slow-car-00049,sim-001eea23-slow-car-00049,False,4391.97061393893,False,False,,,,False,False,False,0.0,False,False,,
Hybrid ML Controller,2026019,b857d13a11130b4d,seed-2026019-scenario-00000,slow_car,slow_car,sim-001eea23-slow-car-00000,sim-001eea23-slow-car-00000,False,62.48237916217851,True,True,0.05,15.700000000000088,15.650000000000087,True,True,False,0.0,True,True,4.925477137083922,3.5223329425387377
Hybrid ML Controller,2026019,b857d13a11130b4d,seed-2026019-scenario-00001,stopped_car,stopped_car,sim-001eea23-stopped-car-00001,sim-001eea23-stopped-car-00001,False,160.87001162923033,True,True,9.650000000000002,15.900000000000091,6.250000000000089,True,True,False,0.0,False,False,,3.585826380353363
Hybrid ML Controller,2026019,b857d13a11130b4d,seed-2026019-scenario-00002,stopped_car,stopped_car,sim-001eea23-stopped-car-00002,sim-001eea23-stopped-car-00002,False,251.39927839581992,True,True,16.150000000000095,22.450000000000184,6.3000000000000895,True,True,False,0.0,False,False,,3.625
Hybrid ML Controller,2026019,b857d13a11130b4d,seed-2026019-scenario-00003,pedestrian,pedestrian,sim-001eea23-pedestrian-00003,sim-001eea23-pedestrian-00003,False,346.4859625829247,True,True,23.000000000000192,42.54999999999972,19.549999999999528,True,True,False,0.1,False,False,,0.42500000000000027
Hybrid ML Controller,2026019,b857d13a11130b4d,seed-2026019-scenario-00004,pedestrian,pedestrian,sim-001eea23-pedestrian-00004,sim-001eea23-pedestrian-00004,False,420.5491070954253,True,True,40.44999999999984,58.19999999999883,17.74999999999899,True,True,False,0.1,False,False,,0.42500000000000027
Hybrid ML Controller,2026019,b857d13a11130b4d,seed-2026019-scenario-00005,truck,truck,sim-001eea23-truck-00005,sim-001eea23-truck-00005,False,491.77830150040444,True,True,71.84999999999806,101.99999999999635,30.149999999998286,True,True,False,0.0,False,False,,3.3
Hybrid ML Controller,2026019,b857d13a11130b4d,seed-2026019-scenario-00006,truck,mixed,sim-001eea23-truck-00006,sim-001eea23-truck-00006|sim-001eea23-left-traffic-00006,True,566.2172358882659,True,True,73.24999999999798,108.84999999999596,35.599999999997976,True,True,False,2.1500000000000004,False,False,8.63384911596037,3.3
Hybrid ML Controller,2026019,b857d13a11130b4d,seed-2026019-scenario-00007,pedestrian,pedestrian,sim-001eea23-pedestrian-00007,sim-001eea23-pedestrian-00007,False,648.5063318355127,True,True,71.1499999999981,88.94999999999709,17.799999999998988,True,True,False,0.1,False,False,,0.42500000000000027
Hybrid ML Controller,2026019,b857d13a11130b4d,seed-2026019-scenario-00008,slow_car,mixed,sim-001eea23-slow-car-00008,sim-001eea23-slow-car-00008|sim-001eea23-left-traffic-00008,True,734.3738177124669,True,True,98.09999999999657,107.999999999996,9.899999999999437,True,True,False,3.049999999999997,True,True,0.08539276944749861,-1.875
Hybrid ML Controller,2026019,b857d13a11130b4d,seed-2026019-scenario-00009,truck,truck,sim-001eea23-truck-00009,sim-001eea23-truck-00009,False,822.3663344790851,True,True,99.3499999999965,182.45000000000724,83.10000000001074,True,True,False,1.1500000000000004,False,False,83.20840983837664,3.3
Hybrid ML Controller,2026019,b857d13a11130b4d,seed-2026019-scenario-00010,slow_car,mixed,sim-001eea23-slow-car-00010,sim-001eea23-slow-car-00010|sim-001eea23-left-traffic-00010,True,890.7136451859928,True,True,103.64999999999625,180.25000000000674,76.60000000001048,True,True,False,1.5000000000000007,False,False,0.11882165856970087,-1.875
Hybrid ML Controller,2026019,b857d13a11130b4d,seed-2026019-scenario-00013,stopped_car,stopped_car,sim-001eea23-stopped-car-00013,sim-001eea23-stopped-car-00013,False,1173.9349184510236,True,True,143.89999999999847,150.1999999999999,6.3000000000014325,True,True,False,0.0,False,False,,3.625
Hybrid ML Controller,2026019,b857d13a11130b4d,seed-2026019-scenario-00014,pedestrian,pedestrian,sim-001eea23-pedestrian-00014,sim-001eea23-pedestrian-00014,False,1278.9574203802758,True,True,151.5000000000002,170.65000000000455,19.150000000004354,True,True,False,0.1,False,False,,0.42500000000000027
Hybrid ML Controller,2026019,b857d13a11130b4d,seed-2026019-scenario-00015,slow_car,slow_car,sim-001eea23-slow-car-00015,sim-001eea23-slow-car-00015,False,1364.4968483392176,True,True,183.25000000000742,,,False,False,False,0.0,False,False,4.346442936326973,15.196551442366308
Hybrid ML Controller,2026019,b857d13a11130b4d,seed-2026019-scenario-00017,truck,truck,sim-001eea23-truck-00017,sim-001eea23-truck-00017,False,1533.105669306752,True,True,186.40000000000813,,,False,False,False,0.0,False,False,8.09287499113584,44.66602719960515
Hybrid ML Controller,2026019,b857d13a11130b4d,seed-2026019-scenario-00018,pedestrian,pedestrian,sim-001eea23-pedestrian-00018,sim-001eea23-pedestrian-00018,False,1634.4500667113603,True,True,190.80000000000913,212.85000000001415,22.050000000005014,True,True,False,0.1,False,False,4.598445056210566,5.925000000000001
Hybrid ML Controller,2026019,b857d13a11130b4d,seed-2026019-scenario-00019,stopped_car,mixed,sim-001eea23-stopped-car-00019,sim-001eea23-stopped-car-00019|sim-001eea23-left-traffic-00019,True,1708.5075153124887,True,True,210.80000000001368,219.6500000000157,8.850000000002012,True,True,False,0.0,True,True,3.1132033368608814,3.2159557145702697
Hybrid ML Controller,2026019,b857d13a11130b4d,seed-2026019-scenario-00020,truck,truck,sim-001eea23-truck-00020,sim-001eea23-truck-00020,False,1807.0168251286852,False,False,,,,False,False,False,0.0,False,False,,
Hybrid ML Controller,2026019,b857d13a11130b4d,seed-2026019-scenario-00021,slow_car,slow_car,sim-001eea23-slow-car-00021,sim-001eea23-slow-car-00021,False,1914.5896164764433,True,False,284.25000000003035,,,False,False,False,0.0,False,False,72.75969301798109,57.174643661134176
Hybrid ML Controller,2026019,b857d13a11130b4d,seed-2026019-scenario-00022,truck,mixed,sim-001eea23-truck-00022,sim-001eea23-truck-00022|sim-001eea23-left-traffic-00022,True,2010.599974836675,False,False,,,,False,False,False,0.0,False,False,,
Hybrid ML Controller,2026019,b857d13a11130b4d,seed-2026019-scenario-00026,truck,truck,sim-001eea23-truck-00026,sim-001eea23-truck-00026,False,2365.8719407709723,False,False,,,,False,False,False,0.0,False,False,,
Hybrid ML Controller,2026019,b857d13a11130b4d,seed-2026019-scenario-00027,truck,mixed,sim-001eea23-truck-00027,sim-001eea23-truck-00027|sim-001eea23-left-traffic-00027,True,2461.8244313583627,False,False,,,,False,False,False,0.0,False,False,,
Hybrid ML Controller,2026019,b857d13a11130b4d,seed-2026019-scenario-00028,pedestrian,pedestrian,sim-001eea23-pedestrian-00028,sim-001eea23-pedestrian-00028,False,2533.1692041012234,False,False,,,,False,False,False,0.0,False,False,,
Hybrid ML Controller,2026019,b857d13a11130b4d,seed-2026019-scenario-00029,truck,truck,sim-001eea23-truck-00029,sim-001eea23-truck-00029,False,2616.605575543977,False,False,,,,False,False,False,0.0,False,False,,
Hybrid ML Controller,2026019,b857d13a11130b4d,seed-2026019-scenario-00030,pedestrian,pedestrian,sim-001eea23-pedestrian-00030,sim-001eea23-pedestrian-00030,False,2702.881235402222,False,False,,,,False,False,False,0.0,False,False,,
Hybrid ML Controller,2026019,b857d13a11130b4d,seed-2026019-scenario-00031,slow_car,slow_car,sim-001eea23-slow-car-00031,sim-001eea23-slow-car-00031,False,2810.0893532837554,False,False,,,,False,False,False,0.0,False,False,,
Hybrid ML Controller,2026019,b857d13a11130b4d,seed-2026019-scenario-00032,truck,mixed,sim-001eea23-truck-00032,sim-001eea23-truck-00032|sim-001eea23-left-traffic-00032,True,2878.236560574722,False,False,,,,False,False,False,0.0,False,False,,
Hybrid ML Controller,2026019,b857d13a11130b4d,seed-2026019-scenario-00033,stopped_car,mixed,sim-001eea23-stopped-car-00033,sim-001eea23-stopped-car-00033|sim-001eea23-left-traffic-00033,True,2968.5059318815374,False,False,,,,False,False,False,0.0,False,False,,
Hybrid ML Controller,2026019,b857d13a11130b4d,seed-2026019-scenario-00034,slow_car,mixed,sim-001eea23-slow-car-00034,sim-001eea23-slow-car-00034|sim-001eea23-left-traffic-00034,True,3039.414512071226,False,False,,,,False,False,False,0.0,False,False,,
Hybrid ML Controller,2026019,b857d13a11130b4d,seed-2026019-scenario-00035,pedestrian,pedestrian,sim-001eea23-pedestrian-00035,sim-001eea23-pedestrian-00035,False,3130.1817961235406,False,False,,,,False,False,False,0.0,False,False,,
Hybrid ML Controller,2026019,b857d13a11130b4d,seed-2026019-scenario-00036,pedestrian,pedestrian,sim-001eea23-pedestrian-00036,sim-001eea23-pedestrian-00036,False,3231.0183317947563,False,False,,,,False,False,False,0.0,False,False,,
Hybrid ML Controller,2026019,b857d13a11130b4d,seed-2026019-scenario-00037,truck,mixed,sim-001eea23-truck-00037,sim-001eea23-truck-00037|sim-001eea23-left-traffic-00037,True,3299.3841406070346,False,False,,,,False,False,False,0.0,False,False,,
Hybrid ML Controller,2026019,b857d13a11130b4d,seed-2026019-scenario-00039,slow_car,mixed,sim-001eea23-slow-car-00039,sim-001eea23-slow-car-00039|sim-001eea23-left-traffic-00039,True,3476.206244791048,False,False,,,,False,False,False,0.0,False,False,,
Hybrid ML Controller,2026019,b857d13a11130b4d,seed-2026019-scenario-00040,truck,truck,sim-001eea23-truck-00040,sim-001eea23-truck-00040,False,3578.738814513809,False,False,,,,False,False,False,0.0,False,False,,
Hybrid ML Controller,2026019,b857d13a11130b4d,seed-2026019-scenario-00041,slow_car,mixed,sim-001eea23-slow-car-00041,sim-001eea23-slow-car-00041|sim-001eea23-left-traffic-00041,True,3654.596613967539,False,False,,,,False,False,False,0.0,False,False,,
Hybrid ML Controller,2026019,b857d13a11130b4d,seed-2026019-scenario-00042,stopped_car,mixed,sim-001eea23-stopped-car-00042,sim-001eea23-stopped-car-00042|sim-001eea23-left-traffic-00042,True,3740.209279034487,False,False,,,,False,False,False,0.0,False,False,,
Hybrid ML Controller,2026019,b857d13a11130b4d,seed-2026019-scenario-00043,truck,mixed,sim-001eea23-truck-00043,sim-001eea23-truck-00043|sim-001eea23-left-traffic-00043,True,3840.11257113853,False,False,,,,False,False,False,0.0,False,False,,
Hybrid ML Controller,2026019,b857d13a11130b4d,seed-2026019-scenario-00045,slow_car,mixed,sim-001eea23-slow-car-00045,sim-001eea23-slow-car-00045|sim-001eea23-left-traffic-00045,True,4045.555857097391,False,False,,,,False,False,False,0.0,False,False,,
Hybrid ML Controller,2026019,b857d13a11130b4d,seed-2026019-scenario-00046,pedestrian,pedestrian,sim-001eea23-pedestrian-00046,sim-001eea23-pedestrian-00046,False,4146.354376986841,False,False,,,,False,False,False,0.0,False,False,,
Hybrid ML Controller,2026019,b857d13a11130b4d,seed-2026019-scenario-00047,pedestrian,pedestrian,sim-001eea23-pedestrian-00047,sim-001eea23-pedestrian-00047,False,4223.285065503227,False,False,,,,False,False,False,0.0,False,False,,
Hybrid ML Controller,2026019,b857d13a11130b4d,seed-2026019-scenario-00048,stopped_car,stopped_car,sim-001eea23-stopped-car-00048,sim-001eea23-stopped-car-00048,False,4311.937195145018,False,False,,,,False,False,False,0.0,False,False,,
Hybrid ML Controller,2026019,b857d13a11130b4d,seed-2026019-scenario-00049,slow_car,slow_car,sim-001eea23-slow-car-00049,sim-001eea23-slow-car-00049,False,4391.97061393893,False,False,,,,False,False,False,0.0,False,False,,
Rule Controller,2026020,6b7d25093f138274,seed-2026020-scenario-00000,stopped_car,stopped_car,sim-001eea24-stopped-car-00000,sim-001eea24-stopped-car-00000,False,63.96786845255396,True,True,0.05,8.949999999999992,8.899999999999991,True,True,False,0.0,True,True,3.6963596522111826,3.1984678984048696
Rule Controller,2026020,6b7d25093f138274,seed-2026020-scenario-00001,slow_car,slow_car,sim-001eea24-slow-car-00001,sim-001eea24-slow-car-00001,False,153.72210432604024,True,True,13.200000000000053,48.89999999999936,35.69999999999931,True,False,True,0.0,True,False,5.202711592065397,1.1999999999999549
Rule Controller,2026020,6b7d25093f138274,seed-2026020-scenario-00002,pedestrian,pedestrian,sim-001eea24-pedestrian-00002,sim-001eea24-pedestrian-00002,False,255.35181792294821,True,True,16.4500000000001,34.65000000000017,18.20000000000007,True,True,False,0.1,False,False,,0.42500000000000027
Rule Controller,2026020,6b7d25093f138274,seed-2026020-scenario-00004,truck,truck,sim-001eea24-truck-00004,sim-001eea24-truck-00004,False,432.9784059576859,True,True,43.699999999999655,152.60000000000045,108.9000000000008,True,True,False,0.0,True,True,2.357518163689716,2.213677932712767
Rule Controller,2026020,6b7d25093f138274,seed-2026020-scenario-00005,truck,truck,sim-001eea24-truck-00005,sim-001eea24-truck-00005,False,517.1970376575257,True,True,51.54999999999921,157.95000000000167,106.40000000000245,True,True,False,0.0,False,False,7.843734839325374,3.3
Rule Controller,2026020,6b7d25093f138274,seed-2026020-scenario-00006,pedestrian,pedestrian,sim-001eea24-pedestrian-00006,sim-001eea24-pedestrian-00006,False,586.2284906256286,True,True,54.49999999999904,77.84999999999772,23.34999999999868,True,True,False,0.1,False,False,4.408852137386573,5.925000000000001
Rule Controller,2026020,6b7d25093f138274,seed-2026020-scenario-00007,pedestrian,pedestrian,sim-001eea24-pedestrian-00007,sim-001eea24-pedestrian-00007,False,654.4475748865187,True,True,74.29999999999792,96.04999999999669,21.749999999998764,True,True,False,0.1,False,False,5.91609159781637,5.925000000000001
Rule Controller,2026020,6b7d25093f138274,seed-2026020-scenario-00008,slow_car,mixed,sim-001eea24-slow-car-00008,sim-001eea24-slow-car-00008|sim-001eea24-left-traffic-00008,True,751.6938596742456,True,True,149.89999999999984,156.55000000000135,6.650000000001512,True,True,False,0.0,False,False,,3.625
Rule Controller,2026020,6b7d25093f138274,seed-2026020-scenario-00009,stopped_car,stopped_car,sim-001eea24-stopped-car-00009,sim-001eea24-stopped-car-00009,False,855.1194047019679,True,True,110.49999999999586,138.04999999999714,27.550000000001276,True,False,False,5.899999999999987,True,True,3.72917307914991,3.111313759659491
Rule Controller,2026020,6b7d25093f138274,seed-2026020-scenario-00010,truck,truck,sim-001eea24-truck-00010,sim-001eea24-truck-00010,False,945.2536800266729,True,True,156.85000000000142,168.40000000000404,11.550000000002626,True,True,False,0.0,True,True,2.0721168466032966,1.2836810081608656
Rule Controller,2026020,6b7d25093f138274,seed-2026020-scenario-00011,stopped_car,mixed,sim-001eea24-stopped-car-00011,sim-001eea24-stopped-car-00011|sim-001eea24-left-traffic-00011,True,1041.0650670409873,True,True,146.249999999999,154.95000000000098,8.700000000001978,True,True,False,0.0,False,False,0.14152865020263095,-1.2740882726236737
Rule Controller,2026020,6b7d25093f138274,seed-2026020-scenario-00012,slow_car,mixed,sim-001eea24-slow-car-00012,sim-001eea24-slow-car-00012|sim-001eea24-left-traffic-00012,True,1137.5818583161918,True,True,158.35000000000176,169.85000000000437,11.500000000002615,True,True,False,0.0,False,False,0.12959676550314903,-1.3900686166793168
Rule Controller,2026020,6b7d25093f138274,seed-2026020-scenario-00013,slow_car,slow_car,sim-001eea24-slow-car-00013,sim-001eea24-slow-car-00013,False,1214.4179446992814,True,True,166.10000000000352,183.25000000000742,17.1500000000039,True,False,True,0.0,True,True,2.693118005201501,1.1999999999999549
Rule Controller,2026020,6b7d25093f138274,seed-2026020-scenario-00014,truck,mixed,sim-001eea24-truck-00014,sim-001eea24-truck-00014|sim-001eea24-left-traffic-00014,True,1299.891064580529,True,True,170.95000000000462,185.50000000000793,14.550000000003308,True,False,True,0.0,False,False,5.8037423290553045,1.2000000000000002
Rule Controller,2026020,6b7d25093f138274,seed-2026020-scenario-00015,stopped_car,stopped_car,sim-001eea24-stopped-car-00015,sim-001eea24-stopped-car-00015,False,1404.8572988921087,True,True,176.6000000000059,184.75000000000776,8.150000000001853,True,True,False,0.0,False,False,14.21228433777957,3.625
Rule Controller,2026020,6b7d25093f138274,seed-2026020-scenario-00016,pedestrian,pedestrian,sim-001eea24-pedestrian-00016,sim-001eea24-pedestrian-00016,False,1494.0042222220018,True,True,184.9000000000078,203.9000000000121,19.00000000000432,True,True,False,0.1,False,False,79.38203250378677,5.313203250377001
Rule Controller,2026020,6b7d25093f138274,seed-2026020-scenario-00017,pedestrian,pedestrian,sim-001eea24-pedestrian-00017,sim-001eea24-pedestrian-00017,False,1590.7160080041551,True,True,204.55000000001226,222.15000000001626,17.600000000004002,True,True,False,0.1,False,False,4.297555625625204,5.5349890325314846
Rule Controller,2026020,6b7d25093f138274,seed-2026020-scenario-00018,pedestrian,pedestrian,sim-001eea24-pedestrian-00018,sim-001eea24-pedestrian-00018,False,1674.2588949571013,True,True,221.4500000000161,238.30000000001993,16.85000000000383,True,True,False,0.1,False,False,2.9110060484136966,5.3368491858400375
Rule Controller,2026020,6b7d25093f138274,seed-2026020-scenario-00019,stopped_car,stopped_car,sim-001eea24-stopped-car-00019,sim-001eea24-stopped-car-00019,False,1765.8785362530487,True,True,238.45000000001997,245.00000000002146,6.550000000001489,True,True,False,0.0,True,True,1.9141360058841188,2.597549348287199
Rule Controller,2026020,6b7d25093f138274,seed-2026020-scenario-00020,truck,truck,sim-001eea24-truck-00020,sim-001eea24-truck-00020,False,1871.4332288409582,True,True,249.45000000002247,260.50000000002495,11.050000000002484,True,False,True,0.0,True,True,4.707828685184422,1.2000000000000002
Rule Controller,2026020,6b7d25093f138274,seed-2026020-scenario-00021,stopped_car,stopped_car,sim-001eea24-stopped-car-00021,sim-001eea24-stopped-car-00021,False,1943.2315692909278,True,True,251.50000000002294,257.75000000002433,6.250000000001393,True,True,False,0.0,False,False,3.073347015804547,3.2261437354624607
Rule Controller,2026020,6b7d25093f138274,seed-2026020-scenario-00022,pedestrian,pedestrian,sim-001eea24-pedestrian-00022,sim-001eea24-pedestrian-00022,False,2049.0843636152604,True,True,259.10000000002464,275.85000000002844,16.75000000000381,True,True,False,0.1,False,False,4.17442001235242,5.451639769368285
Rule Controller,2026020,6b7d25093f138274,seed-2026020-scenario-00023,slow_car,mixed,sim-001eea24-slow-car-00023,sim-001eea24-slow-car-00023|sim-001eea24-left-traffic-00023,True,2152.4794533505387,True,False,290.00000000003166,,,False,False,False,0.0,False,False,3.96559906317095,0.7603955473070659
Rule Controller,2026020,6b7d25093f138274,seed-2026020-scenario-00024,slow_car,mixed,sim-001eea24-slow-car-00024,sim-001eea24-slow-car-00024|sim-001eea24-left-traffic-00024,True,2259.311133562724,True,False,286.95000000003097,296.3000000000331,9.350000000002126,True,False,False,0.0,True,True,3.8141399918721683,3.3876374369135682
Rule Controller,2026020,6b7d25093f138274,seed-2026020-scenario-00025,truck,truck,sim-001eea24-truck-00025,sim-001eea24-truck-00025,False,2355.972911064678,True,False,296.05000000003304,,,False,False,False,0.0,False,False,17.460602310598645,51.105829117298256
Rule Controller,2026020,6b7d25093f138274,seed-2026020-scenario-00026,stopped_car,stopped_car,sim-001eea24-stopped-car-00026,sim-001eea24-stopped-car-00026,False,2462.161436222978,False,False,,,,False,False,False,0.0,False,False,,
Rule Controller,2026020,6b7d25093f138274,seed-2026020-scenario-00027,slow_car,slow_car,sim-001eea24-slow-car-00027,sim-001eea24-slow-car-00027,False,2542.0782833393387,False,False,,,,False,False,False,0.0,False,False,,
Rule Controller,2026020,6b7d25093f138274,seed-2026020-scenario-00029,pedestrian,pedestrian,sim-001eea24-pedestrian-00029,sim-001eea24-pedestrian-00029,False,2744.0265436415452,False,False,,,,False,False,False,0.0,False,False,,
Rule Controller,2026020,6b7d25093f138274,seed-2026020-scenario-00030,pedestrian,pedestrian,sim-001eea24-pedestrian-00030,sim-001eea24-pedestrian-00030,False,2814.351496219216,False,False,,,,False,False,False,0.0,False,False,,
Rule Controller,2026020,6b7d25093f138274,seed-2026020-scenario-00031,stopped_car,stopped_car,sim-001eea24-stopped-car-00031,sim-001eea24-stopped-car-00031,False,2897.229217188518,False,False,,,,False,False,False,0.0,False,False,,
Rule Controller,2026020,6b7d25093f138274,seed-2026020-scenario-00032,truck,truck,sim-001eea24-truck-00032,sim-001eea24-truck-00032,False,2970.0729235501426,False,False,,,,False,False,False,0.0,False,False,,
Rule Controller,2026020,6b7d25093f138274,seed-2026020-scenario-00035,truck,mixed,sim-001eea24-truck-00035,sim-001eea24-truck-00035|sim-001eea24-left-traffic-00035,True,3218.471669022765,False,False,,,,False,False,False,0.0,False,False,,
Rule Controller,2026020,6b7d25093f138274,seed-2026020-scenario-00036,pedestrian,pedestrian,sim-001eea24-pedestrian-00036,sim-001eea24-pedestrian-00036,False,3310.2036627298985,False,False,,,,False,False,False,0.0,False,False,,
Rule Controller,2026020,6b7d25093f138274,seed-2026020-scenario-00037,truck,truck,sim-001eea24-truck-00037,sim-001eea24-truck-00037,False,3403.307794489263,False,False,,,,False,False,False,0.0,False,False,,
Rule Controller,2026020,6b7d25093f138274,seed-2026020-scenario-00038,pedestrian,pedestrian,sim-001eea24-pedestrian-00038,sim-001eea24-pedestrian-00038,False,3505.1923492275137,False,False,,,,False,False,False,0.0,False,False,,
Rule Controller,2026020,6b7d25093f138274,seed-2026020-scenario-00039,stopped_car,mixed,sim-001eea24-stopped-car-00039,sim-001eea24-stopped-car-00039|sim-001eea24-left-traffic-00039,True,3604.764355562313,False,False,,,,False,False,False,0.0,False,False,,
Rule Controller,2026020,6b7d25093f138274,seed-2026020-scenario-00040,truck,truck,sim-001eea24-truck-00040,sim-001eea24-truck-00040,False,3711.505250752342,False,False,,,,False,False,False,0.0,False,False,,
Rule Controller,2026020,6b7d25093f138274,seed-2026020-scenario-00041,slow_car,mixed,sim-001eea24-slow-car-00041,sim-001eea24-slow-car-00041|sim-001eea24-left-traffic-00041,True,3784.699562731198,False,False,,,,False,False,False,0.0,False,False,,
Rule Controller,2026020,6b7d25093f138274,seed-2026020-scenario-00042,truck,truck,sim-001eea24-truck-00042,sim-001eea24-truck-00042,False,3878.6395469843756,False,False,,,,False,False,False,0.0,False,False,,
Rule Controller,2026020,6b7d25093f138274,seed-2026020-scenario-00043,slow_car,slow_car,sim-001eea24-slow-car-00043,sim-001eea24-slow-car-00043,False,3947.7857971331027,False,False,,,,False,False,False,0.0,False,False,,
Rule Controller,2026020,6b7d25093f138274,seed-2026020-scenario-00044,slow_car,slow_car,sim-001eea24-slow-car-00044,sim-001eea24-slow-car-00044,False,4026.0435969968657,False,False,,,,False,False,False,0.0,False,False,,
Rule Controller,2026020,6b7d25093f138274,seed-2026020-scenario-00045,stopped_car,mixed,sim-001eea24-stopped-car-00045,sim-001eea24-stopped-car-00045|sim-001eea24-left-traffic-00045,True,4116.935169538674,False,False,,,,False,False,False,0.0,False,False,,
Rule Controller,2026020,6b7d25093f138274,seed-2026020-scenario-00046,stopped_car,mixed,sim-001eea24-stopped-car-00046,sim-001eea24-stopped-car-00046|sim-001eea24-left-traffic-00046,True,4195.535216555222,False,False,,,,False,False,False,0.0,False,False,,
Rule Controller,2026020,6b7d25093f138274,seed-2026020-scenario-00047,pedestrian,pedestrian,sim-001eea24-pedestrian-00047,sim-001eea24-pedestrian-00047,False,4298.719296851269,False,False,,,,False,False,False,0.0,False,False,,
Rule Controller,2026020,6b7d25093f138274,seed-2026020-scenario-00048,slow_car,slow_car,sim-001eea24-slow-car-00048,sim-001eea24-slow-car-00048,False,4380.497793025088,False,False,,,,False,False,False,0.0,False,False,,
Hybrid ML Controller,2026020,6b7d25093f138274,seed-2026020-scenario-00000,stopped_car,stopped_car,sim-001eea24-stopped-car-00000,sim-001eea24-stopped-car-00000,False,63.96786845255396,True,True,0.05,10.95000000000002,10.90000000000002,True,True,False,0.0,True,True,4.87098355656925,3.5170489281956874
Hybrid ML Controller,2026020,6b7d25093f138274,seed-2026020-scenario-00001,slow_car,slow_car,sim-001eea24-slow-car-00001,sim-001eea24-slow-car-00001,False,153.72210432604024,True,True,17.000000000000107,,,False,False,False,0.0,False,False,11.760050090251417,3.625
Hybrid ML Controller,2026020,6b7d25093f138274,seed-2026020-scenario-00002,pedestrian,pedestrian,sim-001eea24-pedestrian-00002,sim-001eea24-pedestrian-00002,False,255.35181792294821,True,True,18.500000000000128,36.70000000000005,18.199999999999925,True,True,False,0.1,False,False,,0.42500000000000027
Hybrid ML Controller,2026020,6b7d25093f138274,seed-2026020-scenario-00004,truck,truck,sim-001eea24-truck-00004,sim-001eea24-truck-00004,False,432.9784059576859,True,True,45.69999999999954,213.70000000001434,168.0000000000148,True,True,False,0.0,True,True,4.818887059475541,3.0633780151366925
Hybrid ML Controller,2026020,6b7d25093f138274,seed-2026020-scenario-00005,truck,truck,sim-001eea24-truck-00005,sim-001eea24-truck-00005,False,517.1970376575257,True,True,105.59999999999614,218.70000000001548,113.10000000001934,True,True,False,0.0,False,False,18.264303544502898,3.3
Hybrid ML Controller,2026020,6b7d25093f138274,seed-2026020-scenario-00006,pedestrian,pedestrian,sim-001eea24-pedestrian-00006,sim-001eea24-pedestrian-00006,False,586.2284906256286,True,True,60.64999999999869,81.94999999999749,21.299999999998796,True,True,False,0.1,False,False,7.285129730967085,3.272822981098882
Hybrid ML Controller,2026020,6b7d25093f138274,seed-2026020-scenario-00007,pedestrian,pedestrian,sim-001eea24-pedestrian-00007,sim-001eea24-pedestrian-00007,False,654.4475748865187,True,True,78.39999999999769,99.99999999999646,21.599999999998772,True,True,False,0.1,False,False,5.228776815813357,5.925000000000001
Hybrid ML Controller,2026020,6b7d25093f138274,seed-2026020-scenario-00008,slow_car,mixed,sim-001eea24-slow-car-00008,sim-001eea24-slow-car-00008|sim-001eea24-left-traffic-00008,True,751.6938596742456,True,True,193.05000000000965,208.2500000000131,15.200000000003456,True,True,False,0.0,False,False,0.057142692398643176,-0.3929999999999998
Hybrid ML Controller,2026020,6b7d25093f138274,seed-2026020-scenario-00009,stopped_car,stopped_car,sim-001eea24-stopped-car-00009,sim-001eea24-stopped-car-00009,False,855.1194047019679,True,True,115.39999999999559,134.2999999999963,18.900000000000702,True,True,False,0.0,False,False,,3.625
Hybrid ML Controller,2026020,6b7d25093f138274,seed-2026020-scenario-00010,truck,truck,sim-001eea24-truck-00010,sim-001eea24-truck-00010,False,945.2536800266729,True,True,218.05000000001533,288.3500000000313,70.30000000001596,True,True,False,0.0,False,False,,3.3
Hybrid ML Controller,2026020,6b7d25093f138274,seed-2026020-scenario-00011,stopped_car,mixed,sim-001eea24-stopped-car-00011,sim-001eea24-stopped-car-00011|sim-001eea24-left-traffic-00011,True,1041.0650670409873,True,True,151.4500000000002,177.15000000000603,25.700000000005844,True,True,False,4.799999999999991,True,True,1.8619267091538763,1.0114590424650567
Hybrid ML Controller,2026020,6b7d25093f138274,seed-2026020-scenario-00012,slow_car,mixed,sim-001eea24-slow-car-00012,sim-001eea24-slow-car-00012|sim-001eea24-left-traffic-00012,True,1137.5818583161918,True,True,219.2500000000156,290.6500000000318,71.4000000000162,True,True,False,0.0,False,False,,3.625
Hybrid ML Controller,2026020,6b7d25093f138274,seed-2026020-scenario-00013,slow_car,slow_car,sim-001eea24-slow-car-00013,sim-001eea24-slow-car-00013,False,1214.4179446992814,True,True,219.00000000001555,,,False,False,False,0.0,False,False,,25.582839071525047
Hybrid ML Controller,2026020,6b7d25093f138274,seed-2026020-scenario-00014,truck,mixed,sim-001eea24-truck-00014,sim-001eea24-truck-00014|sim-001eea24-left-traffic-00014,True,1299.891064580529,True,True,216.2000000000149,281.9000000000298,65.70000000001491,True,False,False,7.349999999999982,False,False,0.16135753119862375,-1.875
Hybrid ML Controller,2026020,6b7d25093f138274,seed-2026020-scenario-00015,stopped_car,stopped_car,sim-001eea24-stopped-car-00015,sim-001eea24-stopped-car-00015,False,1404.8572988921087,True,True,214.90000000001461,221.15000000001604,6.250000000001421,True,True,False,0.0,False,False,,3.625
Hybrid ML Controller,2026020,6b7d25093f138274,seed-2026020-scenario-00016,pedestrian,pedestrian,sim-001eea24-pedestrian-00016,sim-001eea24-pedestrian-00016,False,1494.0042222220018,True,True,221.30000000001607,240.3000000000204,19.00000000000432,True,True,False,0.1,False,False,,0.42500000000000027
Hybrid ML Controller,2026020,6b7d25093f138274,seed-2026020-scenario-00017,pedestrian,pedestrian,sim-001eea24-pedestrian-00017,sim-001eea24-pedestrian-00017,False,1590.7160080041551,True,True,240.95000000002054,258.6000000000245,17.650000000003985,True,True,False,0.1,False,False,,0.42500000000000027
Hybrid ML Controller,2026020,6b7d25093f138274,seed-2026020-scenario-00018,pedestrian,pedestrian,sim-001eea24-pedestrian-00018,sim-001eea24-pedestrian-00018,False,1674.2588949571013,True,True,257.90000000002436,274.7000000000282,16.80000000000382,True,True,False,0.1,False,False,,0.42500000000000027
Hybrid ML Controller,2026020,6b7d25093f138274,seed-2026020-scenario-00019,stopped_car,stopped_car,sim-001eea24-stopped-car-00019,sim-001eea24-stopped-car-00019,False,1765.8785362530487,True,False,274.90000000002823,283.1000000000301,8.200000000001864,True,False,False,0.0,False,False,,3.625
Hybrid ML Controller,2026020,6b7d25093f138274,seed-2026020-scenario-00020,truck,truck,sim-001eea24-truck-00020,sim-001eea24-truck-00020,False,1871.4332288409582,True,False,291.75000000003206,,,False,False,False,0.0,False,False,,49.674788761920475
Hybrid ML Controller,2026020,6b7d25093f138274,seed-2026020-scenario-00021,stopped_car,stopped_car,sim-001eea24-stopped-car-00021,sim-001eea24-stopped-car-00021,False,1943.2315692909278,True,False,291.25000000003195,,,False,False,False,0.0,False,False,,3.625
Hybrid ML Controller,2026020,6b7d25093f138274,seed-2026020-scenario-00022,pedestrian,pedestrian,sim-001eea24-pedestrian-00022,sim-001eea24-pedestrian-00022,False,2049.0843636152604,False,False,,,,False,False,False,0.0,False,False,,
Hybrid ML Controller,2026020,6b7d25093f138274,seed-2026020-scenario-00023,slow_car,mixed,sim-001eea24-slow-car-00023,sim-001eea24-slow-car-00023|sim-001eea24-left-traffic-00023,True,2152.4794533505387,False,False,,,,False,False,False,0.0,False,False,,
Hybrid ML Controller,2026020,6b7d25093f138274,seed-2026020-scenario-00024,slow_car,mixed,sim-001eea24-slow-car-00024,sim-001eea24-slow-car-00024|sim-001eea24-left-traffic-00024,True,2259.311133562724,False,False,,,,False,False,False,0.0,False,False,,
Hybrid ML Controller,2026020,6b7d25093f138274,seed-2026020-scenario-00025,truck,truck,sim-001eea24-truck-00025,sim-001eea24-truck-00025,False,2355.972911064678,False,False,,,,False,False,False,0.0,False,False,,
Hybrid ML Controller,2026020,6b7d25093f138274,seed-2026020-scenario-00026,stopped_car,stopped_car,sim-001eea24-stopped-car-00026,sim-001eea24-stopped-car-00026,False,2462.161436222978,False,False,,,,False,False,False,0.0,False,False,,
Hybrid ML Controller,2026020,6b7d25093f138274,seed-2026020-scenario-00027,slow_car,slow_car,sim-001eea24-slow-car-00027,sim-001eea24-slow-car-00027,False,2542.0782833393387,False,False,,,,False,False,False,0.0,False,False,,
Hybrid ML Controller,2026020,6b7d25093f138274,seed-2026020-scenario-00029,pedestrian,pedestrian,sim-001eea24-pedestrian-00029,sim-001eea24-pedestrian-00029,False,2744.0265436415452,False,False,,,,False,False,False,0.0,False,False,,
Hybrid ML Controller,2026020,6b7d25093f138274,seed-2026020-scenario-00030,pedestrian,pedestrian,sim-001eea24-pedestrian-00030,sim-001eea24-pedestrian-00030,False,2814.351496219216,False,False,,,,False,False,False,0.0,False,False,,
Hybrid ML Controller,2026020,6b7d25093f138274,seed-2026020-scenario-00031,stopped_car,stopped_car,sim-001eea24-stopped-car-00031,sim-001eea24-stopped-car-00031,False,2897.229217188518,False,False,,,,False,False,False,0.0,False,False,,
Hybrid ML Controller,2026020,6b7d25093f138274,seed-2026020-scenario-00032,truck,truck,sim-001eea24-truck-00032,sim-001eea24-truck-00032,False,2970.0729235501426,False,False,,,,False,False,False,0.0,False,False,,
Hybrid ML Controller,2026020,6b7d25093f138274,seed-2026020-scenario-00035,truck,mixed,sim-001eea24-truck-00035,sim-001eea24-truck-00035|sim-001eea24-left-traffic-00035,True,3218.471669022765,False,False,,,,False,False,False,0.0,False,False,,
Hybrid ML Controller,2026020,6b7d25093f138274,seed-2026020-scenario-00036,pedestrian,pedestrian,sim-001eea24-pedestrian-00036,sim-001eea24-pedestrian-00036,False,3310.2036627298985,False,False,,,,False,False,False,0.0,False,False,,
Hybrid ML Controller,2026020,6b7d25093f138274,seed-2026020-scenario-00037,truck,truck,sim-001eea24-truck-00037,sim-001eea24-truck-00037,False,3403.307794489263,False,False,,,,False,False,False,0.0,False,False,,
Hybrid ML Controller,2026020,6b7d25093f138274,seed-2026020-scenario-00038,pedestrian,pedestrian,sim-001eea24-pedestrian-00038,sim-001eea24-pedestrian-00038,False,3505.1923492275137,False,False,,,,False,False,False,0.0,False,False,,
Hybrid ML Controller,2026020,6b7d25093f138274,seed-2026020-scenario-00039,stopped_car,mixed,sim-001eea24-stopped-car-00039,sim-001eea24-stopped-car-00039|sim-001eea24-left-traffic-00039,True,3604.764355562313,False,False,,,,False,False,False,0.0,False,False,,
Hybrid ML Controller,2026020,6b7d25093f138274,seed-2026020-scenario-00040,truck,truck,sim-001eea24-truck-00040,sim-001eea24-truck-00040,False,3711.505250752342,False,False,,,,False,False,False,0.0,False,False,,
Hybrid ML Controller,2026020,6b7d25093f138274,seed-2026020-scenario-00041,slow_car,mixed,sim-001eea24-slow-car-00041,sim-001eea24-slow-car-00041|sim-001eea24-left-traffic-00041,True,3784.699562731198,False,False,,,,False,False,False,0.0,False,False,,
Hybrid ML Controller,2026020,6b7d25093f138274,seed-2026020-scenario-00042,truck,truck,sim-001eea24-truck-00042,sim-001eea24-truck-00042,False,3878.6395469843756,False,False,,,,False,False,False,0.0,False,False,,
Hybrid ML Controller,2026020,6b7d25093f138274,seed-2026020-scenario-00043,slow_car,slow_car,sim-001eea24-slow-car-00043,sim-001eea24-slow-car-00043,False,3947.7857971331027,False,False,,,,False,False,False,0.0,False,False,,
Hybrid ML Controller,2026020,6b7d25093f138274,seed-2026020-scenario-00044,slow_car,slow_car,sim-001eea24-slow-car-00044,sim-001eea24-slow-car-00044,False,4026.0435969968657,False,False,,,,False,False,False,0.0,False,False,,
Hybrid ML Controller,2026020,6b7d25093f138274,seed-2026020-scenario-00045,stopped_car,mixed,sim-001eea24-stopped-car-00045,sim-001eea24-stopped-car-00045|sim-001eea24-left-traffic-00045,True,4116.935169538674,False,False,,,,False,False,False,0.0,False,False,,
Hybrid ML Controller,2026020,6b7d25093f138274,seed-2026020-scenario-00046,stopped_car,mixed,sim-001eea24-stopped-car-00046,sim-001eea24-stopped-car-00046|sim-001eea24-left-traffic-00046,True,4195.535216555222,False,False,,,,False,False,False,0.0,False,False,,
Hybrid ML Controller,2026020,6b7d25093f138274,seed-2026020-scenario-00047,pedestrian,pedestrian,sim-001eea24-pedestrian-00047,sim-001eea24-pedestrian-00047,False,4298.719296851269,False,False,,,,False,False,False,0.0,False,False,,
Hybrid ML Controller,2026020,6b7d25093f138274,seed-2026020-scenario-00048,slow_car,slow_car,sim-001eea24-slow-car-00048,sim-001eea24-slow-car-00048,False,4380.497793025088,False,False,,,,False,False,False,0.0,False,False,,
Rule Controller,2026021,1bde392d7686c27f,seed-2026021-scenario-00000,pedestrian,pedestrian,sim-001eea25-pedestrian-00000,sim-001eea25-pedestrian-00000,False,74.19784136180573,True,True,0.05,20.10000000000015,20.05000000000015,True,True,False,0.1,False,False,3.521549818067245,5.857569199580439
Rule Controller,2026021,1bde392d7686c27f,seed-2026021-scenario-00001,pedestrian,pedestrian,sim-001eea25-pedestrian-00001,sim-001eea25-pedestrian-00001,False,153.4519134098061,True,True,18.800000000000132,38.84999999999993,20.049999999999798,True,True,False,0.1,False,False,79.26641247582606,5.301641247580932
Rule Controller,2026021,1bde392d7686c27f,seed-2026021-scenario-00002,truck,truck,sim-001eea25-truck-00002,sim-001eea25-truck-00002,False,237.17575387407624,True,True,47.94999999999941,57.84999999999885,9.899999999999437,True,True,False,0.0,True,True,3.938170808255446,3.081702160618107
Rule Controller,2026021,1bde392d7686c27f,seed-2026021-scenario-00004,stopped_car,stopped_car,sim-001eea25-stopped-car-00004,sim-001eea25-stopped-car-00004,False,436.2686547942766,True,True,53.04999999999912,60.4499999999987,7.399999999999579,True,True,False,0.0,False,False,,3.625
Rule Controller,2026021,1bde392d7686c27f,seed-2026021-scenario-00005,slow_car,slow_car,sim-001eea25-slow-car-00005,sim-001eea25-slow-car-00005,False,511.01997456245715,True,True,63.049999999998555,72.09999999999805,9.049999999999493,True,True,False,0.0,True,True,3.355068055579012,3.2745203793067335
Rule Controller,2026021,1bde392d7686c27f,seed-2026021-scenario-00006,truck,truck,sim-001eea25-truck-00006,sim-001eea25-truck-00006,False,598.6886413959388,True,True,69.74999999999818,85.89999999999726,16.149999999999082,True,True,False,0.0,True,True,2.641264292733807,3.048719612031715
Rule Controller,2026021,1bde392d7686c27f,seed-2026021-scenario-00007,truck,mixed,sim-001eea25-truck-00007,sim-001eea25-truck-00007|sim-001eea25-left-traffic-00007,True,705.8725608596986,True,True,83.79999999999738,98.84999999999653,15.049999999999145,True,False,True,0.0,True,False,2.909407968057059,-1.875
Rule Controller,2026021,1bde392d7686c27f,seed-2026021-scenario-00009,slow_car,mixed,sim-001eea25-slow-car-00009,sim-001eea25-slow-car-00009|sim-001eea25-left-traffic-00009,True,893.1648783469291,True,True,96.69999999999665,198.00000000001077,101.30000000001412,True,True,False,3.599999999999995,True,True,2.9250424071842342,-1.875
Rule Controller,2026021,1bde392d7686c27f,seed-2026021-scenario-00010,pedestrian,pedestrian,sim-001eea25-pedestrian-00010,sim-001eea25-pedestrian-00010,False,997.3106396161297,True,True,100.24999999999645,119.49999999999535,19.249999999998906,True,True,False,0.1,False,False,,5.386889816447251
Rule Controller,2026021,1bde392d7686c27f,seed-2026021-scenario-00012,truck,mixed,sim-001eea25-truck-00012,sim-001eea25-truck-00012|sim-001eea25-left-traffic-00012,True,1177.367332135267,True,True,249.75000000002254,,,False,False,False,0.0,True,False,5.247267543551219,2.752712721820044
Rule Controller,2026021,1bde392d7686c27f,seed-2026021-scenario-00013,pedestrian,pedestrian,sim-001eea25-pedestrian-00013,sim-001eea25-pedestrian-00013,False,1272.1201281838419,True,True,145.09999999999874,166.30000000000356,21.20000000000482,True,True,False,0.1,False,False,4.798621992774316,1.6793155280776504
Rule Controller,2026021,1bde392d7686c27f,seed-2026021-scenario-00015,slow_car,mixed,sim-001eea25-slow-car-00015,sim-001eea25-slow-car-00015|sim-001eea25-left-traffic-00015,True,1441.353738561521,True,True,185.750000000008,244.60000000002137,58.85000000001338,True,True,False,0.0,False,False,0.013070615101809695,-1.875
Rule Controller,2026021,1bde392d7686c27f,seed-2026021-scenario-00016,pedestrian,pedestrian,sim-001eea25-pedestrian-00016,sim-001eea25-pedestrian-00016,False,1547.66232830221,True,True,190.45000000000906,211.65000000001388,21.20000000000482,True,True,False,0.1,False,False,,0.42500000000000027
Rule Controller,2026021,1bde392d7686c27f,seed-2026021-scenario-00017,stopped_car,stopped_car,sim-001eea25-stopped-car-00017,sim-001eea25-stopped-car-00017,False,1618.543350189408,True,True,208.95000000001326,218.05000000001533,9.100000000002069,True,True,False,0.0,False,False,,3.625
Rule Controller,2026021,1bde392d7686c27f,seed-2026021-scenario-00018,pedestrian,pedestrian,sim-001eea25-pedestrian-00018,sim-001eea25-pedestrian-00018,False,1710.9092210391186,True,True,218.70000000001548,238.90000000002007,20.200000000004593,True,True,False,0.1,False,False,,0.42500000000000027
Rule Controller,2026021,1bde392d7686c27f,seed-2026021-scenario-00019,stopped_car,mixed,sim-001eea25-stopped-car-00019,sim-001eea25-stopped-car-00019|sim-001eea25-left-traffic-00019,True,1817.4127143633582,True,True,240.4000000000204,249.50000000002248,9.100000000002069,True,True,False,0.0,False,False,37.915650691011855,3.625
Rule Controller,2026021,1bde392d7686c27f,seed-2026021-scenario-00020,pedestrian,pedestrian,sim-001eea25-pedestrian-00020,sim-001eea25-pedestrian-00020,False,1913.2242287116278,True,True,250.5000000000227,269.9500000000271,19.450000000004394,True,True,False,0.1,False,False,110.85957576290498,5.285237974160509
Rule Controller,2026021,1bde392d7686c27f,seed-2026021-scenario-00024,stopped_car,mixed,sim-001eea25-stopped-car-00024,sim-001eea25-stopped-car-00024|sim-001eea25-left-traffic-00024,True,2280.7459342241937,False,False,,,,False,False,False,0.0,False,False,,
Rule Controller,2026021,1bde392d7686c27f,seed-2026021-scenario-00025,truck,mixed,sim-001eea25-truck-00025,sim-001eea25-truck-00025|sim-001eea25-left-traffic-00025,True,2377.8593906009537,False,False,,,,False,False,False,0.0,False,False,,
Rule Controller,2026021,1bde392d7686c27f,seed-2026021-scenario-00027,pedestrian,pedestrian,sim-001eea25-pedestrian-00027,sim-001eea25-pedestrian-00027,False,2559.135943178301,False,False,,,,False,False,False,0.0,False,False,,
Rule Controller,2026021,1bde392d7686c27f,seed-2026021-scenario-00028,slow_car,mixed,sim-001eea25-slow-car-00028,sim-001eea25-slow-car-00028|sim-001eea25-left-traffic-00028,True,2655.503802664154,False,False,,,,False,False,False,0.0,False,False,,
Rule Controller,2026021,1bde392d7686c27f,seed-2026021-scenario-00029,stopped_car,stopped_car,sim-001eea25-stopped-car-00029,sim-001eea25-stopped-car-00029,False,2729.5090053793597,False,False,,,,False,False,False,0.0,False,False,,
Rule Controller,2026021,1bde392d7686c27f,seed-2026021-scenario-00030,slow_car,slow_car,sim-001eea25-slow-car-00030,sim-001eea25-slow-car-00030,False,2809.8081082992953,False,False,,,,False,False,False,0.0,False,False,,
Rule Controller,2026021,1bde392d7686c27f,seed-2026021-scenario-00031,truck,truck,sim-001eea25-truck-00031,sim-001eea25-truck-00031,False,2882.3876331627866,False,False,,,,False,False,False,0.0,False,False,,
Rule Controller,2026021,1bde392d7686c27f,seed-2026021-scenario-00032,slow_car,mixed,sim-001eea25-slow-car-00032,sim-001eea25-slow-car-00032|sim-001eea25-left-traffic-00032,True,2972.50536062609,False,False,,,,False,False,False,0.0,False,False,,
Rule Controller,2026021,1bde392d7686c27f,seed-2026021-scenario-00033,pedestrian,pedestrian,sim-001eea25-pedestrian-00033,sim-001eea25-pedestrian-00033,False,3068.694371921829,False,False,,,,False,False,False,0.0,False,False,,
Rule Controller,2026021,1bde392d7686c27f,seed-2026021-scenario-00035,pedestrian,pedestrian,sim-001eea25-pedestrian-00035,sim-001eea25-pedestrian-00035,False,3258.7698775998515,False,False,,,,False,False,False,0.0,False,False,,
Rule Controller,2026021,1bde392d7686c27f,seed-2026021-scenario-00036,slow_car,slow_car,sim-001eea25-slow-car-00036,sim-001eea25-slow-car-00036,False,3362.2499193445615,False,False,,,,False,False,False,0.0,False,False,,
Rule Controller,2026021,1bde392d7686c27f,seed-2026021-scenario-00037,slow_car,mixed,sim-001eea25-slow-car-00037,sim-001eea25-slow-car-00037|sim-001eea25-left-traffic-00037,True,3456.887432509562,False,False,,,,False,False,False,0.0,False,False,,
Rule Controller,2026021,1bde392d7686c27f,seed-2026021-scenario-00038,stopped_car,mixed,sim-001eea25-stopped-car-00038,sim-001eea25-stopped-car-00038|sim-001eea25-left-traffic-00038,True,3538.0998743552295,False,False,,,,False,False,False,0.0,False,False,,
Rule Controller,2026021,1bde392d7686c27f,seed-2026021-scenario-00040,truck,mixed,sim-001eea25-truck-00040,sim-001eea25-truck-00040|sim-001eea25-left-traffic-00040,True,3707.8004352724233,False,False,,,,False,False,False,0.0,False,False,,
Rule Controller,2026021,1bde392d7686c27f,seed-2026021-scenario-00041,pedestrian,pedestrian,sim-001eea25-pedestrian-00041,sim-001eea25-pedestrian-00041,False,3776.874739958821,False,False,,,,False,False,False,0.0,False,False,,
Rule Controller,2026021,1bde392d7686c27f,seed-2026021-scenario-00042,pedestrian,pedestrian,sim-001eea25-pedestrian-00042,sim-001eea25-pedestrian-00042,False,3871.795268297358,False,False,,,,False,False,False,0.0,False,False,,
Rule Controller,2026021,1bde392d7686c27f,seed-2026021-scenario-00043,slow_car,mixed,sim-001eea25-slow-car-00043,sim-001eea25-slow-car-00043|sim-001eea25-left-traffic-00043,True,3970.102214867965,False,False,,,,False,False,False,0.0,False,False,,
Rule Controller,2026021,1bde392d7686c27f,seed-2026021-scenario-00045,pedestrian,pedestrian,sim-001eea25-pedestrian-00045,sim-001eea25-pedestrian-00045,False,4162.315210533515,False,False,,,,False,False,False,0.0,False,False,,
Rule Controller,2026021,1bde392d7686c27f,seed-2026021-scenario-00046,truck,truck,sim-001eea25-truck-00046,sim-001eea25-truck-00046,False,4263.909100190603,False,False,,,,False,False,False,0.0,False,False,,
Rule Controller,2026021,1bde392d7686c27f,seed-2026021-scenario-00047,stopped_car,stopped_car,sim-001eea25-stopped-car-00047,sim-001eea25-stopped-car-00047,False,4341.799425142899,False,False,,,,False,False,False,0.0,False,False,,
Hybrid ML Controller,2026021,1bde392d7686c27f,seed-2026021-scenario-00000,pedestrian,pedestrian,sim-001eea25-pedestrian-00000,sim-001eea25-pedestrian-00000,False,74.19784136180573,True,True,0.05,19.650000000000144,19.600000000000144,True,True,False,0.1,False,False,1.7892814491367173,1.8053413618058443
Hybrid ML Controller,2026021,1bde392d7686c27f,seed-2026021-scenario-00001,pedestrian,pedestrian,sim-001eea25-pedestrian-00001,sim-001eea25-pedestrian-00001,False,153.4519134098061,True,True,18.200000000000124,38.399999999999956,20.199999999999832,True,True,False,0.1,False,False,16.58603352451673,3.991913409806358
Hybrid ML Controller,2026021,1bde392d7686c27f,seed-2026021-scenario-00002,truck,truck,sim-001eea25-truck-00002,sim-001eea25-truck-00002,False,237.17575387407624,True,True,48.949999999999356,67.79999999999829,18.849999999998936,True,True,False,0.0,False,False,,3.3
Hybrid ML Controller,2026021,1bde392d7686c27f,seed-2026021-scenario-00004,stopped_car,stopped_car,sim-001eea25-stopped-car-00004,sim-001eea25-stopped-car-00004,False,436.2686547942766,True,True,55.649999999998975,64.1999999999985,8.549999999999521,True,True,False,0.0,False,False,,3.625
Hybrid ML Controller,2026021,1bde392d7686c27f,seed-2026021-scenario-00005,slow_car,slow_car,sim-001eea25-slow-car-00005,sim-001eea25-slow-car-00005,False,511.01997456245715,True,True,69.2999999999982,107.84999999999602,38.54999999999781,True,True,False,0.0,True,False,3.5145133522657757,3.047163543866122
Hybrid ML Controller,2026021,1bde392d7686c27f,seed-2026021-scenario-00006,truck,truck,sim-001eea25-truck-00006,sim-001eea25-truck-00006,False,598.6886413959388,True,True,115.0499999999956,179.35000000000653,64.30000000001093,True,True,False,2.4499999999999993,True,True,6.6849271128171734,3.3
Hybrid ML Controller,2026021,1bde392d7686c27f,seed-2026021-scenario-00007,truck,mixed,sim-001eea25-truck-00007,sim-001eea25-truck-00007|sim-001eea25-left-traffic-00007,True,705.8725608596986,True,True,130.7999999999955,,,False,False,False,0.0,False,False,12.497361794371665,60.81278574336302
Hybrid ML Controller,2026021,1bde392d7686c27f,seed-2026021-scenario-00009,slow_car,mixed,sim-001eea25-slow-car-00009,sim-001eea25-slow-car-00009|sim-001eea25-left-traffic-00009,True,893.1648783469291,True,True,121.79999999999522,206.9500000000128,85.15000000001758,True,False,True,0.0,False,False,0.13538396513850412,-1.875
Hybrid ML Controller,2026021,1bde392d7686c27f,seed-2026021-scenario-00010,pedestrian,pedestrian,sim-001eea25-pedestrian-00010,sim-001eea25-pedestrian-00010,False,997.3106396161297,True,True,125.599999999995,146.99999999999918,21.40000000000417,True,True,False,0.1,False,False,,0.42500000000000027
Hybrid ML Controller,2026021,1bde392d7686c27f,seed-2026021-scenario-00012,truck,mixed,sim-001eea25-truck-00012,sim-001eea25-truck-00012|sim-001eea25-left-traffic-00012,True,1177.367332135267,True,True,202.15000000001172,,,False,False,False,0.0,True,False,4.748810922137811,31.725858632298422
Hybrid ML Controller,2026021,1bde392d7686c27f,seed-2026021-scenario-00013,pedestrian,pedestrian,sim-001eea25-pedestrian-00013,sim-001eea25-pedestrian-00013,False,1272.1201281838419,True,True,173.60000000000522,191.9500000000094,18.350000000004172,True,True,False,0.1,False,False,,0.42500000000000027
Hybrid ML Controller,2026021,1bde392d7686c27f,seed-2026021-scenario-00015,slow_car,mixed,sim-001eea25-slow-car-00015,sim-001eea25-slow-car-00015|sim-001eea25-left-traffic-00015,True,1441.353738561521,True,True,202.30000000001175,244.2500000000213,41.95000000000954,True,False,True,0.0,True,False,7.192620970407581,1.1999999999999549
Hybrid ML Controller,2026021,1bde392d7686c27f,seed-2026021-scenario-00016,pedestrian,pedestrian,sim-001eea25-pedestrian-00016,sim-001eea25-pedestrian-00016,False,1547.66232830221,True,True,210.9000000000137,230.90000000001825,20.000000000004547,True,True,False,0.1,False,False,4.15285823340116,1.6910438830348247
Hybrid ML Controller,2026021,1bde392d7686c27f,seed-2026021-scenario-00017,stopped_car,stopped_car,sim-001eea25-stopped-car-00017,sim-001eea25-stopped-car-00017,False,1618.543350189408,True,True,228.10000000001762,238.50000000001998,10.400000000002365,True,True,False,0.0,False,False,,3.625
Hybrid ML Controller,2026021,1bde392d7686c27f,seed-2026021-scenario-00018,pedestrian,pedestrian,sim-001eea25-pedestrian-00018,sim-001eea25-pedestrian-00018,False,1710.9092210391186,True,True,239.15000000002013,261.0500000000251,21.90000000000495,True,True,False,2.000000000000001,False,False,5.29778743527464,0.42500000000000027
Hybrid ML Controller,2026021,1bde392d7686c27f,seed-2026021-scenario-00019,stopped_car,mixed,sim-001eea25-stopped-car-00019,sim-001eea25-stopped-car-00019|sim-001eea25-left-traffic-00019,True,1817.4127143633582,True,True,262.5500000000254,276.1000000000285,13.550000000003081,True,False,True,4.549999999999992,False,False,0.289018466770299,-0.45764331189284313
Hybrid ML Controller,2026021,1bde392d7686c27f,seed-2026021-scenario-00020,pedestrian,pedestrian,sim-001eea25-pedestrian-00020,sim-001eea25-pedestrian-00020,False,1913.2242287116278,True,False,277.10000000002873,296.50000000003314,19.40000000000441,True,False,False,0.1,False,False,,5.581371036377277
Hybrid ML Controller,2026021,1bde392d7686c27f,seed-2026021-scenario-00024,stopped_car,mixed,sim-001eea25-stopped-car-00024,sim-001eea25-stopped-car-00024|sim-001eea25-left-traffic-00024,True,2280.7459342241937,False,False,,,,False,False,False,0.0,False,False,,
Hybrid ML Controller,2026021,1bde392d7686c27f,seed-2026021-scenario-00025,truck,mixed,sim-001eea25-truck-00025,sim-001eea25-truck-00025|sim-001eea25-left-traffic-00025,True,2377.8593906009537,False,False,,,,False,False,False,0.0,False,False,,
Hybrid ML Controller,2026021,1bde392d7686c27f,seed-2026021-scenario-00027,pedestrian,pedestrian,sim-001eea25-pedestrian-00027,sim-001eea25-pedestrian-00027,False,2559.135943178301,False,False,,,,False,False,False,0.0,False,False,,
Hybrid ML Controller,2026021,1bde392d7686c27f,seed-2026021-scenario-00028,slow_car,mixed,sim-001eea25-slow-car-00028,sim-001eea25-slow-car-00028|sim-001eea25-left-traffic-00028,True,2655.503802664154,False,False,,,,False,False,False,0.0,False,False,,
Hybrid ML Controller,2026021,1bde392d7686c27f,seed-2026021-scenario-00029,stopped_car,stopped_car,sim-001eea25-stopped-car-00029,sim-001eea25-stopped-car-00029,False,2729.5090053793597,False,False,,,,False,False,False,0.0,False,False,,
Hybrid ML Controller,2026021,1bde392d7686c27f,seed-2026021-scenario-00030,slow_car,slow_car,sim-001eea25-slow-car-00030,sim-001eea25-slow-car-00030,False,2809.8081082992953,False,False,,,,False,False,False,0.0,False,False,,
Hybrid ML Controller,2026021,1bde392d7686c27f,seed-2026021-scenario-00031,truck,truck,sim-001eea25-truck-00031,sim-001eea25-truck-00031,False,2882.3876331627866,False,False,,,,False,False,False,0.0,False,False,,
Hybrid ML Controller,2026021,1bde392d7686c27f,seed-2026021-scenario-00032,slow_car,mixed,sim-001eea25-slow-car-00032,sim-001eea25-slow-car-00032|sim-001eea25-left-traffic-00032,True,2972.50536062609,False,False,,,,False,False,False,0.0,False,False,,
Hybrid ML Controller,2026021,1bde392d7686c27f,seed-2026021-scenario-00033,pedestrian,pedestrian,sim-001eea25-pedestrian-00033,sim-001eea25-pedestrian-00033,False,3068.694371921829,False,False,,,,False,False,False,0.0,False,False,,
Hybrid ML Controller,2026021,1bde392d7686c27f,seed-2026021-scenario-00035,pedestrian,pedestrian,sim-001eea25-pedestrian-00035,sim-001eea25-pedestrian-00035,False,3258.7698775998515,False,False,,,,False,False,False,0.0,False,False,,
Hybrid ML Controller,2026021,1bde392d7686c27f,seed-2026021-scenario-00036,slow_car,slow_car,sim-001eea25-slow-car-00036,sim-001eea25-slow-car-00036,False,3362.2499193445615,False,False,,,,False,False,False,0.0,False,False,,
Hybrid ML Controller,2026021,1bde392d7686c27f,seed-2026021-scenario-00037,slow_car,mixed,sim-001eea25-slow-car-00037,sim-001eea25-slow-car-00037|sim-001eea25-left-traffic-00037,True,3456.887432509562,False,False,,,,False,False,False,0.0,False,False,,
Hybrid ML Controller,2026021,1bde392d7686c27f,seed-2026021-scenario-00038,stopped_car,mixed,sim-001eea25-stopped-car-00038,sim-001eea25-stopped-car-00038|sim-001eea25-left-traffic-00038,True,3538.0998743552295,False,False,,,,False,False,False,0.0,False,False,,
Hybrid ML Controller,2026021,1bde392d7686c27f,seed-2026021-scenario-00040,truck,mixed,sim-001eea25-truck-00040,sim-001eea25-truck-00040|sim-001eea25-left-traffic-00040,True,3707.8004352724233,False,False,,,,False,False,False,0.0,False,False,,
Hybrid ML Controller,2026021,1bde392d7686c27f,seed-2026021-scenario-00041,pedestrian,pedestrian,sim-001eea25-pedestrian-00041,sim-001eea25-pedestrian-00041,False,3776.874739958821,False,False,,,,False,False,False,0.0,False,False,,
Hybrid ML Controller,2026021,1bde392d7686c27f,seed-2026021-scenario-00042,pedestrian,pedestrian,sim-001eea25-pedestrian-00042,sim-001eea25-pedestrian-00042,False,3871.795268297358,False,False,,,,False,False,False,0.0,False,False,,
Hybrid ML Controller,2026021,1bde392d7686c27f,seed-2026021-scenario-00043,slow_car,mixed,sim-001eea25-slow-car-00043,sim-001eea25-slow-car-00043|sim-001eea25-left-traffic-00043,True,3970.102214867965,False,False,,,,False,False,False,0.0,False,False,,
Hybrid ML Controller,2026021,1bde392d7686c27f,seed-2026021-scenario-00045,pedestrian,pedestrian,sim-001eea25-pedestrian-00045,sim-001eea25-pedestrian-00045,False,4162.315210533515,False,False,,,,False,False,False,0.0,False,False,,
Hybrid ML Controller,2026021,1bde392d7686c27f,seed-2026021-scenario-00046,truck,truck,sim-001eea25-truck-00046,sim-001eea25-truck-00046,False,4263.909100190603,False,False,,,,False,False,False,0.0,False,False,,
Hybrid ML Controller,2026021,1bde392d7686c27f,seed-2026021-scenario-00047,stopped_car,stopped_car,sim-001eea25-stopped-car-00047,sim-001eea25-stopped-car-00047,False,4341.799425142899,False,False,,,,False,False,False,0.0,False,False,,
Rule Controller,2026022,e683cdd99b319b1c,seed-2026022-scenario-00000,slow_car,mixed,sim-001eea26-slow-car-00000,sim-001eea26-slow-car-00000|sim-001eea26-left-traffic-00000,True,62.18560345465592,True,True,0.05,23.950000000000205,23.900000000000205,True,True,False,0.0,True,True,0.1618300812937732,-1.875
Rule Controller,2026022,e683cdd99b319b1c,seed-2026022-scenario-00002,slow_car,slow_car,sim-001eea26-slow-car-00002,sim-001eea26-slow-car-00002,False,241.02338812561527,True,True,23.950000000000205,34.25000000000019,10.299999999999986,True,True,False,0.0,True,True,1.1606512611571944,0.5776334114144144
Rule Controller,2026022,e683cdd99b319b1c,seed-2026022-scenario-00003,truck,truck,sim-001eea26-truck-00003,sim-001eea26-truck-00003,False,325.2123753939099,True,True,32.100000000000314,70.99999999999811,38.899999999997796,True,True,False,1.900000000000001,True,True,3.1187916113433043,2.770010368907024
Rule Controller,2026022,e683cdd99b319b1c,seed-2026022-scenario-00004,truck,mixed,sim-001eea26-truck-00004,sim-001eea26-truck-00004|sim-001eea26-left-traffic-00004,True,432.818835469442,True,True,38.49999999999995,68.84999999999823,30.349999999998282,True,True,False,0.0,False,False,6.473714515435733,0.7526535611369651
Rule Controller,2026022,e683cdd99b319b1c,seed-2026022-scenario-00005,pedestrian,pedestrian,sim-001eea26-pedestrian-00005,sim-001eea26-pedestrian-00005,False,531.0682584903042,True,True,42.8999999999997,61.04999999999867,18.14999999999897,True,True,False,0.1,False,False,,0.42500000000000027
Rule Controller,2026022,e683cdd99b319b1c,seed-2026022-scenario-00006,slow_car,slow_car,sim-001eea26-slow-car-00006,sim-001eea26-slow-car-00006,False,607.3177803144736,True,True,69.09999999999822,95.7499999999967,26.649999999998485,True,True,False,2.1000000000000005,False,False,,3.625
Rule Controller,2026022,e683cdd99b319b1c,seed-2026022-scenario-00007,slow_car,slow_car,sim-001eea26-slow-car-00007,sim-001eea26-slow-car-00007,False,690.7939593119797,True,True,68.64999999999824,94.59999999999677,25.949999999998525,True,True,False,3.1999999999999966,False,False,,3.625
Rule Controller,2026022,e683cdd99b319b1c,seed-2026022-scenario-00008,pedestrian,pedestrian,sim-001eea26-pedestrian-00008,sim-001eea26-pedestrian-00008,False,787.7374762600501,True,True,73.39999999999797,90.39999999999701,16.999999999999034,True,True,False,0.1,False,False,,0.42500000000000027
Rule Controller,2026022,e683cdd99b319b1c,seed-2026022-scenario-00009,stopped_car,mixed,sim-001eea26-stopped-car-00009,sim-001eea26-stopped-car-00009|sim-001eea26-left-traffic-00009,True,872.6343724664587,True,True,89.79999999999704,96.64999999999665,6.849999999999611,True,True,False,0.0,False,False,0.005451995857264319,-1.875
Rule Controller,2026022,e683cdd99b319b1c,seed-2026022-scenario-00010,slow_car,mixed,sim-001eea26-slow-car-00010,sim-001eea26-slow-car-00010|sim-001eea26-left-traffic-00010,True,951.8210977752902,True,True,98.24999999999656,107.69999999999602,9.449999999999463,True,True,False,0.0,False,False,0.1087491363116072,-1.875
Rule Controller,2026022,e683cdd99b319b1c,seed-2026022-scenario-00011,truck,truck,sim-001eea26-truck-00011,sim-001eea26-truck-00011,False,1032.614340630348,True,True,105.64999999999614,161.80000000000254,56.1500000000064,True,True,False,0.39999999999999997,False,False,,3.3
Rule Controller,2026022,e683cdd99b319b1c,seed-2026022-scenario-00012,pedestrian,pedestrian,sim-001eea26-pedestrian-00012,sim-001eea26-pedestrian-00012,False,1104.5900074662716,True,True,107.04999999999606,123.69999999999511,16.649999999999054,True,True,False,0.1,False,False,,0.42500000000000027
Rule Controller,2026022,e683cdd99b319b1c,seed-2026022-scenario-00013,slow_car,mixed,sim-001eea26-slow-car-00013,sim-001eea26-slow-car-00013|sim-001eea26-left-traffic-00013,True,1208.083996274236,True,True,131.64999999999569,159.60000000000204,27.950000000006355,True,True,False,0.0,False,False,0.15471429814250037,-1.875
Rule Controller,2026022,e683cdd99b319b1c,seed-2026022-scenario-00014,pedestrian,pedestrian,sim-001eea26-pedestrian-00014,sim-001eea26-pedestrian-00014,False,1290.5229082820908,True,True,130.94999999999553,150.09999999999988,19.150000000004354,True,True,False,0.1,False,False,,0.42500000000000027
Rule Controller,2026022,e683cdd99b319b1c,seed-2026022-scenario-00015,truck,mixed,sim-001eea26-truck-00015,sim-001eea26-truck-00015|sim-001eea26-left-traffic-00015,True,1360.094777497535,True,True,164.35000000000312,248.80000000002232,84.4500000000192,True,True,False,0.0,True,True,0.04886447570087625,-1.875
Rule Controller,2026022,e683cdd99b319b1c,seed-2026022-scenario-00016,stopped_car,mixed,sim-001eea26-stopped-car-00016,sim-001eea26-stopped-car-00016|sim-001eea26-left-traffic-00016,True,1440.8319125232254,True,True,154.75000000000094,161.05000000000237,6.3000000000014325,True,True,False,0.0,False,False,18.353339232315456,3.3194592653669597
Rule Controller,2026022,e683cdd99b319b1c,seed-2026022-scenario-00017,stopped_car,mixed,sim-001eea26-stopped-car-00017,sim-001eea26-stopped-car-00017|sim-001eea26-left-traffic-00017,True,1509.6266842757227,True,True,159.70000000000206,166.0000000000035,6.3000000000014325,True,True,False,0.0,False,False,0.18275981829359939,-1.8270172740826762
Rule Controller,2026022,e683cdd99b319b1c,seed-2026022-scenario-00019,truck,mixed,sim-001eea26-truck-00019,sim-001eea26-truck-00019|sim-001eea26-left-traffic-00019,True,1700.8885982054314,True,True,239.55000000002022,297.00000000003325,57.450000000013034,True,True,False,0.0,True,True,3.254162990860971,0.8966478160394771
Rule Controller,2026022,e683cdd99b319b1c,seed-2026022-scenario-00021,pedestrian,pedestrian,sim-001eea26-pedestrian-00021,sim-001eea26-pedestrian-00021,False,1850.9231883602085,True,True,197.3000000000106,218.15000000001535,20.85000000000474,True,True,False,0.1,False,False,12.204418323664637,3.275207554267685
Rule Controller,2026022,e683cdd99b319b1c,seed-2026022-scenario-00022,stopped_car,mixed,sim-001eea26-stopped-car-00022,sim-001eea26-stopped-car-00022|sim-001eea26-left-traffic-00022,True,1931.707980228357,True,True,217.10000000001511,233.3500000000188,16.250000000003695,True,True,False,0.0,True,True,0.11978259014318925,-0.5085418252710365
Rule Controller,2026022,e683cdd99b319b1c,seed-2026022-scenario-00024,stopped_car,mixed,sim-001eea26-stopped-car-00024,sim-001eea26-stopped-car-00024|sim-001eea26-left-traffic-00024,True,2120.664298741701,True,True,241.35000000002063,248.00000000002214,6.650000000001512,True,True,False,0.0,False,False,0.20558414756488774,-1.7372618910425075
Rule Controller,2026022,e683cdd99b319b1c,seed-2026022-scenario-00025,slow_car,slow_car,sim-001eea26-slow-car-00025,sim-001eea26-slow-car-00025,False,2220.3658567484895,True,False,290.5000000000318,,,False,False,False,0.0,False,False,7.015488907328107,7.308146435521961
Rule Controller,2026022,e683cdd99b319b1c,seed-2026022-scenario-00026,pedestrian,pedestrian,sim-001eea26-pedestrian-00026,sim-001eea26-pedestrian-00026,False,2302.861399635066,True,True,267.90000000002664,287.000000000031,19.100000000004343,True,True,False,0.1,False,False,4.682788195923532,5.925000000000001
Rule Controller,2026022,e683cdd99b319b1c,seed-2026022-scenario-00028,pedestrian,pedestrian,sim-001eea26-pedestrian-00028,sim-001eea26-pedestrian-00028,False,2470.365816875217,True,False,293.40000000003243,,,False,False,False,0.0,False,False,,8.001387862302156
Rule Controller,2026022,e683cdd99b319b1c,seed-2026022-scenario-00029,truck,mixed,sim-001eea26-truck-00029,sim-001eea26-truck-00029|sim-001eea26-left-traffic-00029,True,2553.0153036114866,False,False,,,,False,False,False,0.0,False,False,,
Rule Controller,2026022,e683cdd99b319b1c,seed-2026022-scenario-00030,pedestrian,pedestrian,sim-001eea26-pedestrian-00030,sim-001eea26-pedestrian-00030,False,2630.4697397678124,False,False,,,,False,False,False,0.0,False,False,,
Rule Controller,2026022,e683cdd99b319b1c,seed-2026022-scenario-00032,pedestrian,pedestrian,sim-001eea26-pedestrian-00032,sim-001eea26-pedestrian-00032,False,2818.2874694579264,False,False,,,,False,False,False,0.0,False,False,,
Rule Controller,2026022,e683cdd99b319b1c,seed-2026022-scenario-00033,stopped_car,mixed,sim-001eea26-stopped-car-00033,sim-001eea26-stopped-car-00033|sim-001eea26-left-traffic-00033,True,2922.4855467809516,False,False,,,,False,False,False,0.0,False,False,,
Rule Controller,2026022,e683cdd99b319b1c,seed-2026022-scenario-00035,slow_car,mixed,sim-001eea26-slow-car-00035,sim-001eea26-slow-car-00035|sim-001eea26-left-traffic-00035,True,3088.2752547918944,False,False,,,,False,False,False,0.0,False,False,,
Rule Controller,2026022,e683cdd99b319b1c,seed-2026022-scenario-00036,stopped_car,mixed,sim-001eea26-stopped-car-00036,sim-001eea26-stopped-car-00036|sim-001eea26-left-traffic-00036,True,3181.6469974723645,False,False,,,,False,False,False,0.0,False,False,,
Rule Controller,2026022,e683cdd99b319b1c,seed-2026022-scenario-00038,stopped_car,stopped_car,sim-001eea26-stopped-car-00038,sim-001eea26-stopped-car-00038,False,3351.0592858304467,False,False,,,,False,False,False,0.0,False,False,,
Rule Controller,2026022,e683cdd99b319b1c,seed-2026022-scenario-00039,pedestrian,pedestrian,sim-001eea26-pedestrian-00039,sim-001eea26-pedestrian-00039,False,3457.477786596073,False,False,,,,False,False,False,0.0,False,False,,
Rule Controller,2026022,e683cdd99b319b1c,seed-2026022-scenario-00040,slow_car,slow_car,sim-001eea26-slow-car-00040,sim-001eea26-slow-car-00040,False,3532.432460137163,False,False,,,,False,False,False,0.0,False,False,,
Rule Controller,2026022,e683cdd99b319b1c,seed-2026022-scenario-00041,truck,mixed,sim-001eea26-truck-00041,sim-001eea26-truck-00041|sim-001eea26-left-traffic-00041,True,3605.4339863473274,False,False,,,,False,False,False,0.0,False,False,,
Rule Controller,2026022,e683cdd99b319b1c,seed-2026022-scenario-00042,slow_car,slow_car,sim-001eea26-slow-car-00042,sim-001eea26-slow-car-00042,False,3685.8783307566487,False,False,,,,False,False,False,0.0,False,False,,
Rule Controller,2026022,e683cdd99b319b1c,seed-2026022-scenario-00043,truck,mixed,sim-001eea26-truck-00043,sim-001eea26-truck-00043|sim-001eea26-left-traffic-00043,True,3782.0502923915824,False,False,,,,False,False,False,0.0,False,False,,
Rule Controller,2026022,e683cdd99b319b1c,seed-2026022-scenario-00044,stopped_car,mixed,sim-001eea26-stopped-car-00044,sim-001eea26-stopped-car-00044|sim-001eea26-left-traffic-00044,True,3869.7403278054903,False,False,,,,False,False,False,0.0,False,False,,
Rule Controller,2026022,e683cdd99b319b1c,seed-2026022-scenario-00045,stopped_car,stopped_car,sim-001eea26-stopped-car-00045,sim-001eea26-stopped-car-00045,False,3963.933992386416,False,False,,,,False,False,False,0.0,False,False,,
Rule Controller,2026022,e683cdd99b319b1c,seed-2026022-scenario-00046,stopped_car,stopped_car,sim-001eea26-stopped-car-00046,sim-001eea26-stopped-car-00046,False,4061.697744082411,False,False,,,,False,False,False,0.0,False,False,,
Rule Controller,2026022,e683cdd99b319b1c,seed-2026022-scenario-00047,pedestrian,pedestrian,sim-001eea26-pedestrian-00047,sim-001eea26-pedestrian-00047,False,4157.152228317127,False,False,,,,False,False,False,0.0,False,False,,
Rule Controller,2026022,e683cdd99b319b1c,seed-2026022-scenario-00048,truck,truck,sim-001eea26-truck-00048,sim-001eea26-truck-00048,False,4242.903071948169,False,False,,,,False,False,False,0.0,False,False,,
Rule Controller,2026022,e683cdd99b319b1c,seed-2026022-scenario-00049,pedestrian,pedestrian,sim-001eea26-pedestrian-00049,sim-001eea26-pedestrian-00049,False,4330.599501343878,False,False,,,,False,False,False,0.0,False,False,,
Rule Controller,2026022,e683cdd99b319b1c,seed-2026022-scenario-00050,slow_car,mixed,sim-001eea26-slow-car-00050,sim-001eea26-slow-car-00050|sim-001eea26-left-traffic-00050,True,4415.752810966137,False,False,,,,False,False,False,0.0,False,False,,
Hybrid ML Controller,2026022,e683cdd99b319b1c,seed-2026022-scenario-00000,slow_car,mixed,sim-001eea26-slow-car-00000,sim-001eea26-slow-car-00000|sim-001eea26-left-traffic-00000,True,62.18560345465592,True,True,0.05,43.29999999999968,43.24999999999968,True,True,False,1.0000000000000002,True,True,0.16674647217955968,-1.875
Hybrid ML Controller,2026022,e683cdd99b319b1c,seed-2026022-scenario-00002,slow_car,slow_car,sim-001eea26-slow-car-00002,sim-001eea26-slow-car-00002,False,241.02338812561527,True,True,38.44999999999995,48.099999999999405,9.649999999999451,True,True,False,0.0,False,False,,3.625
Hybrid ML Controller,2026022,e683cdd99b319b1c,seed-2026022-scenario-00003,truck,truck,sim-001eea26-truck-00003,sim-001eea26-truck-00003,False,325.2123753939099,True,True,46.64999999999949,81.8499999999975,35.199999999998006,True,True,False,0.65,False,False,,3.3
Hybrid ML Controller,2026022,e683cdd99b319b1c,seed-2026022-scenario-00004,truck,mixed,sim-001eea26-truck-00004,sim-001eea26-truck-00004|sim-001eea26-left-traffic-00004,True,432.818835469442,True,True,47.79999999999942,75.89999999999783,28.09999999999841,True,True,False,1.7500000000000009,False,False,0.1077894311398558,-1.4251112638338626
Hybrid ML Controller,2026022,e683cdd99b319b1c,seed-2026022-scenario-00005,pedestrian,pedestrian,sim-001eea26-pedestrian-00005,sim-001eea26-pedestrian-00005,False,531.0682584903042,True,True,52.299999999999166,69.59999999999819,17.299999999999024,True,True,False,0.1,False,False,,0.42500000000000027
Hybrid ML Controller,2026022,e683cdd99b319b1c,seed-2026022-scenario-00006,slow_car,slow_car,sim-001eea26-slow-car-00006,sim-001eea26-slow-car-00006,False,607.3177803144736,True,True,77.49999999999774,104.14999999999623,26.649999999998485,True,True,False,2.3499999999999996,False,False,,3.625
Hybrid ML Controller,2026022,e683cdd99b319b1c,seed-2026022-scenario-00007,slow_car,slow_car,sim-001eea26-slow-car-00007,sim-001eea26-slow-car-00007,False,690.7939593119797,True,True,77.19999999999776,103.09999999999629,25.899999999998528,True,True,False,3.1999999999999966,False,False,,3.625
Hybrid ML Controller,2026022,e683cdd99b319b1c,seed-2026022-scenario-00008,pedestrian,pedestrian,sim-001eea26-pedestrian-00008,sim-001eea26-pedestrian-00008,False,787.7374762600501,True,True,81.89999999999749,98.89999999999652,16.999999999999034,True,True,False,0.1,False,False,,0.42500000000000027
Hybrid ML Controller,2026022,e683cdd99b319b1c,seed-2026022-scenario-00009,stopped_car,mixed,sim-001eea26-stopped-car-00009,sim-001eea26-stopped-car-00009|sim-001eea26-left-traffic-00009,True,872.6343724664587,True,True,98.34999999999656,105.14999999999617,6.7999999999996135,True,True,False,0.0,False,False,0.10668386188796905,-1.875
Hybrid ML Controller,2026022,e683cdd99b319b1c,seed-2026022-scenario-00010,slow_car,mixed,sim-001eea26-slow-car-00010,sim-001eea26-slow-car-00010|sim-001eea26-left-traffic-00010,True,951.8210977752902,True,True,106.79999999999607,116.24999999999554,9.449999999999463,True,True,False,0.0,False,False,0.17267637948266112,-1.875
Hybrid ML Controller,2026022,e683cdd99b319b1c,seed-2026022-scenario-00011,truck,truck,sim-001eea26-truck-00011,sim-001eea26-truck-00011,False,1032.614340630348,True,True,114.14999999999566,170.4000000000045,56.25000000000884,True,True,False,0.39999999999999997,False,False,,3.3
Hybrid ML Controller,2026022,e683cdd99b319b1c,seed-2026022-scenario-00012,pedestrian,pedestrian,sim-001eea26-pedestrian-00012,sim-001eea26-pedestrian-00012,False,1104.5900074662716,True,True,115.59999999999557,132.1999999999958,16.600000000000236,True,True,False,0.1,False,False,,0.42500000000000027
Hybrid ML Controller,2026022,e683cdd99b319b1c,seed-2026022-scenario-00013,slow_car,mixed,sim-001eea26-slow-car-00013,sim-001eea26-slow-car-00013|sim-001eea26-left-traffic-00013,True,1208.083996274236,True,True,140.14999999999762,168.200000000004,28.050000000006378,True,True,False,0.0,False,False,0.12796575969210155,-1.875
Hybrid ML Controller,2026022,e683cdd99b319b1c,seed-2026022-scenario-00014,pedestrian,pedestrian,sim-001eea26-pedestrian-00014,sim-001eea26-pedestrian-00014,False,1290.5229082820908,True,True,139.44999999999746,158.65000000000182,19.200000000004366,True,True,False,0.1,False,False,,0.42500000000000027
Hybrid ML Controller,2026022,e683cdd99b319b1c,seed-2026022-scenario-00015,truck,mixed,sim-001eea26-truck-00015,sim-001eea26-truck-00015|sim-001eea26-left-traffic-00015,True,1360.094777497535,True,True,172.90000000000506,,,False,False,False,0.0,True,False,0.17274419769927846,-1.875
Hybrid ML Controller,2026022,e683cdd99b319b1c,seed-2026022-scenario-00016,stopped_car,mixed,sim-001eea26-stopped-car-00016,sim-001eea26-stopped-car-00016|sim-001eea26-left-traffic-00016,True,1440.8319125232254,True,True,163.3500000000029,169.60000000000431,6.250000000001421,True,True,False,0.0,False,False,32.19018983463827,3.028495547122454
Hybrid ML Controller,2026022,e683cdd99b319b1c,seed-2026022-scenario-00017,stopped_car,mixed,sim-001eea26-stopped-car-00017,sim-001eea26-stopped-car-00017|sim-001eea26-left-traffic-00017,True,1509.6266842757227,True,True,168.30000000000402,174.55000000000544,6.250000000001421,True,True,False,0.0,False,False,0.12636408318355177,-1.4251112638338626
Hybrid ML Controller,2026022,e683cdd99b319b1c,seed-2026022-scenario-00019,truck,mixed,sim-001eea26-truck-00019,sim-001eea26-truck-00019|sim-001eea26-left-traffic-00019,True,1700.8885982054314,True,True,240.65000000002047,,,False,False,False,0.0,False,False,0.18337500690896302,-1.2966463551811502
Hybrid ML Controller,2026022,e683cdd99b319b1c,seed-2026022-scenario-00021,pedestrian,pedestrian,sim-001eea26-pedestrian-00021,sim-001eea26-pedestrian-00021,False,1850.9231883602085,True,True,205.90000000001257,230.50000000001816,24.600000000005593,True,True,False,3.8499999999999943,False,False,8.145859453578817,5.925000000000001
Hybrid ML Controller,2026022,e683cdd99b319b1c,seed-2026022-scenario-00022,stopped_car,mixed,sim-001eea26-stopped-car-00022,sim-001eea26-stopped-car-00022|sim-001eea26-left-traffic-00022,True,1931.707980228357,True,True,229.45000000001792,237.20000000001968,7.750000000001762,True,True,False,0.0,True,True,0.31200560815711914,-1.4435567020166742
Hybrid ML Controller,2026022,e683cdd99b319b1c,seed-2026022-scenario-00024,stopped_car,mixed,sim-001eea26-stopped-car-00024,sim-001eea26-stopped-car-00024|sim-001eea26-left-traffic-00024,True,2120.664298741701,True,True,245.80000000002164,261.1500000000251,15.350000000003462,True,True,False,0.0,False,False,2.2299224436521077,2.134791116128781
Hybrid ML Controller,2026022,e683cdd99b319b1c,seed-2026022-scenario-00025,slow_car,slow_car,sim-001eea26-slow-car-00025,sim-001eea26-slow-car-00025,False,2220.3658567484895,False,False,,,,False,False,False,0.0,False,False,,
Hybrid ML Controller,2026022,e683cdd99b319b1c,seed-2026022-scenario-00026,pedestrian,pedestrian,sim-001eea26-pedestrian-00026,sim-001eea26-pedestrian-00026,False,2302.861399635066,True,False,278.00000000002893,297.1500000000333,19.150000000004354,True,False,False,0.1,False,False,38.16517353989763,0.42500000000000027
Hybrid ML Controller,2026022,e683cdd99b319b1c,seed-2026022-scenario-00028,pedestrian,pedestrian,sim-001eea26-pedestrian-00028,sim-001eea26-pedestrian-00028,False,2470.365816875217,False,False,,,,False,False,False,0.0,False,False,,
Hybrid ML Controller,2026022,e683cdd99b319b1c,seed-2026022-scenario-00029,truck,mixed,sim-001eea26-truck-00029,sim-001eea26-truck-00029|sim-001eea26-left-traffic-00029,True,2553.0153036114866,False,False,,,,False,False,False,0.0,False,False,,
Hybrid ML Controller,2026022,e683cdd99b319b1c,seed-2026022-scenario-00030,pedestrian,pedestrian,sim-001eea26-pedestrian-00030,sim-001eea26-pedestrian-00030,False,2630.4697397678124,False,False,,,,False,False,False,0.0,False,False,,
Hybrid ML Controller,2026022,e683cdd99b319b1c,seed-2026022-scenario-00032,pedestrian,pedestrian,sim-001eea26-pedestrian-00032,sim-001eea26-pedestrian-00032,False,2818.2874694579264,False,False,,,,False,False,False,0.0,False,False,,
Hybrid ML Controller,2026022,e683cdd99b319b1c,seed-2026022-scenario-00033,stopped_car,mixed,sim-001eea26-stopped-car-00033,sim-001eea26-stopped-car-00033|sim-001eea26-left-traffic-00033,True,2922.4855467809516,False,False,,,,False,False,False,0.0,False,False,,
Hybrid ML Controller,2026022,e683cdd99b319b1c,seed-2026022-scenario-00035,slow_car,mixed,sim-001eea26-slow-car-00035,sim-001eea26-slow-car-00035|sim-001eea26-left-traffic-00035,True,3088.2752547918944,False,False,,,,False,False,False,0.0,False,False,,
Hybrid ML Controller,2026022,e683cdd99b319b1c,seed-2026022-scenario-00036,stopped_car,mixed,sim-001eea26-stopped-car-00036,sim-001eea26-stopped-car-00036|sim-001eea26-left-traffic-00036,True,3181.6469974723645,False,False,,,,False,False,False,0.0,False,False,,
Hybrid ML Controller,2026022,e683cdd99b319b1c,seed-2026022-scenario-00038,stopped_car,stopped_car,sim-001eea26-stopped-car-00038,sim-001eea26-stopped-car-00038,False,3351.0592858304467,False,False,,,,False,False,False,0.0,False,False,,
Hybrid ML Controller,2026022,e683cdd99b319b1c,seed-2026022-scenario-00039,pedestrian,pedestrian,sim-001eea26-pedestrian-00039,sim-001eea26-pedestrian-00039,False,3457.477786596073,False,False,,,,False,False,False,0.0,False,False,,
Hybrid ML Controller,2026022,e683cdd99b319b1c,seed-2026022-scenario-00040,slow_car,slow_car,sim-001eea26-slow-car-00040,sim-001eea26-slow-car-00040,False,3532.432460137163,False,False,,,,False,False,False,0.0,False,False,,
Hybrid ML Controller,2026022,e683cdd99b319b1c,seed-2026022-scenario-00041,truck,mixed,sim-001eea26-truck-00041,sim-001eea26-truck-00041|sim-001eea26-left-traffic-00041,True,3605.4339863473274,False,False,,,,False,False,False,0.0,False,False,,
Hybrid ML Controller,2026022,e683cdd99b319b1c,seed-2026022-scenario-00042,slow_car,slow_car,sim-001eea26-slow-car-00042,sim-001eea26-slow-car-00042,False,3685.8783307566487,False,False,,,,False,False,False,0.0,False,False,,
Hybrid ML Controller,2026022,e683cdd99b319b1c,seed-2026022-scenario-00043,truck,mixed,sim-001eea26-truck-00043,sim-001eea26-truck-00043|sim-001eea26-left-traffic-00043,True,3782.0502923915824,False,False,,,,False,False,False,0.0,False,False,,
Hybrid ML Controller,2026022,e683cdd99b319b1c,seed-2026022-scenario-00044,stopped_car,mixed,sim-001eea26-stopped-car-00044,sim-001eea26-stopped-car-00044|sim-001eea26-left-traffic-00044,True,3869.7403278054903,False,False,,,,False,False,False,0.0,False,False,,
Hybrid ML Controller,2026022,e683cdd99b319b1c,seed-2026022-scenario-00045,stopped_car,stopped_car,sim-001eea26-stopped-car-00045,sim-001eea26-stopped-car-00045,False,3963.933992386416,False,False,,,,False,False,False,0.0,False,False,,
Hybrid ML Controller,2026022,e683cdd99b319b1c,seed-2026022-scenario-00046,stopped_car,stopped_car,sim-001eea26-stopped-car-00046,sim-001eea26-stopped-car-00046,False,4061.697744082411,False,False,,,,False,False,False,0.0,False,False,,
Hybrid ML Controller,2026022,e683cdd99b319b1c,seed-2026022-scenario-00047,pedestrian,pedestrian,sim-001eea26-pedestrian-00047,sim-001eea26-pedestrian-00047,False,4157.152228317127,False,False,,,,False,False,False,0.0,False,False,,
Hybrid ML Controller,2026022,e683cdd99b319b1c,seed-2026022-scenario-00048,truck,truck,sim-001eea26-truck-00048,sim-001eea26-truck-00048,False,4242.903071948169,False,False,,,,False,False,False,0.0,False,False,,
Hybrid ML Controller,2026022,e683cdd99b319b1c,seed-2026022-scenario-00049,pedestrian,pedestrian,sim-001eea26-pedestrian-00049,sim-001eea26-pedestrian-00049,False,4330.599501343878,False,False,,,,False,False,False,0.0,False,False,,
Hybrid ML Controller,2026022,e683cdd99b319b1c,seed-2026022-scenario-00050,slow_car,mixed,sim-001eea26-slow-car-00050,sim-001eea26-slow-car-00050|sim-001eea26-left-traffic-00050,True,4415.752810966137,False,False,,,,False,False,False,0.0,False,False,,
Rule Controller,2026023,b2e9ee4cf3cbf449,seed-2026023-scenario-00000,pedestrian,pedestrian,sim-001eea27-pedestrian-00000,sim-001eea27-pedestrian-00000,False,74.55331128013785,True,True,0.05,22.75000000000019,22.700000000000188,True,True,False,0.1,False,False,,5.925000000000001
Rule Controller,2026023,b2e9ee4cf3cbf449,seed-2026023-scenario-00001,pedestrian,pedestrian,sim-001eea27-pedestrian-00001,sim-001eea27-pedestrian-00001,False,163.8399823342317,True,True,22.700000000000188,39.94999999999987,17.24999999999968,True,True,False,0.1,False,False,3.5188155993997086,5.392385022026531
Rule Controller,2026023,b2e9ee4cf3cbf449,seed-2026023-scenario-00002,stopped_car,stopped_car,sim-001eea27-stopped-car-00002,sim-001eea27-stopped-car-00002,False,249.6574307994533,True,True,39.49999999999989,46.24999999999951,6.749999999999616,True,True,False,0.0,True,True,1.9507074451257824,2.6281418215752024
Rule Controller,2026023,b2e9ee4cf3cbf449,seed-2026023-scenario-00004,stopped_car,stopped_car,sim-001eea27-stopped-car-00004,sim-001eea27-stopped-car-00004,False,415.9220851068824,True,True,51.949999999999186,65.69999999999841,13.749999999999226,True,False,True,4.499999999999992,True,True,0.5722803684154519,1.2000000000000117
Rule Controller,2026023,b2e9ee4cf3cbf449,seed-2026023-scenario-00005,slow_car,slow_car,sim-001eea27-slow-car-00005,sim-001eea27-slow-car-00005,False,504.4891642647116,True,True,71.84999999999806,84.24999999999736,12.399999999999295,True,True,False,0.0,True,True,3.017858211031841,2.8089080324736826
Rule Controller,2026023,b2e9ee4cf3cbf449,seed-2026023-scenario-00006,slow_car,slow_car,sim-001eea27-slow-car-00006,sim-001eea27-slow-car-00006,False,581.325030807193,True,True,75.49999999999785,104.29999999999622,28.799999999998363,True,False,True,0.25,True,True,3.134166105705797,1.1999999999999549
Rule Controller,2026023,b2e9ee4cf3cbf449,seed-2026023-scenario-00007,stopped_car,stopped_car,sim-001eea27-stopped-car-00007,sim-001eea27-stopped-car-00007,False,688.7415448394545,True,True,81.7999999999975,95.59999999999671,13.799999999999216,True,False,True,4.599999999999992,False,False,0.3600074266212798,-0.9829279617735889
Rule Controller,2026023,b2e9ee4cf3cbf449,seed-2026023-scenario-00008,truck,mixed,sim-001eea27-truck-00008,sim-001eea27-truck-00008|sim-001eea27-left-traffic-00008,True,780.5611838470593,True,True,104.39999999999621,136.34999999999675,31.950000000000543,True,True,False,0.0,True,True,0.04701958903192182,-1.875
Rule Controller,2026023,b2e9ee4cf3cbf449,seed-2026023-scenario-00009,pedestrian,pedestrian,sim-001eea27-pedestrian-00009,sim-001eea27-pedestrian-00009,False,864.7972144319806,True,True,102.64999999999631,121.99999999999521,19.3499999999989,True,True,False,0.1,False,False,,5.372741630746191
Rule Controller,2026023,b2e9ee4cf3cbf449,seed-2026023-scenario-00010,slow_car,slow_car,sim-001eea27-slow-car-00010,sim-001eea27-slow-car-00010,False,965.3852582635416,True,True,136.9499999999969,157.7000000000016,20.750000000004718,True,True,False,0.0,False,False,22.707512991625048,3.625
Rule Controller,2026023,b2e9ee4cf3cbf449,seed-2026023-scenario-00011,truck,truck,sim-001eea27-truck-00011,sim-001eea27-truck-00011,False,1039.181366174329,True,True,131.09999999999556,150.09999999999988,19.00000000000432,True,True,False,0.0,True,True,3.0077094062040692,3.0788599267903036
Rule Controller,2026023,b2e9ee4cf3cbf449,seed-2026023-scenario-00012,slow_car,slow_car,sim-001eea27-slow-car-00012,sim-001eea27-slow-car-00012,False,1121.0302507375836,True,True,137.19999999999695,156.55000000000135,19.3500000000044,True,True,False,0.0,False,False,19.20538996278659,3.625
Rule Controller,2026023,b2e9ee4cf3cbf449,seed-2026023-scenario-00013,stopped_car,stopped_car,sim-001eea27-stopped-car-00013,sim-001eea27-stopped-car-00013,False,1218.9988262222016,True,True,146.14999999999898,152.90000000000052,6.750000000001535,True,True,False,0.0,False,False,,3.625
Rule Controller,2026023,b2e9ee4cf3cbf449,seed-2026023-scenario-00014,truck,mixed,sim-001eea27-truck-00014,sim-001eea27-truck-00014|sim-001eea27-left-traffic-00014,True,1300.438545653195,True,True,154.6000000000009,171.95000000000485,17.350000000003945,True,True,False,3.2499999999999964,True,True,0.1792261618922944,-1.7664615110988882
Rule Controller,2026023,b2e9ee4cf3cbf449,seed-2026023-scenario-00015,slow_car,slow_car,sim-001eea27-slow-car-00015,sim-001eea27-slow-car-00015,False,1369.0355878858625,True,True,160.60000000000227,202.00000000001168,41.40000000000941,True,True,False,0.0,True,True,2.880304200033112,3.050375867523957
Rule Controller,2026023,b2e9ee4cf3cbf449,seed-2026023-scenario-00016,pedestrian,pedestrian,sim-001eea27-pedestrian-00016,sim-001eea27-pedestrian-00016,False,1448.4305568434665,True,True,166.75000000000367,186.80000000000823,20.05000000000456,True,True,False,0.1,False,False,,0.42500000000000027
Rule Controller,2026023,b2e9ee4cf3cbf449,seed-2026023-scenario-00018,slow_car,slow_car,sim-001eea27-slow-car-00018,sim-001eea27-slow-car-00018,False,1647.6820930423999,True,True,198.5500000000109,238.25000000001992,39.70000000000903,True,True,False,2.3999999999999995,True,True,2.6400693866661604,3.425346183452906
Rule Controller,2026023,b2e9ee4cf3cbf449,seed-2026023-scenario-00019,slow_car,slow_car,sim-001eea27-slow-car-00019,sim-001eea27-slow-car-00019,False,1747.3630524765197,True,True,205.05000000001237,241.2000000000206,36.15000000000822,True,True,False,0.0,False,False,8.268076304651036,3.625
Rule Controller,2026023,b2e9ee4cf3cbf449,seed-2026023-scenario-00020,pedestrian,pedestrian,sim-001eea27-pedestrian-00020,sim-001eea27-pedestrian-00020,False,1831.4910229155166,True,True,210.15000000001353,229.90000000001803,19.75000000000449,True,True,False,0.1,False,False,,0.42500000000000027
Rule Controller,2026023,b2e9ee4cf3cbf449,seed-2026023-scenario-00021,truck,mixed,sim-001eea27-truck-00021,sim-001eea27-truck-00021|sim-001eea27-left-traffic-00021,True,1935.1228548142667,True,True,243.20000000002105,267.2500000000265,24.05000000000544,True,False,True,0.0,False,False,6.486883226629727,1.2000000000000002
Rule Controller,2026023,b2e9ee4cf3cbf449,seed-2026023-scenario-00022,slow_car,mixed,sim-001eea27-slow-car-00022,sim-001eea27-slow-car-00022|sim-001eea27-left-traffic-00022,True,2008.6570715854918,True,True,239.35000000002017,262.4500000000254,23.100000000005224,True,True,False,0.0,True,True,2.0631065883154935,2.291573505627985
Rule Controller,2026023,b2e9ee4cf3cbf449,seed-2026023-scenario-00024,truck,mixed,sim-001eea27-truck-00024,sim-001eea27-truck-00024|sim-001eea27-left-traffic-00024,True,2179.4507158593246,True,True,265.4500000000261,,,False,False,False,0.0,False,False,3.146622936731642,5.454085105243121
Rule Controller,2026023,b2e9ee4cf3cbf449,seed-2026023-scenario-00025,truck,truck,sim-001eea27-truck-00025,sim-001eea27-truck-00025,False,2261.821959076515,True,True,264.5500000000259,294.75000000003274,30.200000000006867,True,True,False,0.8000000000000002,True,True,2.2976583895733267,1.7911625795592956
Rule Controller,2026023,b2e9ee4cf3cbf449,seed-2026023-scenario-00026,pedestrian,pedestrian,sim-001eea27-pedestrian-00026,sim-001eea27-pedestrian-00026,False,2337.2325475994044,True,True,267.7500000000266,287.5500000000311,19.800000000004502,True,True,False,0.1,False,False,,1.771640813047582
Rule Controller,2026023,b2e9ee4cf3cbf449,seed-2026023-scenario-00027,truck,truck,sim-001eea27-truck-00027,sim-001eea27-truck-00027,False,2432.6772587135474,False,False,,,,False,False,False,0.0,False,False,,
Rule Controller,2026023,b2e9ee4cf3cbf449,seed-2026023-scenario-00028,slow_car,mixed,sim-001eea27-slow-car-00028,sim-001eea27-slow-car-00028|sim-001eea27-left-traffic-00028,True,2514.402852413432,True,False,296.50000000003314,,,False,False,False,0.0,False,False,12.366143952292337,59.427799029623564
Rule Controller,2026023,b2e9ee4cf3cbf449,seed-2026023-scenario-00029,stopped_car,stopped_car,sim-001eea27-stopped-car-00029,sim-001eea27-stopped-car-00029,False,2614.8073303892597,False,False,,,,False,False,False,0.0,False,False,,
Rule Controller,2026023,b2e9ee4cf3cbf449,seed-2026023-scenario-00030,slow_car,slow_car,sim-001eea27-slow-car-00030,sim-001eea27-slow-car-00030,False,2717.5960028364957,False,False,,,,False,False,False,0.0,False,False,,
Rule Controller,2026023,b2e9ee4cf3cbf449,seed-2026023-scenario-00031,slow_car,slow_car,sim-001eea27-slow-car-00031,sim-001eea27-slow-car-00031,False,2824.5528776492974,False,False,,,,False,False,False,0.0,False,False,,
Rule Controller,2026023,b2e9ee4cf3cbf449,seed-2026023-scenario-00032,stopped_car,stopped_car,sim-001eea27-stopped-car-00032,sim-001eea27-stopped-car-00032,False,2901.6531354470476,False,False,,,,False,False,False,0.0,False,False,,
Rule Controller,2026023,b2e9ee4cf3cbf449,seed-2026023-scenario-00033,pedestrian,pedestrian,sim-001eea27-pedestrian-00033,sim-001eea27-pedestrian-00033,False,3001.9996294158304,False,False,,,,False,False,False,0.0,False,False,,
Rule Controller,2026023,b2e9ee4cf3cbf449,seed-2026023-scenario-00034,slow_car,slow_car,sim-001eea27-slow-car-00034,sim-001eea27-slow-car-00034,False,3079.731415280749,False,False,,,,False,False,False,0.0,False,False,,
Rule Controller,2026023,b2e9ee4cf3cbf449,seed-2026023-scenario-00035,truck,truck,sim-001eea27-truck-00035,sim-001eea27-truck-00035,False,3182.095968834458,False,False,,,,False,False,False,0.0,False,False,,
Rule Controller,2026023,b2e9ee4cf3cbf449,seed-2026023-scenario-00036,stopped_car,mixed,sim-001eea27-stopped-car-00036,sim-001eea27-stopped-car-00036|sim-001eea27-left-traffic-00036,True,3252.016391841053,False,False,,,,False,False,False,0.0,False,False,,
Rule Controller,2026023,b2e9ee4cf3cbf449,seed-2026023-scenario-00037,truck,mixed,sim-001eea27-truck-00037,sim-001eea27-truck-00037|sim-001eea27-left-traffic-00037,True,3356.1425516569366,False,False,,,,False,False,False,0.0,False,False,,
Rule Controller,2026023,b2e9ee4cf3cbf449,seed-2026023-scenario-00038,stopped_car,mixed,sim-001eea27-stopped-car-00038,sim-001eea27-stopped-car-00038|sim-001eea27-left-traffic-00038,True,3461.9112904567814,False,False,,,,False,False,False,0.0,False,False,,
Rule Controller,2026023,b2e9ee4cf3cbf449,seed-2026023-scenario-00039,pedestrian,pedestrian,sim-001eea27-pedestrian-00039,sim-001eea27-pedestrian-00039,False,3557.134793234295,False,False,,,,False,False,False,0.0,False,False,,
Rule Controller,2026023,b2e9ee4cf3cbf449,seed-2026023-scenario-00040,slow_car,mixed,sim-001eea27-slow-car-00040,sim-001eea27-slow-car-00040|sim-001eea27-left-traffic-00040,True,3644.900000130395,False,False,,,,False,False,False,0.0,False,False,,
Rule Controller,2026023,b2e9ee4cf3cbf449,seed-2026023-scenario-00041,stopped_car,stopped_car,sim-001eea27-stopped-car-00041,sim-001eea27-stopped-car-00041,False,3734.5896846850906,False,False,,,,False,False,False,0.0,False,False,,
Rule Controller,2026023,b2e9ee4cf3cbf449,seed-2026023-scenario-00042,slow_car,mixed,sim-001eea27-slow-car-00042,sim-001eea27-slow-car-00042|sim-001eea27-left-traffic-00042,True,3803.820026685867,False,False,,,,False,False,False,0.0,False,False,,
Rule Controller,2026023,b2e9ee4cf3cbf449,seed-2026023-scenario-00043,pedestrian,pedestrian,sim-001eea27-pedestrian-00043,sim-001eea27-pedestrian-00043,False,3875.247396068643,False,False,,,,False,False,False,0.0,False,False,,
Rule Controller,2026023,b2e9ee4cf3cbf449,seed-2026023-scenario-00044,stopped_car,stopped_car,sim-001eea27-stopped-car-00044,sim-001eea27-stopped-car-00044,False,3980.1542270130694,False,False,,,,False,False,False,0.0,False,False,,
Rule Controller,2026023,b2e9ee4cf3cbf449,seed-2026023-scenario-00045,truck,truck,sim-001eea27-truck-00045,sim-001eea27-truck-00045,False,4069.1290576125457,False,False,,,,False,False,False,0.0,False,False,,
Rule Controller,2026023,b2e9ee4cf3cbf449,seed-2026023-scenario-00046,pedestrian,pedestrian,sim-001eea27-pedestrian-00046,sim-001eea27-pedestrian-00046,False,4176.641239855098,False,False,,,,False,False,False,0.0,False,False,,
Hybrid ML Controller,2026023,b2e9ee4cf3cbf449,seed-2026023-scenario-00000,pedestrian,pedestrian,sim-001eea27-pedestrian-00000,sim-001eea27-pedestrian-00000,False,74.55331128013785,True,True,0.05,22.25000000000018,22.20000000000018,True,True,False,0.1,False,False,4.983307388397731,1.5108112801379718
Hybrid ML Controller,2026023,b2e9ee4cf3cbf449,seed-2026023-scenario-00001,pedestrian,pedestrian,sim-001eea27-pedestrian-00001,sim-001eea27-pedestrian-00001,False,163.8399823342317,True,True,22.20000000000018,39.59999999999989,17.399999999999707,True,True,False,0.1,False,False,3.4556537110309664,5.427482334231996
Hybrid ML Controller,2026023,b2e9ee4cf3cbf449,seed-2026023-scenario-00002,stopped_car,stopped_car,sim-001eea27-stopped-car-00002,sim-001eea27-stopped-car-00002,False,249.6574307994533,True,True,39.14999999999991,46.349999999999504,7.199999999999591,True,True,False,0.0,True,True,2.2660659364645914,2.82910844698441
Hybrid ML Controller,2026023,b2e9ee4cf3cbf449,seed-2026023-scenario-00004,stopped_car,stopped_car,sim-001eea27-stopped-car-00004,sim-001eea27-stopped-car-00004,False,415.9220851068824,True,True,52.09999999999918,65.19999999999844,13.099999999999262,True,False,True,3.999999999999994,True,True,0.43971835301327594,1.1335810711166996
Hybrid ML Controller,2026023,b2e9ee4cf3cbf449,seed-2026023-scenario-00005,slow_car,slow_car,sim-001eea27-slow-car-00005,sim-001eea27-slow-car-00005,False,504.4891642647116,True,True,73.049999999998,115.34999999999559,42.299999999997596,True,True,False,0.0,False,False,5.657929700105832,1.5602604607157904
Hybrid ML Controller,2026023,b2e9ee4cf3cbf449,seed-2026023-scenario-00006,slow_car,slow_car,sim-001eea27-slow-car-00006,sim-001eea27-slow-car-00006,False,581.325030807193,True,True,79.49999999999763,171.3000000000047,91.80000000000707,True,True,False,0.0,True,True,6.777462024365488,3.625
Hybrid ML Controller,2026023,b2e9ee4cf3cbf449,seed-2026023-scenario-00007,stopped_car,stopped_car,sim-001eea27-stopped-car-00007,sim-001eea27-stopped-car-00007,False,688.7415448394545,True,True,84.64999999999733,105.74999999999613,21.0999999999988,True,True,False,0.0,True,True,1.9085559429774235,1.5279744879732475
Hybrid ML Controller,2026023,b2e9ee4cf3cbf449,seed-2026023-scenario-00008,truck,mixed,sim-001eea27-truck-00008,sim-001eea27-truck-00008|sim-001eea27-left-traffic-00008,True,780.5611838470593,True,True,147.0999999999992,172.55000000000499,25.450000000005787,True,True,False,0.0,False,False,9.627713694274766,3.3
Hybrid ML Controller,2026023,b2e9ee4cf3cbf449,seed-2026023-scenario-00009,pedestrian,pedestrian,sim-001eea27-pedestrian-00009,sim-001eea27-pedestrian-00009,False,864.7972144319806,True,True,116.34999999999553,137.69999999999706,21.35000000000153,True,True,False,0.1,False,False,7.5677621548376885,5.925000000000001
Hybrid ML Controller,2026023,b2e9ee4cf3cbf449,seed-2026023-scenario-00010,slow_car,slow_car,sim-001eea27-slow-car-00010,sim-001eea27-slow-car-00010,False,965.3852582635416,True,True,168.15000000000398,180.40000000000677,12.250000000002785,True,True,False,0.0,False,False,,3.625
Hybrid ML Controller,2026023,b2e9ee4cf3cbf449,seed-2026023-scenario-00011,truck,truck,sim-001eea27-truck-00011,sim-001eea27-truck-00011,False,1039.181366174329,True,True,146.79999999999913,172.25000000000492,25.450000000005787,True,True,False,0.0,False,False,8.695884763349282,3.3
Hybrid ML Controller,2026023,b2e9ee4cf3cbf449,seed-2026023-scenario-00012,slow_car,slow_car,sim-001eea27-slow-car-00012,sim-001eea27-slow-car-00012,False,1121.0302507375836,True,True,165.50000000000338,178.85000000000642,13.350000000003035,True,True,False,0.0,False,False,,3.625
Hybrid ML Controller,2026023,b2e9ee4cf3cbf449,seed-2026023-scenario-00013,stopped_car,stopped_car,sim-001eea27-stopped-car-00013,sim-001eea27-stopped-car-00013,False,1218.9988262222016,True,True,163.90000000000302,172.55000000000499,8.650000000001967,True,True,False,0.0,False,False,,3.625
Hybrid ML Controller,2026023,b2e9ee4cf3cbf449,seed-2026023-scenario-00014,truck,mixed,sim-001eea27-truck-00014,sim-001eea27-truck-00014|sim-001eea27-left-traffic-00014,True,1300.438545653195,True,True,174.8500000000055,184.40000000000768,9.550000000002171,True,True,False,0.0,False,False,0.011767271482946639,-1.875
Hybrid ML Controller,2026023,b2e9ee4cf3cbf449,seed-2026023-scenario-00015,slow_car,slow_car,sim-001eea27-slow-car-00015,sim-001eea27-slow-car-00015,False,1369.0355878858625,True,True,180.20000000000672,215.7000000000148,35.50000000000807,True,False,True,0.0,True,True,0.7569268754075295,1.1447302164677664
Hybrid ML Controller,2026023,b2e9ee4cf3cbf449,seed-2026023-scenario-00016,pedestrian,pedestrian,sim-001eea27-pedestrian-00016,sim-001eea27-pedestrian-00016,False,1448.4305568434665,True,True,182.7500000000073,201.40000000001154,18.65000000000424,True,True,False,0.1,False,False,,0.42500000000000027
Hybrid ML Controller,2026023,b2e9ee4cf3cbf449,seed-2026023-scenario-00018,slow_car,slow_car,sim-001eea27-slow-car-00018,sim-001eea27-slow-car-00018,False,1647.6820930423999,True,True,216.2000000000149,255.00000000002373,38.80000000000882,True,True,False,1.5500000000000007,False,False,,3.625
Hybrid ML Controller,2026023,b2e9ee4cf3cbf449,seed-2026023-scenario-00019,slow_car,slow_car,sim-001eea27-slow-car-00019,sim-001eea27-slow-car-00019,False,1747.3630524765197,True,True,225.350000000017,256.8500000000241,31.500000000007134,True,True,False,0.0,False,False,,3.625
Hybrid ML Controller,2026023,b2e9ee4cf3cbf449,seed-2026023-scenario-00020,pedestrian,pedestrian,sim-001eea27-pedestrian-00020,sim-001eea27-pedestrian-00020,False,1831.4910229155166,True,True,227.1000000000174,245.70000000002162,18.60000000000423,True,True,False,0.1,False,False,,0.42500000000000027
Hybrid ML Controller,2026023,b2e9ee4cf3cbf449,seed-2026023-scenario-00021,truck,mixed,sim-001eea27-truck-00021,sim-001eea27-truck-00021|sim-001eea27-left-traffic-00021,True,1935.1228548142667,True,True,258.9500000000246,288.60000000003134,29.65000000000674,True,True,False,1.7000000000000008,False,False,23.10346127481258,3.3
Hybrid ML Controller,2026023,b2e9ee4cf3cbf449,seed-2026023-scenario-00022,slow_car,mixed,sim-001eea27-slow-car-00022,sim-001eea27-slow-car-00022|sim-001eea27-left-traffic-00022,True,2008.6570715854918,True,True,255.15000000002377,283.6500000000302,28.50000000000645,True,True,False,0.0,True,True,12.597760694028574,3.625
Hybrid ML Controller,2026023,b2e9ee4cf3cbf449,seed-2026023-scenario-00024,truck,mixed,sim-001eea27-truck-00024,sim-001eea27-truck-00024|sim-001eea27-left-traffic-00024,True,2179.4507158593246,True,False,287.000000000031,,,False,False,False,0.0,False,False,34.40538714520547,39.945413709076256
Hybrid ML Controller,2026023,b2e9ee4cf3cbf449,seed-2026023-scenario-00025,truck,truck,sim-001eea27-truck-00025,sim-001eea27-truck-00025,False,2261.821959076515,True,False,284.70000000003046,,,False,False,False,0.0,False,False,,11.877463757443465
Hybrid ML Controller,2026023,b2e9ee4cf3cbf449,seed-2026023-scenario-00026,pedestrian,pedestrian,sim-001eea27-pedestrian-00026,sim-001eea27-pedestrian-00026,False,2337.2325475994044,True,False,286.85000000003095,,,False,False,False,0.0,False,False,,5.075448857659467
Hybrid ML Controller,2026023,b2e9ee4cf3cbf449,seed-2026023-scenario-00027,truck,truck,sim-001eea27-truck-00027,sim-001eea27-truck-00027,False,2432.6772587135474,False,False,,,,False,False,False,0.0,False,False,,
Hybrid ML Controller,2026023,b2e9ee4cf3cbf449,seed-2026023-scenario-00028,slow_car,mixed,sim-001eea27-slow-car-00028,sim-001eea27-slow-car-00028|sim-001eea27-left-traffic-00028,True,2514.402852413432,False,False,,,,False,False,False,0.0,False,False,,
Hybrid ML Controller,2026023,b2e9ee4cf3cbf449,seed-2026023-scenario-00029,stopped_car,stopped_car,sim-001eea27-stopped-car-00029,sim-001eea27-stopped-car-00029,False,2614.8073303892597,False,False,,,,False,False,False,0.0,False,False,,
Hybrid ML Controller,2026023,b2e9ee4cf3cbf449,seed-2026023-scenario-00030,slow_car,slow_car,sim-001eea27-slow-car-00030,sim-001eea27-slow-car-00030,False,2717.5960028364957,False,False,,,,False,False,False,0.0,False,False,,
Hybrid ML Controller,2026023,b2e9ee4cf3cbf449,seed-2026023-scenario-00031,slow_car,slow_car,sim-001eea27-slow-car-00031,sim-001eea27-slow-car-00031,False,2824.5528776492974,False,False,,,,False,False,False,0.0,False,False,,
Hybrid ML Controller,2026023,b2e9ee4cf3cbf449,seed-2026023-scenario-00032,stopped_car,stopped_car,sim-001eea27-stopped-car-00032,sim-001eea27-stopped-car-00032,False,2901.6531354470476,False,False,,,,False,False,False,0.0,False,False,,
Hybrid ML Controller,2026023,b2e9ee4cf3cbf449,seed-2026023-scenario-00033,pedestrian,pedestrian,sim-001eea27-pedestrian-00033,sim-001eea27-pedestrian-00033,False,3001.9996294158304,False,False,,,,False,False,False,0.0,False,False,,
Hybrid ML Controller,2026023,b2e9ee4cf3cbf449,seed-2026023-scenario-00034,slow_car,slow_car,sim-001eea27-slow-car-00034,sim-001eea27-slow-car-00034,False,3079.731415280749,False,False,,,,False,False,False,0.0,False,False,,
Hybrid ML Controller,2026023,b2e9ee4cf3cbf449,seed-2026023-scenario-00035,truck,truck,sim-001eea27-truck-00035,sim-001eea27-truck-00035,False,3182.095968834458,False,False,,,,False,False,False,0.0,False,False,,
Hybrid ML Controller,2026023,b2e9ee4cf3cbf449,seed-2026023-scenario-00036,stopped_car,mixed,sim-001eea27-stopped-car-00036,sim-001eea27-stopped-car-00036|sim-001eea27-left-traffic-00036,True,3252.016391841053,False,False,,,,False,False,False,0.0,False,False,,
Hybrid ML Controller,2026023,b2e9ee4cf3cbf449,seed-2026023-scenario-00037,truck,mixed,sim-001eea27-truck-00037,sim-001eea27-truck-00037|sim-001eea27-left-traffic-00037,True,3356.1425516569366,False,False,,,,False,False,False,0.0,False,False,,
Hybrid ML Controller,2026023,b2e9ee4cf3cbf449,seed-2026023-scenario-00038,stopped_car,mixed,sim-001eea27-stopped-car-00038,sim-001eea27-stopped-car-00038|sim-001eea27-left-traffic-00038,True,3461.9112904567814,False,False,,,,False,False,False,0.0,False,False,,
Hybrid ML Controller,2026023,b2e9ee4cf3cbf449,seed-2026023-scenario-00039,pedestrian,pedestrian,sim-001eea27-pedestrian-00039,sim-001eea27-pedestrian-00039,False,3557.134793234295,False,False,,,,False,False,False,0.0,False,False,,
Hybrid ML Controller,2026023,b2e9ee4cf3cbf449,seed-2026023-scenario-00040,slow_car,mixed,sim-001eea27-slow-car-00040,sim-001eea27-slow-car-00040|sim-001eea27-left-traffic-00040,True,3644.900000130395,False,False,,,,False,False,False,0.0,False,False,,
Hybrid ML Controller,2026023,b2e9ee4cf3cbf449,seed-2026023-scenario-00041,stopped_car,stopped_car,sim-001eea27-stopped-car-00041,sim-001eea27-stopped-car-00041,False,3734.5896846850906,False,False,,,,False,False,False,0.0,False,False,,
Hybrid ML Controller,2026023,b2e9ee4cf3cbf449,seed-2026023-scenario-00042,slow_car,mixed,sim-001eea27-slow-car-00042,sim-001eea27-slow-car-00042|sim-001eea27-left-traffic-00042,True,3803.820026685867,False,False,,,,False,False,False,0.0,False,False,,
Hybrid ML Controller,2026023,b2e9ee4cf3cbf449,seed-2026023-scenario-00043,pedestrian,pedestrian,sim-001eea27-pedestrian-00043,sim-001eea27-pedestrian-00043,False,3875.247396068643,False,False,,,,False,False,False,0.0,False,False,,
Hybrid ML Controller,2026023,b2e9ee4cf3cbf449,seed-2026023-scenario-00044,stopped_car,stopped_car,sim-001eea27-stopped-car-00044,sim-001eea27-stopped-car-00044,False,3980.1542270130694,False,False,,,,False,False,False,0.0,False,False,,
Hybrid ML Controller,2026023,b2e9ee4cf3cbf449,seed-2026023-scenario-00045,truck,truck,sim-001eea27-truck-00045,sim-001eea27-truck-00045,False,4069.1290576125457,False,False,,,,False,False,False,0.0,False,False,,
Hybrid ML Controller,2026023,b2e9ee4cf3cbf449,seed-2026023-scenario-00046,pedestrian,pedestrian,sim-001eea27-pedestrian-00046,sim-001eea27-pedestrian-00046,False,4176.641239855098,False,False,,,,False,False,False,0.0,False,False,,
Rule Controller,2026024,eccd46ee998c0eea,seed-2026024-scenario-00000,pedestrian,pedestrian,sim-001eea28-pedestrian-00000,sim-001eea28-pedestrian-00000,False,72.20121415555955,True,True,0.05,20.75000000000016,20.70000000000016,True,True,False,0.1,False,False,4.899323239768291,5.925000000000001
Rule Controller,2026024,eccd46ee998c0eea,seed-2026024-scenario-00001,stopped_car,mixed,sim-001eea28-stopped-car-00001,sim-001eea28-stopped-car-00001|sim-001eea28-left-traffic-00001,True,148.68985313433936,True,True,19.100000000000136,26.40000000000024,7.300000000000104,True,True,False,0.0,True,True,2.031143032230638,2.6831227154657977
Rule Controller,2026024,eccd46ee998c0eea,seed-2026024-scenario-00002,stopped_car,mixed,sim-001eea28-stopped-car-00002,sim-001eea28-stopped-car-00002|sim-001eea28-left-traffic-00002,True,244.4399022601387,True,True,27.00000000000025,38.69999999999994,11.69999999999969,True,False,True,2.499999999999999,True,True,0.582324007165651,1.1439181545667119
Rule Controller,2026024,eccd46ee998c0eea,seed-2026024-scenario-00003,truck,truck,sim-001eea28-truck-00003,sim-001eea28-truck-00003,False,342.92954269557083,True,True,46.19999999999951,74.09999999999793,27.89999999999842,True,True,False,2.8999999999999977,True,True,4.203235869402261,3.1229310250688203
Rule Controller,2026024,eccd46ee998c0eea,seed-2026024-scenario-00004,slow_car,mixed,sim-001eea28-slow-car-00004,sim-001eea28-slow-car-00004|sim-001eea28-left-traffic-00004,True,431.775550393653,True,True,48.54999999999938,74.44999999999791,25.899999999998535,True,True,False,0.65,False,False,6.218594250593523,1.8625154132595794
Rule Controller,2026024,eccd46ee998c0eea,seed-2026024-scenario-00005,pedestrian,pedestrian,sim-001eea28-pedestrian-00005,sim-001eea28-pedestrian-00005,False,502.8541057556424,True,True,51.599999999999206,68.84999999999823,17.249999999999027,True,True,False,0.1,False,False,,0.42500000000000027
Rule Controller,2026024,eccd46ee998c0eea,seed-2026024-scenario-00006,truck,truck,sim-001eea28-truck-00006,sim-001eea28-truck-00006,False,598.1970631089682,True,True,79.8499999999976,,,False,False,False,0.5499999999999999,True,False,2.6082310536080353,3.3
Rule Controller,2026024,eccd46ee998c0eea,seed-2026024-scenario-00008,stopped_car,stopped_car,sim-001eea28-stopped-car-00008,sim-001eea28-stopped-car-00008,False,780.2503277632234,True,True,82.64999999999745,100.29999999999644,17.649999999998997,True,False,True,8.199999999999982,True,True,0.670864864317824,1.1999999999999549
Rule Controller,2026024,eccd46ee998c0eea,seed-2026024-scenario-00009,pedestrian,pedestrian,sim-001eea28-pedestrian-00009,sim-001eea28-pedestrian-00009,False,865.0704370950685,True,True,99.99999999999646,117.69999999999546,17.699999999998994,True,True,False,0.1,False,False,3.730897588019302,5.28010933184521
Rule Controller,2026024,eccd46ee998c0eea,seed-2026024-scenario-00010,slow_car,mixed,sim-001eea28-slow-car-00010,sim-001eea28-slow-car-00010|sim-001eea28-left-traffic-00010,True,956.1800810458454,True,True,175.55000000000567,,,False,False,False,0.0,False,False,5.275438016342059,3.625
Rule Controller,2026024,eccd46ee998c0eea,seed-2026024-scenario-00011,slow_car,slow_car,sim-001eea28-slow-car-00011,sim-001eea28-slow-car-00011,False,1027.7771866958813,True,True,146.34999999999903,274.000000000028,127.650000000029,True,True,False,0.0,True,True,2.64932610428748,3.625
Rule Controller,2026024,eccd46ee998c0eea,seed-2026024-scenario-00012,truck,truck,sim-001eea28-truck-00012,sim-001eea28-truck-00012,False,1104.2944995830228,True,True,248.90000000002235,269.30000000002696,20.40000000000461,True,True,False,0.0,False,False,20.69123068858897,3.0193676104485228
Rule Controller,2026024,eccd46ee998c0eea,seed-2026024-scenario-00013,stopped_car,mixed,sim-001eea28-stopped-car-00013,sim-001eea28-stopped-car-00013|sim-001eea28-left-traffic-00013,True,1189.7455598946133,True,True,150.80000000000004,171.65000000000478,20.85000000000474,True,True,False,0.8000000000000002,True,True,3.496436601521623,3.1372149975864567
Rule Controller,2026024,eccd46ee998c0eea,seed-2026024-scenario-00014,slow_car,mixed,sim-001eea28-slow-car-00014,sim-001eea28-slow-car-00014|sim-001eea28-left-traffic-00014,True,1281.705093481989,False,False,,,,False,False,False,0.0,False,False,,
Rule Controller,2026024,eccd46ee998c0eea,seed-2026024-scenario-00015,slow_car,slow_car,sim-001eea28-slow-car-00015,sim-001eea28-slow-car-00015,False,1364.5867566323484,True,True,240.7500000000205,,,False,False,False,0.0,False,False,13.29463823635936,24.125934953545517
Rule Controller,2026024,eccd46ee998c0eea,seed-2026024-scenario-00016,slow_car,mixed,sim-001eea28-slow-car-00016,sim-001eea28-slow-car-00016|sim-001eea28-left-traffic-00016,True,1439.2249493791055,True,False,273.4000000000279,,,False,False,False,0.0,False,False,,48.69610335663856
Rule Controller,2026024,eccd46ee998c0eea,seed-2026024-scenario-00017,pedestrian,pedestrian,sim-001eea28-pedestrian-00017,sim-001eea28-pedestrian-00017,False,1526.8147070786354,True,True,211.40000000001382,234.55000000001908,23.150000000005264,True,True,False,0.1,False,False,5.709848928403973,5.925000000000001
Rule Controller,2026024,eccd46ee998c0eea,seed-2026024-scenario-00019,pedestrian,pedestrian,sim-001eea28-pedestrian-00019,sim-001eea28-pedestrian-00019,False,1712.921356966206,True,True,243.000000000021,267.3000000000265,24.300000000005497,True,True,False,0.1,False,False,5.15536231065542,1.6816054560947182
Rule Controller,2026024,eccd46ee998c0eea,seed-2026024-scenario-00020,slow_car,slow_car,sim-001eea28-slow-car-00020,sim-001eea28-slow-car-00020,False,1819.4388194608557,False,False,,,,False,False,False,0.0,False,False,,
Rule Controller,2026024,eccd46ee998c0eea,seed-2026024-scenario-00021,stopped_car,mixed,sim-001eea28-stopped-car-00021,sim-001eea28-stopped-car-00021|sim-001eea28-left-traffic-00021,True,1919.5965456798745,True,False,278.250000000029,294.5500000000327,16.300000000003706,True,False,False,0.0,False,False,,3.625
Rule Controller,2026024,eccd46ee998c0eea,seed-2026024-scenario-00022,truck,truck,sim-001eea28-truck-00022,sim-001eea28-truck-00022,False,1990.6876142374542,False,False,,,,False,False,False,0.0,False,False,,
Rule Controller,2026024,eccd46ee998c0eea,seed-2026024-scenario-00023,slow_car,mixed,sim-001eea28-slow-car-00023,sim-001eea28-slow-car-00023|sim-001eea28-left-traffic-00023,True,2089.744335424431,False,False,,,,False,False,False,0.0,False,False,,
Rule Controller,2026024,eccd46ee998c0eea,seed-2026024-scenario-00024,pedestrian,pedestrian,sim-001eea28-pedestrian-00024,sim-001eea28-pedestrian-00024,False,2169.0699052256386,False,False,,,,False,False,False,0.0,False,False,,
Rule Controller,2026024,eccd46ee998c0eea,seed-2026024-scenario-00025,stopped_car,stopped_car,sim-001eea28-stopped-car-00025,sim-001eea28-stopped-car-00025,False,2253.4321841587966,False,False,,,,False,False,False,0.0,False,False,,
Rule Controller,2026024,eccd46ee998c0eea,seed-2026024-scenario-00027,stopped_car,stopped_car,sim-001eea28-stopped-car-00027,sim-001eea28-stopped-car-00027,False,2397.3433659045595,False,False,,,,False,False,False,0.0,False,False,,
Rule Controller,2026024,eccd46ee998c0eea,seed-2026024-scenario-00028,stopped_car,stopped_car,sim-001eea28-stopped-car-00028,sim-001eea28-stopped-car-00028,False,2505.103777227196,False,False,,,,False,False,False,0.0,False,False,,
Rule Controller,2026024,eccd46ee998c0eea,seed-2026024-scenario-00029,truck,truck,sim-001eea28-truck-00029,sim-001eea28-truck-00029,False,2607.3197385778876,False,False,,,,False,False,False,0.0,False,False,,
Rule Controller,2026024,eccd46ee998c0eea,seed-2026024-scenario-00030,stopped_car,mixed,sim-001eea28-stopped-car-00030,sim-001eea28-stopped-car-00030|sim-001eea28-left-traffic-00030,True,2684.264514414587,False,False,,,,False,False,False,0.0,False,False,,
Rule Controller,2026024,eccd46ee998c0eea,seed-2026024-scenario-00031,pedestrian,pedestrian,sim-001eea28-pedestrian-00031,sim-001eea28-pedestrian-00031,False,2769.4097588671016,False,False,,,,False,False,False,0.0,False,False,,
Rule Controller,2026024,eccd46ee998c0eea,seed-2026024-scenario-00032,pedestrian,pedestrian,sim-001eea28-pedestrian-00032,sim-001eea28-pedestrian-00032,False,2845.4563324182786,False,False,,,,False,False,False,0.0,False,False,,
Rule Controller,2026024,eccd46ee998c0eea,seed-2026024-scenario-00033,truck,mixed,sim-001eea28-truck-00033,sim-001eea28-truck-00033|sim-001eea28-left-traffic-00033,True,2943.023519982333,False,False,,,,False,False,False,0.0,False,False,,
Rule Controller,2026024,eccd46ee998c0eea,seed-2026024-scenario-00034,slow_car,slow_car,sim-001eea28-slow-car-00034,sim-001eea28-slow-car-00034,False,3034.9673360885295,False,False,,,,False,False,False,0.0,False,False,,
Rule Controller,2026024,eccd46ee998c0eea,seed-2026024-scenario-00035,truck,mixed,sim-001eea28-truck-00035,sim-001eea28-truck-00035|sim-001eea28-left-traffic-00035,True,3135.60204367187,False,False,,,,False,False,False,0.0,False,False,,
Rule Controller,2026024,eccd46ee998c0eea,seed-2026024-scenario-00036,stopped_car,mixed,sim-001eea28-stopped-car-00036,sim-001eea28-stopped-car-00036|sim-001eea28-left-traffic-00036,True,3227.212380983724,False,False,,,,False,False,False,0.0,False,False,,
Rule Controller,2026024,eccd46ee998c0eea,seed-2026024-scenario-00037,truck,mixed,sim-001eea28-truck-00037,sim-001eea28-truck-00037|sim-001eea28-left-traffic-00037,True,3318.983989306108,False,False,,,,False,False,False,0.0,False,False,,
Rule Controller,2026024,eccd46ee998c0eea,seed-2026024-scenario-00038,slow_car,mixed,sim-001eea28-slow-car-00038,sim-001eea28-slow-car-00038|sim-001eea28-left-traffic-00038,True,3419.625228740071,False,False,,,,False,False,False,0.0,False,False,,
Rule Controller,2026024,eccd46ee998c0eea,seed-2026024-scenario-00039,stopped_car,stopped_car,sim-001eea28-stopped-car-00039,sim-001eea28-stopped-car-00039,False,3518.402300302768,False,False,,,,False,False,False,0.0,False,False,,
Rule Controller,2026024,eccd46ee998c0eea,seed-2026024-scenario-00040,stopped_car,mixed,sim-001eea28-stopped-car-00040,sim-001eea28-stopped-car-00040|sim-001eea28-left-traffic-00040,True,3608.3105452862865,False,False,,,,False,False,False,0.0,False,False,,
Rule Controller,2026024,eccd46ee998c0eea,seed-2026024-scenario-00041,pedestrian,pedestrian,sim-001eea28-pedestrian-00041,sim-001eea28-pedestrian-00041,False,3677.6819803726053,False,False,,,,False,False,False,0.0,False,False,,
Rule Controller,2026024,eccd46ee998c0eea,seed-2026024-scenario-00042,slow_car,mixed,sim-001eea28-slow-car-00042,sim-001eea28-slow-car-00042|sim-001eea28-left-traffic-00042,True,3774.4193910905306,False,False,,,,False,False,False,0.0,False,False,,
Rule Controller,2026024,eccd46ee998c0eea,seed-2026024-scenario-00043,pedestrian,pedestrian,sim-001eea28-pedestrian-00043,sim-001eea28-pedestrian-00043,False,3877.851081237581,False,False,,,,False,False,False,0.0,False,False,,
Rule Controller,2026024,eccd46ee998c0eea,seed-2026024-scenario-00044,stopped_car,stopped_car,sim-001eea28-stopped-car-00044,sim-001eea28-stopped-car-00044,False,3956.20341581104,False,False,,,,False,False,False,0.0,False,False,,
Rule Controller,2026024,eccd46ee998c0eea,seed-2026024-scenario-00045,slow_car,slow_car,sim-001eea28-slow-car-00045,sim-001eea28-slow-car-00045,False,4028.0438076756755,False,False,,,,False,False,False,0.0,False,False,,
Rule Controller,2026024,eccd46ee998c0eea,seed-2026024-scenario-00046,truck,truck,sim-001eea28-truck-00046,sim-001eea28-truck-00046,False,4122.850699834816,False,False,,,,False,False,False,0.0,False,False,,
Rule Controller,2026024,eccd46ee998c0eea,seed-2026024-scenario-00047,slow_car,slow_car,sim-001eea28-slow-car-00047,sim-001eea28-slow-car-00047,False,4216.829587676897,False,False,,,,False,False,False,0.0,False,False,,
Rule Controller,2026024,eccd46ee998c0eea,seed-2026024-scenario-00049,slow_car,slow_car,sim-001eea28-slow-car-00049,sim-001eea28-slow-car-00049,False,4385.926083924283,False,False,,,,False,False,False,0.0,False,False,,
Hybrid ML Controller,2026024,eccd46ee998c0eea,seed-2026024-scenario-00000,pedestrian,pedestrian,sim-001eea28-pedestrian-00000,sim-001eea28-pedestrian-00000,False,72.20121415555955,True,True,0.05,20.300000000000153,20.250000000000153,True,True,False,0.1,False,False,1.9453268323931563,1.7362141555597645
Hybrid ML Controller,2026024,eccd46ee998c0eea,seed-2026024-scenario-00001,stopped_car,mixed,sim-001eea28-stopped-car-00001,sim-001eea28-stopped-car-00001|sim-001eea28-left-traffic-00001,True,148.68985313433936,True,True,18.300000000000125,27.450000000000255,9.15000000000013,True,True,False,0.0,True,True,3.230810983916472,-1.875
Hybrid ML Controller,2026024,eccd46ee998c0eea,seed-2026024-scenario-00002,stopped_car,mixed,sim-001eea28-stopped-car-00002,sim-001eea28-stopped-car-00002|sim-001eea28-left-traffic-00002,True,244.4399022601387,True,True,28.150000000000265,34.40000000000018,6.249999999999918,True,True,False,0.0,False,False,9.157343112109968,-1.875
Hybrid ML Controller,2026024,eccd46ee998c0eea,seed-2026024-scenario-00003,truck,truck,sim-001eea28-truck-00003,sim-001eea28-truck-00003,False,342.92954269557083,True,True,37.79999999999999,53.24999999999911,15.449999999999122,True,True,False,2.2,False,False,,3.3
Hybrid ML Controller,2026024,eccd46ee998c0eea,seed-2026024-scenario-00004,slow_car,mixed,sim-001eea28-slow-car-00004,sim-001eea28-slow-car-00004|sim-001eea28-left-traffic-00004,True,431.775550393653,True,True,43.74999999999965,74.14999999999793,30.39999999999828,True,True,False,0.0,False,False,0.7608098607430855,0.19686893251408988
Hybrid ML Controller,2026024,eccd46ee998c0eea,seed-2026024-scenario-00005,pedestrian,pedestrian,sim-001eea28-pedestrian-00005,sim-001eea28-pedestrian-00005,False,502.8541057556424,True,True,48.249999999999396,67.04999999999833,18.79999999999894,True,True,False,0.1,False,False,,0.42500000000000027
Hybrid ML Controller,2026024,eccd46ee998c0eea,seed-2026024-scenario-00006,truck,truck,sim-001eea28-truck-00006,sim-001eea28-truck-00006,False,598.1970631089682,True,True,78.1499999999977,,,False,False,False,0.7000000000000001,True,False,1.9301761215011652,3.3
Hybrid ML Controller,2026024,eccd46ee998c0eea,seed-2026024-scenario-00008,stopped_car,stopped_car,sim-001eea28-stopped-car-00008,sim-001eea28-stopped-car-00008,False,780.2503277632234,True,True,80.84999999999755,98.34999999999656,17.499999999999005,True,False,True,8.299999999999983,True,False,0.5097898077927631,1.1565072416549367
Hybrid ML Controller,2026024,eccd46ee998c0eea,seed-2026024-scenario-00009,pedestrian,pedestrian,sim-001eea28-pedestrian-00009,sim-001eea28-pedestrian-00009,False,865.0704370950685,True,True,98.04999999999657,119.99999999999532,21.949999999998752,True,True,False,3.049999999999997,False,False,12.081221552723125,5.925000000000001
Hybrid ML Controller,2026024,eccd46ee998c0eea,seed-2026024-scenario-00010,slow_car,mixed,sim-001eea28-slow-car-00010,sim-001eea28-slow-car-00010|sim-001eea28-left-traffic-00010,True,956.1800810458454,True,True,161.05000000000237,,,False,False,False,0.0,False,False,23.39922113992968,3.625
Hybrid ML Controller,2026024,eccd46ee998c0eea,seed-2026024-scenario-00011,slow_car,slow_car,sim-001eea28-slow-car-00011,sim-001eea28-slow-car-00011,False,1027.7771866958813,True,True,127.99999999999487,276.6000000000286,148.60000000003373,True,True,False,0.0,True,True,9.056258151636301,3.625
Hybrid ML Controller,2026024,eccd46ee998c0eea,seed-2026024-scenario-00012,truck,truck,sim-001eea28-truck-00012,sim-001eea28-truck-00012,False,1104.2944995830228,True,True,251.85000000002302,271.1500000000274,19.30000000000436,True,True,False,0.0,False,False,,3.3
Hybrid ML Controller,2026024,eccd46ee998c0eea,seed-2026024-scenario-00013,stopped_car,mixed,sim-001eea28-stopped-car-00013,sim-001eea28-stopped-car-00013|sim-001eea28-left-traffic-00013,True,1189.7455598946133,True,True,148.94999999999962,164.35000000000312,15.400000000003502,True,True,False,0.0,False,False,,-1.875
Hybrid ML Controller,2026024,eccd46ee998c0eea,seed-2026024-scenario-00014,slow_car,mixed,sim-001eea28-slow-car-00014,sim-001eea28-slow-car-00014|sim-001eea28-left-traffic-00014,True,1281.705093481989,False,False,,,,False,False,False,0.0,False,False,,
Hybrid ML Controller,2026024,eccd46ee998c0eea,seed-2026024-scenario-00015,slow_car,slow_car,sim-001eea28-slow-car-00015,sim-001eea28-slow-car-00015,False,1364.5867566323484,True,False,278.60000000002907,,,False,False,False,0.0,False,False,,37.41521706625846
Hybrid ML Controller,2026024,eccd46ee998c0eea,seed-2026024-scenario-00016,slow_car,mixed,sim-001eea28-slow-car-00016,sim-001eea28-slow-car-00016|sim-001eea28-left-traffic-00016,True,1439.2249493791055,True,False,282.45000000002995,,,False,False,False,0.0,False,False,,48.45072831682285
Hybrid ML Controller,2026024,eccd46ee998c0eea,seed-2026024-scenario-00017,pedestrian,pedestrian,sim-001eea28-pedestrian-00017,sim-001eea28-pedestrian-00017,False,1526.8147070786354,True,True,208.3000000000131,231.45000000001838,23.150000000005264,True,True,False,0.1,False,False,,0.42500000000000027
Hybrid ML Controller,2026024,eccd46ee998c0eea,seed-2026024-scenario-00019,pedestrian,pedestrian,sim-001eea28-pedestrian-00019,sim-001eea28-pedestrian-00019,False,1712.921356966206,True,True,248.6500000000223,269.0500000000269,20.40000000000461,True,True,False,0.1,False,False,,0.42500000000000027
Hybrid ML Controller,2026024,eccd46ee998c0eea,seed-2026024-scenario-00020,slow_car,slow_car,sim-001eea28-slow-car-00020,sim-001eea28-slow-car-00020,False,1819.4388194608557,False,False,,,,False,False,False,0.0,False,False,,
Hybrid ML Controller,2026024,eccd46ee998c0eea,seed-2026024-scenario-00021,stopped_car,mixed,sim-001eea28-stopped-car-00021,sim-001eea28-stopped-car-00021|sim-001eea28-left-traffic-00021,True,1919.5965456798745,True,False,280.1000000000294,292.95000000003233,12.850000000002922,True,False,False,0.0,False,False,,3.625
Hybrid ML Controller,2026024,eccd46ee998c0eea,seed-2026024-scenario-00022,truck,truck,sim-001eea28-truck-00022,sim-001eea28-truck-00022,False,1990.6876142374542,False,False,,,,False,False,False,0.0,False,False,,
Hybrid ML Controller,2026024,eccd46ee998c0eea,seed-2026024-scenario-00023,slow_car,mixed,sim-001eea28-slow-car-00023,sim-001eea28-slow-car-00023|sim-001eea28-left-traffic-00023,True,2089.744335424431,False,False,,,,False,False,False,0.0,False,False,,
Hybrid ML Controller,2026024,eccd46ee998c0eea,seed-2026024-scenario-00024,pedestrian,pedestrian,sim-001eea28-pedestrian-00024,sim-001eea28-pedestrian-00024,False,2169.0699052256386,False,False,,,,False,False,False,0.0,False,False,,
Hybrid ML Controller,2026024,eccd46ee998c0eea,seed-2026024-scenario-00025,stopped_car,stopped_car,sim-001eea28-stopped-car-00025,sim-001eea28-stopped-car-00025,False,2253.4321841587966,False,False,,,,False,False,False,0.0,False,False,,
Hybrid ML Controller,2026024,eccd46ee998c0eea,seed-2026024-scenario-00027,stopped_car,stopped_car,sim-001eea28-stopped-car-00027,sim-001eea28-stopped-car-00027,False,2397.3433659045595,False,False,,,,False,False,False,0.0,False,False,,
Hybrid ML Controller,2026024,eccd46ee998c0eea,seed-2026024-scenario-00028,stopped_car,stopped_car,sim-001eea28-stopped-car-00028,sim-001eea28-stopped-car-00028,False,2505.103777227196,False,False,,,,False,False,False,0.0,False,False,,
Hybrid ML Controller,2026024,eccd46ee998c0eea,seed-2026024-scenario-00029,truck,truck,sim-001eea28-truck-00029,sim-001eea28-truck-00029,False,2607.3197385778876,False,False,,,,False,False,False,0.0,False,False,,
Hybrid ML Controller,2026024,eccd46ee998c0eea,seed-2026024-scenario-00030,stopped_car,mixed,sim-001eea28-stopped-car-00030,sim-001eea28-stopped-car-00030|sim-001eea28-left-traffic-00030,True,2684.264514414587,False,False,,,,False,False,False,0.0,False,False,,
Hybrid ML Controller,2026024,eccd46ee998c0eea,seed-2026024-scenario-00031,pedestrian,pedestrian,sim-001eea28-pedestrian-00031,sim-001eea28-pedestrian-00031,False,2769.4097588671016,False,False,,,,False,False,False,0.0,False,False,,
Hybrid ML Controller,2026024,eccd46ee998c0eea,seed-2026024-scenario-00032,pedestrian,pedestrian,sim-001eea28-pedestrian-00032,sim-001eea28-pedestrian-00032,False,2845.4563324182786,False,False,,,,False,False,False,0.0,False,False,,
Hybrid ML Controller,2026024,eccd46ee998c0eea,seed-2026024-scenario-00033,truck,mixed,sim-001eea28-truck-00033,sim-001eea28-truck-00033|sim-001eea28-left-traffic-00033,True,2943.023519982333,False,False,,,,False,False,False,0.0,False,False,,
Hybrid ML Controller,2026024,eccd46ee998c0eea,seed-2026024-scenario-00034,slow_car,slow_car,sim-001eea28-slow-car-00034,sim-001eea28-slow-car-00034,False,3034.9673360885295,False,False,,,,False,False,False,0.0,False,False,,
Hybrid ML Controller,2026024,eccd46ee998c0eea,seed-2026024-scenario-00035,truck,mixed,sim-001eea28-truck-00035,sim-001eea28-truck-00035|sim-001eea28-left-traffic-00035,True,3135.60204367187,False,False,,,,False,False,False,0.0,False,False,,
Hybrid ML Controller,2026024,eccd46ee998c0eea,seed-2026024-scenario-00036,stopped_car,mixed,sim-001eea28-stopped-car-00036,sim-001eea28-stopped-car-00036|sim-001eea28-left-traffic-00036,True,3227.212380983724,False,False,,,,False,False,False,0.0,False,False,,
Hybrid ML Controller,2026024,eccd46ee998c0eea,seed-2026024-scenario-00037,truck,mixed,sim-001eea28-truck-00037,sim-001eea28-truck-00037|sim-001eea28-left-traffic-00037,True,3318.983989306108,False,False,,,,False,False,False,0.0,False,False,,
Hybrid ML Controller,2026024,eccd46ee998c0eea,seed-2026024-scenario-00038,slow_car,mixed,sim-001eea28-slow-car-00038,sim-001eea28-slow-car-00038|sim-001eea28-left-traffic-00038,True,3419.625228740071,False,False,,,,False,False,False,0.0,False,False,,
Hybrid ML Controller,2026024,eccd46ee998c0eea,seed-2026024-scenario-00039,stopped_car,stopped_car,sim-001eea28-stopped-car-00039,sim-001eea28-stopped-car-00039,False,3518.402300302768,False,False,,,,False,False,False,0.0,False,False,,
Hybrid ML Controller,2026024,eccd46ee998c0eea,seed-2026024-scenario-00040,stopped_car,mixed,sim-001eea28-stopped-car-00040,sim-001eea28-stopped-car-00040|sim-001eea28-left-traffic-00040,True,3608.3105452862865,False,False,,,,False,False,False,0.0,False,False,,
Hybrid ML Controller,2026024,eccd46ee998c0eea,seed-2026024-scenario-00041,pedestrian,pedestrian,sim-001eea28-pedestrian-00041,sim-001eea28-pedestrian-00041,False,3677.6819803726053,False,False,,,,False,False,False,0.0,False,False,,
Hybrid ML Controller,2026024,eccd46ee998c0eea,seed-2026024-scenario-00042,slow_car,mixed,sim-001eea28-slow-car-00042,sim-001eea28-slow-car-00042|sim-001eea28-left-traffic-00042,True,3774.4193910905306,False,False,,,,False,False,False,0.0,False,False,,
Hybrid ML Controller,2026024,eccd46ee998c0eea,seed-2026024-scenario-00043,pedestrian,pedestrian,sim-001eea28-pedestrian-00043,sim-001eea28-pedestrian-00043,False,3877.851081237581,False,False,,,,False,False,False,0.0,False,False,,
Hybrid ML Controller,2026024,eccd46ee998c0eea,seed-2026024-scenario-00044,stopped_car,stopped_car,sim-001eea28-stopped-car-00044,sim-001eea28-stopped-car-00044,False,3956.20341581104,False,False,,,,False,False,False,0.0,False,False,,
Hybrid ML Controller,2026024,eccd46ee998c0eea,seed-2026024-scenario-00045,slow_car,slow_car,sim-001eea28-slow-car-00045,sim-001eea28-slow-car-00045,False,4028.0438076756755,False,False,,,,False,False,False,0.0,False,False,,
Hybrid ML Controller,2026024,eccd46ee998c0eea,seed-2026024-scenario-00046,truck,truck,sim-001eea28-truck-00046,sim-001eea28-truck-00046,False,4122.850699834816,False,False,,,,False,False,False,0.0,False,False,,
Hybrid ML Controller,2026024,eccd46ee998c0eea,seed-2026024-scenario-00047,slow_car,slow_car,sim-001eea28-slow-car-00047,sim-001eea28-slow-car-00047,False,4216.829587676897,False,False,,,,False,False,False,0.0,False,False,,
Hybrid ML Controller,2026024,eccd46ee998c0eea,seed-2026024-scenario-00049,slow_car,slow_car,sim-001eea28-slow-car-00049,sim-001eea28-slow-car-00049,False,4385.926083924283,False,False,,,,False,False,False,0.0,False,False,,
Rule Controller,2026025,445a2d0c7684d486,seed-2026025-scenario-00000,stopped_car,mixed,sim-001eea29-stopped-car-00000,sim-001eea29-stopped-car-00000|sim-001eea29-left-traffic-00000,True,63.54268546413458,True,True,0.05,8.899999999999991,8.84999999999999,True,True,False,0.0,True,True,3.829268546413468,3.2159557145702697
Rule Controller,2026025,445a2d0c7684d486,seed-2026025-scenario-00001,truck,truck,sim-001eea29-truck-00001,sim-001eea29-truck-00001,False,164.42935953949683,True,True,12.200000000000038,21.900000000000176,9.700000000000138,True,True,False,0.0,True,True,3.543979550643118,3.004680759630172
Rule Controller,2026025,445a2d0c7684d486,seed-2026025-scenario-00002,slow_car,mixed,sim-001eea29-slow-car-00002,sim-001eea29-slow-car-00002|sim-001eea29-left-traffic-00002,True,239.51222604702303,True,True,17.050000000000107,48.74999999999937,31.69999999999926,True,False,True,0.35,True,False,1.6892792312186362,1.2000000000000117
Rule Controller,2026025,445a2d0c7684d486,seed-2026025-scenario-00003,pedestrian,pedestrian,sim-001eea29-pedestrian-00003,sim-001eea29-pedestrian-00003,False,342.2552175396215,True,True,22.700000000000188,44.84999999999959,22.1499999999994,True,True,False,0.1,False,False,18.176899156775313,0.42500000000000027
Rule Controller,2026025,445a2d0c7684d486,seed-2026025-scenario-00005,pedestrian,pedestrian,sim-001eea29-pedestrian-00005,sim-001eea29-pedestrian-00005,False,539.35606267816,True,True,53.24999999999911,70.54999999999814,17.299999999999024,True,True,False,0.1,False,False,3.9583959492302707,5.330971088306455
Rule Controller,2026025,445a2d0c7684d486,seed-2026025-scenario-00006,pedestrian,pedestrian,sim-001eea29-pedestrian-00006,sim-001eea29-pedestrian-00006,False,625.0956193329318,True,True,70.04999999999816,90.19999999999702,20.149999999998855,True,True,False,0.1,False,False,,5.424857060846648
Rule Controller,2026025,445a2d0c7684d486,seed-2026025-scenario-00007,truck,mixed,sim-001eea29-truck-00007,sim-001eea29-truck-00007|sim-001eea29-left-traffic-00007,True,702.2980479561065,True,True,105.49999999999615,129.59999999999522,24.09999999999907,True,True,False,0.0,True,True,4.578427008082267,3.158439909531579
Rule Controller,2026025,445a2d0c7684d486,seed-2026025-scenario-00008,stopped_car,mixed,sim-001eea29-stopped-car-00008,sim-001eea29-stopped-car-00008|sim-001eea29-left-traffic-00008,True,797.0864774313254,True,True,96.44999999999666,102.69999999999631,6.249999999999645,True,True,False,0.0,True,True,1.9025694359160372,2.552199377327194
Rule Controller,2026025,445a2d0c7684d486,seed-2026025-scenario-00009,stopped_car,mixed,sim-001eea29-stopped-car-00009,sim-001eea29-stopped-car-00009|sim-001eea29-left-traffic-00009,True,889.7372108551106,True,True,103.09999999999629,115.1999999999956,12.099999999999312,True,False,True,2.849999999999998,True,True,0.5802377265059234,1.1439181545668498
Rule Controller,2026025,445a2d0c7684d486,seed-2026025-scenario-00010,slow_car,mixed,sim-001eea29-slow-car-00010,sim-001eea29-slow-car-00010|sim-001eea29-left-traffic-00010,True,960.4825896490105,True,True,120.94999999999527,130.94999999999553,10.000000000000256,True,True,False,0.0,False,False,6.695451801491085,2.613445893244329
Rule Controller,2026025,445a2d0c7684d486,seed-2026025-scenario-00011,slow_car,mixed,sim-001eea29-slow-car-00011,sim-001eea29-slow-car-00011|sim-001eea29-left-traffic-00011,True,1038.2655905065292,True,True,123.04999999999515,133.14999999999603,10.100000000000875,True,False,True,0.0,False,False,0.11895621731663841,-0.03199999999999559
Rule Controller,2026025,445a2d0c7684d486,seed-2026025-scenario-00012,slow_car,slow_car,sim-001eea29-slow-car-00012,sim-001eea29-slow-car-00012,False,1118.163094740125,True,True,128.44999999999496,160.7000000000023,32.25000000000733,True,False,True,0.0,True,True,1.6769016774380798,1.1999999999999549
Rule Controller,2026025,445a2d0c7684d486,seed-2026025-scenario-00013,pedestrian,pedestrian,sim-001eea29-pedestrian-00013,sim-001eea29-pedestrian-00013,False,1213.4136731725655,True,True,132.69999999999592,152.70000000000047,20.000000000004547,True,True,False,0.1,False,False,10.335667516901086,1.6821401680634451
Rule Controller,2026025,445a2d0c7684d486,seed-2026025-scenario-00014,stopped_car,stopped_car,sim-001eea29-stopped-car-00014,sim-001eea29-stopped-car-00014,False,1299.6885392956513,True,True,152.30000000000038,159.05000000000192,6.750000000001535,True,True,False,0.0,False,False,,3.625
Rule Controller,2026025,445a2d0c7684d486,seed-2026025-scenario-00015,stopped_car,mixed,sim-001eea29-stopped-car-00015,sim-001eea29-stopped-car-00015|sim-001eea29-left-traffic-00015,True,1371.4529397926729,True,True,157.95000000000167,164.2500000000031,6.3000000000014325,True,False,True,0.0,False,False,0.006949133786578898,0.040500000000009084
Rule Controller,2026025,445a2d0c7684d486,seed-2026025-scenario-00016,stopped_car,stopped_car,sim-001eea29-stopped-car-00016,sim-001eea29-stopped-car-00016,False,1468.5482297006236,True,True,165.40000000000336,171.7000000000048,6.3000000000014325,True,True,False,0.0,True,True,1.9247696534375953,2.576482499098307
Rule Controller,2026025,445a2d0c7684d486,seed-2026025-scenario-00018,pedestrian,pedestrian,sim-001eea29-pedestrian-00018,sim-001eea29-pedestrian-00018,False,1642.6937225080985,True,True,177.9500000000062,194.65000000001,16.700000000003797,True,True,False,0.1,False,False,3.2719925297209134,5.258784186270759
Rule Controller,2026025,445a2d0c7684d486,seed-2026025-scenario-00019,stopped_car,stopped_car,sim-001eea29-stopped-car-00019,sim-001eea29-stopped-car-00019,False,1726.5238637798207,True,True,193.95000000000985,216.550000000015,22.60000000000514,True,True,False,2.0500000000000007,True,True,3.8559163483255707,3.127938578652896
Rule Controller,2026025,445a2d0c7684d486,seed-2026025-scenario-00020,truck,mixed,sim-001eea29-truck-00020,sim-001eea29-truck-00020|sim-001eea29-left-traffic-00020,True,1829.147080052301,True,True,232.10000000001853,,,False,False,False,0.6,True,False,2.6589614503583645,4.615002560130336
Rule Controller,2026025,445a2d0c7684d486,seed-2026025-scenario-00021,truck,truck,sim-001eea29-truck-00021,sim-001eea29-truck-00021,False,1903.3462837724048,True,True,225.400000000017,234.95000000001917,9.550000000002171,True,True,False,0.0,True,True,3.8055545591970867,3.062637436913568
Rule Controller,2026025,445a2d0c7684d486,seed-2026025-scenario-00023,slow_car,slow_car,sim-001eea29-slow-car-00023,sim-001eea29-slow-car-00023,False,2095.7879380482314,True,True,240.25000000002038,,,False,False,False,0.0,False,False,7.7651241685293,51.41653207806794
Rule Controller,2026025,445a2d0c7684d486,seed-2026025-scenario-00024,pedestrian,pedestrian,sim-001eea29-pedestrian-00024,sim-001eea29-pedestrian-00024,False,2169.6818503547083,True,True,247.25000000002197,269.25000000002694,22.000000000004974,True,True,False,0.1,False,False,5.082257124852348,1.6801100444966048
Rule Controller,2026025,445a2d0c7684d486,seed-2026025-scenario-00025,stopped_car,stopped_car,sim-001eea29-stopped-car-00025,sim-001eea29-stopped-car-00025,False,2273.28250691911,True,False,270.5000000000272,290.45000000003176,19.950000000004536,True,False,True,10.400000000000013,True,True,0.7467855650171111,1.2000000000001823
Rule Controller,2026025,445a2d0c7684d486,seed-2026025-scenario-00026,stopped_car,stopped_car,sim-001eea29-stopped-car-00026,sim-001eea29-stopped-car-00026,False,2358.0592991618714,True,False,290.2000000000317,,,False,False,True,4.049999999999994,False,False,0.5657079847336175,1.2000000000001823
Rule Controller,2026025,445a2d0c7684d486,seed-2026025-scenario-00027,truck,truck,sim-001eea29-truck-00027,sim-001eea29-truck-00027,False,2437.7307089601495,False,False,,,,False,False,False,0.0,False,False,,
Rule Controller,2026025,445a2d0c7684d486,seed-2026025-scenario-00028,slow_car,mixed,sim-001eea29-slow-car-00028,sim-001eea29-slow-car-00028|sim-001eea29-left-traffic-00028,True,2524.6017312626186,False,False,,,,False,False,False,0.0,False,False,,
Rule Controller,2026025,445a2d0c7684d486,seed-2026025-scenario-00029,slow_car,slow_car,sim-001eea29-slow-car-00029,sim-001eea29-slow-car-00029,False,2617.022728585081,False,False,,,,False,False,False,0.0,False,False,,
Rule Controller,2026025,445a2d0c7684d486,seed-2026025-scenario-00030,slow_car,mixed,sim-001eea29-slow-car-00030,sim-001eea29-slow-car-00030|sim-001eea29-left-traffic-00030,True,2687.52898232227,False,False,,,,False,False,False,0.0,False,False,,
Rule Controller,2026025,445a2d0c7684d486,seed-2026025-scenario-00031,truck,mixed,sim-001eea29-truck-00031,sim-001eea29-truck-00031|sim-001eea29-left-traffic-00031,True,2758.762058958325,False,False,,,,False,False,False,0.0,False,False,,
Rule Controller,2026025,445a2d0c7684d486,seed-2026025-scenario-00032,pedestrian,pedestrian,sim-001eea29-pedestrian-00032,sim-001eea29-pedestrian-00032,False,2865.7641914364153,False,False,,,,False,False,False,0.0,False,False,,
Rule Controller,2026025,445a2d0c7684d486,seed-2026025-scenario-00033,stopped_car,mixed,sim-001eea29-stopped-car-00033,sim-001eea29-stopped-car-00033|sim-001eea29-left-traffic-00033,True,2942.02099565229,False,False,,,,False,False,False,0.0,False,False,,
Rule Controller,2026025,445a2d0c7684d486,seed-2026025-scenario-00034,truck,truck,sim-001eea29-truck-00034,sim-001eea29-truck-00034,False,3049.9125580537325,False,False,,,,False,False,False,0.0,False,False,,
Rule Controller,2026025,445a2d0c7684d486,seed-2026025-scenario-00035,stopped_car,mixed,sim-001eea29-stopped-car-00035,sim-001eea29-stopped-car-00035|sim-001eea29-left-traffic-00035,True,3137.47646985299,False,False,,,,False,False,False,0.0,False,False,,
Rule Controller,2026025,445a2d0c7684d486,seed-2026025-scenario-00036,truck,mixed,sim-001eea29-truck-00036,sim-001eea29-truck-00036|sim-001eea29-left-traffic-00036,True,3245.447371813186,False,False,,,,False,False,False,0.0,False,False,,
Rule Controller,2026025,445a2d0c7684d486,seed-2026025-scenario-00038,slow_car,slow_car,sim-001eea29-slow-car-00038,sim-001eea29-slow-car-00038,False,3424.0738508415957,False,False,,,,False,False,False,0.0,False,False,,
Rule Controller,2026025,445a2d0c7684d486,seed-2026025-scenario-00039,stopped_car,stopped_car,sim-001eea29-stopped-car-00039,sim-001eea29-stopped-car-00039,False,3495.0970265939477,False,False,,,,False,False,False,0.0,False,False,,
Rule Controller,2026025,445a2d0c7684d486,seed-2026025-scenario-00040,pedestrian,pedestrian,sim-001eea29-pedestrian-00040,sim-001eea29-pedestrian-00040,False,3599.1488551607636,False,False,,,,False,False,False,0.0,False,False,,
Rule Controller,2026025,445a2d0c7684d486,seed-2026025-scenario-00041,slow_car,slow_car,sim-001eea29-slow-car-00041,sim-001eea29-slow-car-00041,False,3684.8752901727494,False,False,,,,False,False,False,0.0,False,False,,
Rule Controller,2026025,445a2d0c7684d486,seed-2026025-scenario-00042,stopped_car,mixed,sim-001eea29-stopped-car-00042,sim-001eea29-stopped-car-00042|sim-001eea29-left-traffic-00042,True,3785.252229580111,False,False,,,,False,False,False,0.0,False,False,,
Rule Controller,2026025,445a2d0c7684d486,seed-2026025-scenario-00044,truck,mixed,sim-001eea29-truck-00044,sim-001eea29-truck-00044|sim-001eea29-left-traffic-00044,True,3945.1124083010377,False,False,,,,False,False,False,0.0,False,False,,
Rule Controller,2026025,445a2d0c7684d486,seed-2026025-scenario-00045,pedestrian,pedestrian,sim-001eea29-pedestrian-00045,sim-001eea29-pedestrian-00045,False,4017.950415894157,False,False,,,,False,False,False,0.0,False,False,,
Rule Controller,2026025,445a2d0c7684d486,seed-2026025-scenario-00046,stopped_car,stopped_car,sim-001eea29-stopped-car-00046,sim-001eea29-stopped-car-00046,False,4125.531907381198,False,False,,,,False,False,False,0.0,False,False,,
Rule Controller,2026025,445a2d0c7684d486,seed-2026025-scenario-00047,slow_car,mixed,sim-001eea29-slow-car-00047,sim-001eea29-slow-car-00047|sim-001eea29-left-traffic-00047,True,4203.724362695935,False,False,,,,False,False,False,0.0,False,False,,
Rule Controller,2026025,445a2d0c7684d486,seed-2026025-scenario-00048,slow_car,slow_car,sim-001eea29-slow-car-00048,sim-001eea29-slow-car-00048,False,4273.807279300536,False,False,,,,False,False,False,0.0,False,False,,
Rule Controller,2026025,445a2d0c7684d486,seed-2026025-scenario-00049,slow_car,slow_car,sim-001eea29-slow-car-00049,sim-001eea29-slow-car-00049,False,4354.892993455935,False,False,,,,False,False,False,0.0,False,False,,
Hybrid ML Controller,2026025,445a2d0c7684d486,seed-2026025-scenario-00000,stopped_car,mixed,sim-001eea29-stopped-car-00000,sim-001eea29-stopped-car-00000|sim-001eea29-left-traffic-00000,True,63.54268546413458,True,True,0.05,10.85000000000002,10.800000000000018,True,True,False,0.0,True,True,4.917835683016827,3.5187141838137608
Hybrid ML Controller,2026025,445a2d0c7684d486,seed-2026025-scenario-00001,truck,truck,sim-001eea29-truck-00001,sim-001eea29-truck-00001,False,164.42935953949683,True,True,15.050000000000079,24.750000000000217,9.700000000000138,True,True,False,0.0,False,False,,3.3
Hybrid ML Controller,2026025,445a2d0c7684d486,seed-2026025-scenario-00002,slow_car,mixed,sim-001eea29-slow-car-00002,sim-001eea29-slow-car-00002|sim-001eea29-left-traffic-00002,True,239.51222604702303,True,True,19.050000000000136,28.000000000000263,8.950000000000127,True,True,False,1.3000000000000005,False,False,46.49187422382585,3.625
Hybrid ML Controller,2026025,445a2d0c7684d486,seed-2026025-scenario-00003,pedestrian,pedestrian,sim-001eea29-pedestrian-00003,sim-001eea29-pedestrian-00003,False,342.2552175396215,True,True,24.700000000000216,42.39999999999973,17.699999999999513,True,True,False,0.1,False,False,,0.42500000000000027
Hybrid ML Controller,2026025,445a2d0c7684d486,seed-2026025-scenario-00005,pedestrian,pedestrian,sim-001eea29-pedestrian-00005,sim-001eea29-pedestrian-00005,False,539.35606267816,True,True,50.44999999999927,67.7499999999983,17.299999999999024,True,True,False,0.1,False,False,3.906164853710717,5.216062678163439
Hybrid ML Controller,2026025,445a2d0c7684d486,seed-2026025-scenario-00006,pedestrian,pedestrian,sim-001eea29-pedestrian-00006,sim-001eea29-pedestrian-00006,False,625.0956193329318,True,True,67.24999999999832,87.39999999999718,20.149999999998855,True,True,False,0.1,False,False,,5.532442781704503
Hybrid ML Controller,2026025,445a2d0c7684d486,seed-2026025-scenario-00007,truck,mixed,sim-001eea29-truck-00007,sim-001eea29-truck-00007|sim-001eea29-left-traffic-00007,True,702.2980479561065,True,True,104.89999999999618,116.9999999999955,12.099999999999312,True,True,False,0.0,False,False,,3.3
Hybrid ML Controller,2026025,445a2d0c7684d486,seed-2026025-scenario-00008,stopped_car,mixed,sim-001eea29-stopped-car-00008,sim-001eea29-stopped-car-00008|sim-001eea29-left-traffic-00008,True,797.0864774313254,True,True,94.29999999999679,101.0499999999964,6.749999999999616,True,True,False,0.0,False,False,20.051715628299632,3.625
Hybrid ML Controller,2026025,445a2d0c7684d486,seed-2026025-scenario-00009,stopped_car,mixed,sim-001eea29-stopped-car-00009,sim-001eea29-stopped-car-00009|sim-001eea29-left-traffic-00009,True,889.7372108551106,True,True,101.44999999999638,107.74999999999602,6.299999999999642,True,True,False,0.0,False,False,13.548791368483474,0.4755000000000029
Hybrid ML Controller,2026025,445a2d0c7684d486,seed-2026025-scenario-00010,slow_car,mixed,sim-001eea29-slow-car-00010,sim-001eea29-slow-car-00010|sim-001eea29-left-traffic-00010,True,960.4825896490105,True,True,109.09999999999594,119.14999999999537,10.049999999999429,True,True,False,0.0,False,False,0.24653504217140196,-1.875
Hybrid ML Controller,2026025,445a2d0c7684d486,seed-2026025-scenario-00011,slow_car,mixed,sim-001eea29-slow-car-00011,sim-001eea29-slow-car-00011|sim-001eea29-left-traffic-00011,True,1038.2655905065292,True,True,114.74999999999562,124.89999999999505,10.149999999999423,True,True,False,0.44999999999999996,False,False,21.612697686557556,0.9198590966349359
Hybrid ML Controller,2026025,445a2d0c7684d486,seed-2026025-scenario-00012,slow_car,slow_car,sim-001eea29-slow-car-00012,sim-001eea29-slow-car-00012,False,1118.163094740125,True,True,120.4499999999953,152.60000000000045,32.15000000000515,True,True,False,1.3500000000000005,False,False,,3.625
Hybrid ML Controller,2026025,445a2d0c7684d486,seed-2026025-scenario-00013,pedestrian,pedestrian,sim-001eea29-pedestrian-00013,sim-001eea29-pedestrian-00013,False,1213.4136731725655,True,True,124.74999999999505,144.64999999999864,19.900000000003587,True,True,False,0.1,False,False,,0.42500000000000027
Hybrid ML Controller,2026025,445a2d0c7684d486,seed-2026025-scenario-00014,stopped_car,stopped_car,sim-001eea29-stopped-car-00014,sim-001eea29-stopped-car-00014,False,1299.6885392956513,True,True,144.24999999999855,151.00000000000009,6.750000000001535,True,True,False,0.0,False,False,,3.625
Hybrid ML Controller,2026025,445a2d0c7684d486,seed-2026025-scenario-00015,stopped_car,mixed,sim-001eea29-stopped-car-00015,sim-001eea29-stopped-car-00015|sim-001eea29-left-traffic-00015,True,1371.4529397926729,True,True,149.89999999999984,156.15000000000126,6.250000000001421,True,True,False,0.0,True,False,9.245208266677736,3.625
Hybrid ML Controller,2026025,445a2d0c7684d486,seed-2026025-scenario-00016,stopped_car,stopped_car,sim-001eea29-stopped-car-00016,sim-001eea29-stopped-car-00016,False,1468.5482297006236,True,True,156.85000000000142,163.15000000000285,6.3000000000014325,True,True,False,0.0,False,False,,3.625
Hybrid ML Controller,2026025,445a2d0c7684d486,seed-2026025-scenario-00018,pedestrian,pedestrian,sim-001eea29-pedestrian-00018,sim-001eea29-pedestrian-00018,False,1642.6937225080985,True,True,169.40000000000427,186.10000000000807,16.700000000003797,True,True,False,0.1,False,False,3.2653735560330133,5.280545956892411
Hybrid ML Controller,2026025,445a2d0c7684d486,seed-2026025-scenario-00019,stopped_car,stopped_car,sim-001eea29-stopped-car-00019,sim-001eea29-stopped-car-00019,False,1726.5238637798207,True,True,185.4000000000079,206.35000000001267,20.950000000004763,True,True,False,0.2,True,True,1.8906939804774463,1.4723778936415124
Hybrid ML Controller,2026025,445a2d0c7684d486,seed-2026025-scenario-00020,truck,mixed,sim-001eea29-truck-00020,sim-001eea29-truck-00020|sim-001eea29-left-traffic-00020,True,1829.147080052301,True,True,234.35000000001904,,,False,False,True,0.0,False,False,1.5065313076271516,1.2000000000000002
Hybrid ML Controller,2026025,445a2d0c7684d486,seed-2026025-scenario-00021,truck,truck,sim-001eea29-truck-00021,sim-001eea29-truck-00021,False,1903.3462837724048,True,True,219.45000000001565,236.0000000000194,16.550000000003763,True,True,False,0.0,True,True,9.911961051085028,3.3
Hybrid ML Controller,2026025,445a2d0c7684d486,seed-2026025-scenario-00023,slow_car,slow_car,sim-001eea29-slow-car-00023,sim-001eea29-slow-car-00023,False,2095.7879380482314,True,True,237.80000000001982,,,False,False,False,0.0,False,False,4.65078075190133,27.48900270427057
Hybrid ML Controller,2026025,445a2d0c7684d486,seed-2026025-scenario-00024,pedestrian,pedestrian,sim-001eea29-pedestrian-00024,sim-001eea29-pedestrian-00024,False,2169.6818503547083,True,True,240.25000000002038,258.5000000000245,18.25000000000412,True,True,False,0.1,False,False,3.989322877166591,5.925000000000001
Hybrid ML Controller,2026025,445a2d0c7684d486,seed-2026025-scenario-00025,stopped_car,stopped_car,sim-001eea29-stopped-car-00025,sim-001eea29-stopped-car-00025,False,2273.28250691911,True,True,260.05000000002485,281.4500000000297,21.400000000004866,True,True,False,1.3000000000000005,True,True,1.8812655265971756,1.445918844885216
Hybrid ML Controller,2026025,445a2d0c7684d486,seed-2026025-scenario-00026,stopped_car,stopped_car,sim-001eea29-stopped-car-00026,sim-001eea29-stopped-car-00026,False,2358.0592991618714,True,False,281.15000000002965,298.2000000000335,17.050000000003877,True,False,False,2.9999999999999973,True,True,1.7066165807169675,1.1757340302836785
Hybrid ML Controller,2026025,445a2d0c7684d486,seed-2026025-scenario-00027,truck,truck,sim-001eea29-truck-00027,sim-001eea29-truck-00027,False,2437.7307089601495,False,False,,,,False,False,False,0.0,False,False,,
Hybrid ML Controller,2026025,445a2d0c7684d486,seed-2026025-scenario-00028,slow_car,mixed,sim-001eea29-slow-car-00028,sim-001eea29-slow-car-00028|sim-001eea29-left-traffic-00028,True,2524.6017312626186,False,False,,,,False,False,False,0.0,False,False,,
Hybrid ML Controller,2026025,445a2d0c7684d486,seed-2026025-scenario-00029,slow_car,slow_car,sim-001eea29-slow-car-00029,sim-001eea29-slow-car-00029,False,2617.022728585081,False,False,,,,False,False,False,0.0,False,False,,
Hybrid ML Controller,2026025,445a2d0c7684d486,seed-2026025-scenario-00030,slow_car,mixed,sim-001eea29-slow-car-00030,sim-001eea29-slow-car-00030|sim-001eea29-left-traffic-00030,True,2687.52898232227,False,False,,,,False,False,False,0.0,False,False,,
Hybrid ML Controller,2026025,445a2d0c7684d486,seed-2026025-scenario-00031,truck,mixed,sim-001eea29-truck-00031,sim-001eea29-truck-00031|sim-001eea29-left-traffic-00031,True,2758.762058958325,False,False,,,,False,False,False,0.0,False,False,,
Hybrid ML Controller,2026025,445a2d0c7684d486,seed-2026025-scenario-00032,pedestrian,pedestrian,sim-001eea29-pedestrian-00032,sim-001eea29-pedestrian-00032,False,2865.7641914364153,False,False,,,,False,False,False,0.0,False,False,,
Hybrid ML Controller,2026025,445a2d0c7684d486,seed-2026025-scenario-00033,stopped_car,mixed,sim-001eea29-stopped-car-00033,sim-001eea29-stopped-car-00033|sim-001eea29-left-traffic-00033,True,2942.02099565229,False,False,,,,False,False,False,0.0,False,False,,
Hybrid ML Controller,2026025,445a2d0c7684d486,seed-2026025-scenario-00034,truck,truck,sim-001eea29-truck-00034,sim-001eea29-truck-00034,False,3049.9125580537325,False,False,,,,False,False,False,0.0,False,False,,
Hybrid ML Controller,2026025,445a2d0c7684d486,seed-2026025-scenario-00035,stopped_car,mixed,sim-001eea29-stopped-car-00035,sim-001eea29-stopped-car-00035|sim-001eea29-left-traffic-00035,True,3137.47646985299,False,False,,,,False,False,False,0.0,False,False,,
Hybrid ML Controller,2026025,445a2d0c7684d486,seed-2026025-scenario-00036,truck,mixed,sim-001eea29-truck-00036,sim-001eea29-truck-00036|sim-001eea29-left-traffic-00036,True,3245.447371813186,False,False,,,,False,False,False,0.0,False,False,,
Hybrid ML Controller,2026025,445a2d0c7684d486,seed-2026025-scenario-00038,slow_car,slow_car,sim-001eea29-slow-car-00038,sim-001eea29-slow-car-00038,False,3424.0738508415957,False,False,,,,False,False,False,0.0,False,False,,
Hybrid ML Controller,2026025,445a2d0c7684d486,seed-2026025-scenario-00039,stopped_car,stopped_car,sim-001eea29-stopped-car-00039,sim-001eea29-stopped-car-00039,False,3495.0970265939477,False,False,,,,False,False,False,0.0,False,False,,
Hybrid ML Controller,2026025,445a2d0c7684d486,seed-2026025-scenario-00040,pedestrian,pedestrian,sim-001eea29-pedestrian-00040,sim-001eea29-pedestrian-00040,False,3599.1488551607636,False,False,,,,False,False,False,0.0,False,False,,
Hybrid ML Controller,2026025,445a2d0c7684d486,seed-2026025-scenario-00041,slow_car,slow_car,sim-001eea29-slow-car-00041,sim-001eea29-slow-car-00041,False,3684.8752901727494,False,False,,,,False,False,False,0.0,False,False,,
Hybrid ML Controller,2026025,445a2d0c7684d486,seed-2026025-scenario-00042,stopped_car,mixed,sim-001eea29-stopped-car-00042,sim-001eea29-stopped-car-00042|sim-001eea29-left-traffic-00042,True,3785.252229580111,False,False,,,,False,False,False,0.0,False,False,,
Hybrid ML Controller,2026025,445a2d0c7684d486,seed-2026025-scenario-00044,truck,mixed,sim-001eea29-truck-00044,sim-001eea29-truck-00044|sim-001eea29-left-traffic-00044,True,3945.1124083010377,False,False,,,,False,False,False,0.0,False,False,,
Hybrid ML Controller,2026025,445a2d0c7684d486,seed-2026025-scenario-00045,pedestrian,pedestrian,sim-001eea29-pedestrian-00045,sim-001eea29-pedestrian-00045,False,4017.950415894157,False,False,,,,False,False,False,0.0,False,False,,
Hybrid ML Controller,2026025,445a2d0c7684d486,seed-2026025-scenario-00046,stopped_car,stopped_car,sim-001eea29-stopped-car-00046,sim-001eea29-stopped-car-00046,False,4125.531907381198,False,False,,,,False,False,False,0.0,False,False,,
Hybrid ML Controller,2026025,445a2d0c7684d486,seed-2026025-scenario-00047,slow_car,mixed,sim-001eea29-slow-car-00047,sim-001eea29-slow-car-00047|sim-001eea29-left-traffic-00047,True,4203.724362695935,False,False,,,,False,False,False,0.0,False,False,,
Hybrid ML Controller,2026025,445a2d0c7684d486,seed-2026025-scenario-00048,slow_car,slow_car,sim-001eea29-slow-car-00048,sim-001eea29-slow-car-00048,False,4273.807279300536,False,False,,,,False,False,False,0.0,False,False,,
Hybrid ML Controller,2026025,445a2d0c7684d486,seed-2026025-scenario-00049,slow_car,slow_car,sim-001eea29-slow-car-00049,sim-001eea29-slow-car-00049,False,4354.892993455935,False,False,,,,False,False,False,0.0,False,False,,
Rule Controller,2026026,d8f1ae27925d77e0,seed-2026026-scenario-00000,pedestrian,pedestrian,sim-001eea2a-pedestrian-00000,sim-001eea2a-pedestrian-00000,False,73.78306392161637,True,True,0.05,20.450000000000156,20.400000000000155,True,True,False,0.1,False,False,3.9715165623900304,5.845563921616488
Rule Controller,2026026,d8f1ae27925d77e0,seed-2026026-scenario-00001,slow_car,slow_car,sim-001eea2a-slow-car-00001,sim-001eea2a-slow-car-00001,False,168.2596427012711,True,True,32.4000000000003,47.69999999999943,15.29999999999913,True,True,False,0.0,True,True,3.480297243224948,2.9539880300736865
Rule Controller,2026026,d8f1ae27925d77e0,seed-2026026-scenario-00004,truck,mixed,sim-001eea2a-truck-00004,sim-001eea2a-truck-00004|sim-001eea2a-left-traffic-00004,True,437.01593618539914,True,True,46.74999999999948,67.29999999999832,20.54999999999884,True,True,False,0.0,True,True,2.451126474270558,2.895928707116764
Rule Controller,2026026,d8f1ae27925d77e0,seed-2026026-scenario-00006,slow_car,slow_car,sim-001eea2a-slow-car-00006,sim-001eea2a-slow-car-00006,False,628.155283587883,True,True,72.44999999999803,121.09999999999526,48.649999999997235,True,True,False,2.4499999999999993,True,True,2.6420435404940155,3.212274678812532
Rule Controller,2026026,d8f1ae27925d77e0,seed-2026026-scenario-00007,slow_car,mixed,sim-001eea2a-slow-car-00007,sim-001eea2a-slow-car-00007|sim-001eea2a-left-traffic-00007,True,699.5216085181673,True,True,72.44999999999803,121.89999999999522,49.44999999999719,True,True,False,3.149999999999997,False,False,0.3299650441088766,-1.875
Rule Controller,2026026,d8f1ae27925d77e0,seed-2026026-scenario-00008,stopped_car,mixed,sim-001eea2a-stopped-car-00008,sim-001eea2a-stopped-car-00008|sim-001eea2a-left-traffic-00008,True,797.591755071755,True,True,75.49999999999785,88.8499999999971,13.349999999999241,True,False,True,4.099999999999993,True,True,0.17053932439246705,-1.875
Rule Controller,2026026,d8f1ae27925d77e0,seed-2026026-scenario-00009,truck,mixed,sim-001eea2a-truck-00009,sim-001eea2a-truck-00009|sim-001eea2a-left-traffic-00009,True,886.1772853031821,True,True,120.94999999999527,150.54999999999998,29.600000000004712,True,True,False,0.0,False,False,0.13850937998467377,-1.875
Rule Controller,2026026,d8f1ae27925d77e0,seed-2026026-scenario-00010,pedestrian,pedestrian,sim-001eea2a-pedestrian-00010,sim-001eea2a-pedestrian-00010,False,965.660177703037,True,True,95.64999999999671,113.99999999999567,18.349999999998957,True,True,False,0.1,False,False,,0.42500000000000027
Rule Controller,2026026,d8f1ae27925d77e0,seed-2026026-scenario-00011,slow_car,slow_car,sim-001eea2a-slow-car-00011,sim-001eea2a-slow-car-00011,False,1044.9080455087083,True,True,123.54999999999512,150.90000000000006,27.35000000000494,True,True,False,0.0,False,False,,3.625
Rule Controller,2026026,d8f1ae27925d77e0,seed-2026026-scenario-00012,pedestrian,pedestrian,sim-001eea2a-pedestrian-00012,sim-001eea2a-pedestrian-00012,False,1140.3874433963665,True,True,120.4499999999953,136.9499999999969,16.50000000000159,True,True,False,0.1,False,False,,0.42500000000000027
Rule Controller,2026026,d8f1ae27925d77e0,seed-2026026-scenario-00013,slow_car,slow_car,sim-001eea2a-slow-car-00013,sim-001eea2a-slow-car-00013,False,1233.369032601882,True,True,149.49999999999974,172.2000000000049,22.70000000000516,True,True,False,0.0,True,False,2.6104536284656725,3.4480559080400215
Rule Controller,2026026,d8f1ae27925d77e0,seed-2026026-scenario-00014,stopped_car,mixed,sim-001eea2a-stopped-car-00014,sim-001eea2a-stopped-car-00014|sim-001eea2a-left-traffic-00014,True,1333.3232297627874,True,True,144.69999999999865,150.95000000000007,6.250000000001421,True,True,False,0.0,False,False,0.03462573896112543,-1.875
Rule Controller,2026026,d8f1ae27925d77e0,seed-2026026-scenario-00015,slow_car,slow_car,sim-001eea2a-slow-car-00015,sim-001eea2a-slow-car-00015,False,1432.5764193874782,True,True,153.60000000000068,171.20000000000468,17.600000000004002,True,True,False,0.0,False,False,4.498496783990202,3.344559927213778
Rule Controller,2026026,d8f1ae27925d77e0,seed-2026026-scenario-00016,stopped_car,stopped_car,sim-001eea2a-stopped-car-00016,sim-001eea2a-stopped-car-00016,False,1510.2372726754666,True,True,157.50000000000156,169.90000000000438,12.40000000000282,True,True,False,0.0,False,False,3.6508288825519615,2.976756919327432
Rule Controller,2026026,d8f1ae27925d77e0,seed-2026026-scenario-00017,truck,truck,sim-001eea2a-truck-00017,sim-001eea2a-truck-00017,False,1588.6063179439332,True,True,174.10000000000534,208.45000000001315,34.35000000000781,True,True,False,0.0,True,True,2.2930333575211015,1.7591092649601707
Rule Controller,2026026,d8f1ae27925d77e0,seed-2026026-scenario-00018,stopped_car,mixed,sim-001eea2a-stopped-car-00018,sim-001eea2a-stopped-car-00018|sim-001eea2a-left-traffic-00018,True,1691.1267829756096,True,True,176.6000000000059,194.80000000001004,18.200000000004138,True,True,False,0.0,True,True,0.07806459840480433,-1.875
Rule Controller,2026026,d8f1ae27925d77e0,seed-2026026-scenario-00019,slow_car,mixed,sim-001eea2a-slow-car-00019,sim-001eea2a-slow-car-00019|sim-001eea2a-left-traffic-00019,True,1775.4900458682368,True,True,210.65000000001365,233.2500000000188,22.60000000000514,True,True,False,1.0500000000000003,True,True,4.019639676538271,-1.2914346125628526
Rule Controller,2026026,d8f1ae27925d77e0,seed-2026026-scenario-00020,stopped_car,stopped_car,sim-001eea2a-stopped-car-00020,sim-001eea2a-stopped-car-00020,False,1876.1068364033704,True,True,205.90000000001257,220.1500000000158,14.25000000000324,True,False,True,4.699999999999991,True,True,0.5586784349166853,1.1999999999999549
Rule Controller,2026026,d8f1ae27925d77e0,seed-2026026-scenario-00021,truck,truck,sim-001eea2a-truck-00021,sim-001eea2a-truck-00021,False,1950.37710178832,True,True,226.35000000001722,236.25000000001947,9.900000000002251,True,False,False,6.299999999999986,False,False,6.421687027637229,3.3
Rule Controller,2026026,d8f1ae27925d77e0,seed-2026026-scenario-00022,slow_car,mixed,sim-001eea2a-slow-car-00022,sim-001eea2a-slow-car-00022|sim-001eea2a-left-traffic-00022,True,2055.636121386405,True,True,229.05000000001783,256.00000000002393,26.9500000000061,True,False,False,6.999999999999983,False,False,10.525310477411264,3.625
Rule Controller,2026026,d8f1ae27925d77e0,seed-2026026-scenario-00023,pedestrian,pedestrian,sim-001eea2a-pedestrian-00023,sim-001eea2a-pedestrian-00023,False,2132.814381119525,True,True,232.9000000000187,252.05000000002306,19.150000000004354,True,True,False,0.1,False,False,,0.42500000000000027
Rule Controller,2026026,d8f1ae27925d77e0,seed-2026026-scenario-00024,pedestrian,pedestrian,sim-001eea2a-pedestrian-00024,sim-001eea2a-pedestrian-00024,False,2225.2370793827317,True,True,252.30000000002312,272.1000000000276,19.800000000004474,True,True,False,0.1,False,False,,0.42500000000000027
Rule Controller,2026026,d8f1ae27925d77e0,seed-2026026-scenario-00025,slow_car,slow_car,sim-001eea2a-slow-car-00025,sim-001eea2a-slow-car-00025,False,2300.6659314121725,True,False,280.9000000000296,290.5500000000318,9.650000000002194,True,False,False,0.0,False,False,,3.625
Rule Controller,2026026,d8f1ae27925d77e0,seed-2026026-scenario-00026,slow_car,slow_car,sim-001eea2a-slow-car-00026,sim-001eea2a-slow-car-00026,False,2375.202754705571,True,False,280.6000000000295,292.0500000000321,11.450000000002603,True,False,False,0.0,False,False,,3.625
Rule Controller,2026026,d8f1ae27925d77e0,seed-2026026-scenario-00027,stopped_car,mixed,sim-001eea2a-stopped-car-00027,sim-001eea2a-stopped-car-00027|sim-001eea2a-left-traffic-00027,True,2467.4839330647055,True,False,283.40000000003016,289.6500000000316,6.250000000001421,True,False,False,0.0,False,False,10.466376185099849,3.625
Rule Controller,2026026,d8f1ae27925d77e0,seed-2026026-scenario-00028,truck,truck,sim-001eea2a-truck-00028,sim-001eea2a-truck-00028,False,2543.4396051314056,True,False,291.400000000032,,,False,False,False,0.0,False,False,,3.3
Rule Controller,2026026,d8f1ae27925d77e0,seed-2026026-scenario-00029,stopped_car,stopped_car,sim-001eea2a-stopped-car-00029,sim-001eea2a-stopped-car-00029,False,2643.081718437125,True,False,296.05000000003304,,,False,False,False,0.0,False,False,,19.976276015016357
Rule Controller,2026026,d8f1ae27925d77e0,seed-2026026-scenario-00030,stopped_car,mixed,sim-001eea2a-stopped-car-00030,sim-001eea2a-stopped-car-00030|sim-001eea2a-left-traffic-00030,True,2737.243628859101,False,False,,,,False,False,False,0.0,False,False,,
Rule Controller,2026026,d8f1ae27925d77e0,seed-2026026-scenario-00031,slow_car,mixed,sim-001eea2a-slow-car-00031,sim-001eea2a-slow-car-00031|sim-001eea2a-left-traffic-00031,True,2817.372051184646,False,False,,,,False,False,False,0.0,False,False,,
Rule Controller,2026026,d8f1ae27925d77e0,seed-2026026-scenario-00032,pedestrian,pedestrian,sim-001eea2a-pedestrian-00032,sim-001eea2a-pedestrian-00032,False,2885.9431710892304,False,False,,,,False,False,False,0.0,False,False,,
Rule Controller,2026026,d8f1ae27925d77e0,seed-2026026-scenario-00033,truck,mixed,sim-001eea2a-truck-00033,sim-001eea2a-truck-00033|sim-001eea2a-left-traffic-00033,True,2967.724817616153,False,False,,,,False,False,False,0.0,False,False,,
Rule Controller,2026026,d8f1ae27925d77e0,seed-2026026-scenario-00034,truck,truck,sim-001eea2a-truck-00034,sim-001eea2a-truck-00034,False,3073.497391939672,False,False,,,,False,False,False,0.0,False,False,,
Rule Controller,2026026,d8f1ae27925d77e0,seed-2026026-scenario-00035,slow_car,slow_car,sim-001eea2a-slow-car-00035,sim-001eea2a-slow-car-00035,False,3165.5222289388144,False,False,,,,False,False,False,0.0,False,False,,
Rule Controller,2026026,d8f1ae27925d77e0,seed-2026026-scenario-00036,truck,truck,sim-001eea2a-truck-00036,sim-001eea2a-truck-00036,False,3260.0711290877853,False,False,,,,False,False,False,0.0,False,False,,
Rule Controller,2026026,d8f1ae27925d77e0,seed-2026026-scenario-00037,truck,mixed,sim-001eea2a-truck-00037,sim-001eea2a-truck-00037|sim-001eea2a-left-traffic-00037,True,3333.021267290608,False,False,,,,False,False,False,0.0,False,False,,
Rule Controller,2026026,d8f1ae27925d77e0,seed-2026026-scenario-00038,slow_car,slow_car,sim-001eea2a-slow-car-00038,sim-001eea2a-slow-car-00038,False,3419.2499099307124,False,False,,,,False,False,False,0.0,False,False,,
Rule Controller,2026026,d8f1ae27925d77e0,seed-2026026-scenario-00040,slow_car,slow_car,sim-001eea2a-slow-car-00040,sim-001eea2a-slow-car-00040,False,3608.0019415114302,False,False,,,,False,False,False,0.0,False,False,,
Rule Controller,2026026,d8f1ae27925d77e0,seed-2026026-scenario-00041,pedestrian,pedestrian,sim-001eea2a-pedestrian-00041,sim-001eea2a-pedestrian-00041,False,3685.1560738620437,False,False,,,,False,False,False,0.0,False,False,,
Rule Controller,2026026,d8f1ae27925d77e0,seed-2026026-scenario-00042,pedestrian,pedestrian,sim-001eea2a-pedestrian-00042,sim-001eea2a-pedestrian-00042,False,3756.822095632961,False,False,,,,False,False,False,0.0,False,False,,
Rule Controller,2026026,d8f1ae27925d77e0,seed-2026026-scenario-00043,slow_car,slow_car,sim-001eea2a-slow-car-00043,sim-001eea2a-slow-car-00043,False,3855.699377728006,False,False,,,,False,False,False,0.0,False,False,,
Rule Controller,2026026,d8f1ae27925d77e0,seed-2026026-scenario-00045,truck,mixed,sim-001eea2a-truck-00045,sim-001eea2a-truck-00045|sim-001eea2a-left-traffic-00045,True,4016.4610768716043,False,False,,,,False,False,False,0.0,False,False,,
Rule Controller,2026026,d8f1ae27925d77e0,seed-2026026-scenario-00046,stopped_car,stopped_car,sim-001eea2a-stopped-car-00046,sim-001eea2a-stopped-car-00046,False,4111.037340099183,False,False,,,,False,False,False,0.0,False,False,,
Rule Controller,2026026,d8f1ae27925d77e0,seed-2026026-scenario-00047,pedestrian,pedestrian,sim-001eea2a-pedestrian-00047,sim-001eea2a-pedestrian-00047,False,4208.127220243385,False,False,,,,False,False,False,0.0,False,False,,
Rule Controller,2026026,d8f1ae27925d77e0,seed-2026026-scenario-00048,slow_car,slow_car,sim-001eea2a-slow-car-00048,sim-001eea2a-slow-car-00048,False,4295.549557303305,False,False,,,,False,False,False,0.0,False,False,,
Rule Controller,2026026,d8f1ae27925d77e0,seed-2026026-scenario-00049,truck,truck,sim-001eea2a-truck-00049,sim-001eea2a-truck-00049,False,4391.494533496627,False,False,,,,False,False,False,0.0,False,False,,
Hybrid ML Controller,2026026,d8f1ae27925d77e0,seed-2026026-scenario-00000,pedestrian,pedestrian,sim-001eea2a-pedestrian-00000,sim-001eea2a-pedestrian-00000,False,73.78306392161637,True,True,0.05,19.95000000000015,19.900000000000148,True,True,False,0.1,False,False,1.7229599769460298,1.39056392161649
Hybrid ML Controller,2026026,d8f1ae27925d77e0,seed-2026026-scenario-00001,slow_car,slow_car,sim-001eea2a-slow-car-00001,sim-001eea2a-slow-car-00001,False,168.2596427012711,True,True,31.850000000000318,55.34999999999899,23.499999999998675,True,True,False,0.0,True,True,6.764230703973041,3.625
Hybrid ML Controller,2026026,d8f1ae27925d77e0,seed-2026026-scenario-00004,truck,mixed,sim-001eea2a-truck-00004,sim-001eea2a-truck-00004|sim-001eea2a-left-traffic-00004,True,437.01593618539914,True,True,53.79999999999908,67.6499999999983,13.84999999999922,True,False,True,0.0,True,True,0.855843683063217,1.1659442464830947
Hybrid ML Controller,2026026,d8f1ae27925d77e0,seed-2026026-scenario-00006,slow_car,slow_car,sim-001eea2a-slow-car-00006,sim-001eea2a-slow-car-00006,False,628.155283587883,True,True,70.09999999999816,91.39999999999695,21.29999999999879,True,True,False,0.0,False,False,,3.625
Hybrid ML Controller,2026026,d8f1ae27925d77e0,seed-2026026-scenario-00007,slow_car,mixed,sim-001eea2a-slow-car-00007,sim-001eea2a-slow-car-00007|sim-001eea2a-left-traffic-00007,True,699.5216085181673,True,True,80.59999999999756,120.3999999999953,39.79999999999774,True,True,False,1.0000000000000002,False,False,34.76152398410149,-1.875
Hybrid ML Controller,2026026,d8f1ae27925d77e0,seed-2026026-scenario-00008,stopped_car,mixed,sim-001eea2a-stopped-car-00008,sim-001eea2a-stopped-car-00008|sim-001eea2a-left-traffic-00008,True,797.591755071755,True,True,78.69999999999767,85.84999999999727,7.149999999999594,True,True,False,0.0,False,False,0.1358778165407846,-1.875
Hybrid ML Controller,2026026,d8f1ae27925d77e0,seed-2026026-scenario-00009,truck,mixed,sim-001eea2a-truck-00009,sim-001eea2a-truck-00009|sim-001eea2a-left-traffic-00009,True,886.1772853031821,True,True,94.59999999999677,145.14999999999876,50.55000000000199,True,True,False,0.0,False,False,0.21837152973382906,-1.875
Hybrid ML Controller,2026026,d8f1ae27925d77e0,seed-2026026-scenario-00010,pedestrian,pedestrian,sim-001eea2a-pedestrian-00010,sim-001eea2a-pedestrian-00010,False,965.660177703037,True,True,94.74999999999676,112.69999999999574,17.94999999999898,True,True,False,0.1,False,False,16.471250687270754,0.42500000000000027
Hybrid ML Controller,2026026,d8f1ae27925d77e0,seed-2026026-scenario-00011,slow_car,slow_car,sim-001eea2a-slow-car-00011,sim-001eea2a-slow-car-00011,False,1044.9080455087083,True,True,122.2499999999952,149.64999999999978,27.40000000000458,True,True,False,0.0,False,False,,3.625
Hybrid ML Controller,2026026,d8f1ae27925d77e0,seed-2026026-scenario-00012,pedestrian,pedestrian,sim-001eea2a-pedestrian-00012,sim-001eea2a-pedestrian-00012,False,1140.3874433963665,True,True,119.09999999999538,135.59999999999658,16.500000000001208,True,True,False,0.1,False,False,,0.42500000000000027
Hybrid ML Controller,2026026,d8f1ae27925d77e0,seed-2026026-scenario-00013,slow_car,slow_car,sim-001eea2a-slow-car-00013,sim-001eea2a-slow-car-00013,False,1233.369032601882,True,True,148.19999999999945,179.95000000000667,31.75000000000722,True,True,False,0.0,False,False,4.066458991957792,3.625
Hybrid ML Controller,2026026,d8f1ae27925d77e0,seed-2026026-scenario-00014,stopped_car,mixed,sim-001eea2a-stopped-car-00014,sim-001eea2a-stopped-car-00014|sim-001eea2a-left-traffic-00014,True,1333.3232297627874,True,True,143.34999999999835,149.64999999999978,6.3000000000014325,True,True,False,0.0,False,False,0.11882679881914492,-1.875
Hybrid ML Controller,2026026,d8f1ae27925d77e0,seed-2026026-scenario-00015,slow_car,slow_car,sim-001eea2a-slow-car-00015,sim-001eea2a-slow-car-00015,False,1432.5764193874782,True,True,152.60000000000045,174.25000000000537,21.650000000004923,True,True,False,0.0,False,False,4.140075002870206,3.299947462911931
Hybrid ML Controller,2026026,d8f1ae27925d77e0,seed-2026026-scenario-00016,stopped_car,stopped_car,sim-001eea2a-stopped-car-00016,sim-001eea2a-stopped-car-00016,False,1510.2372726754666,True,True,156.95000000000144,170.35000000000448,13.400000000003047,True,True,False,0.0,True,True,0.522213106598798,0.41733504140763567
Hybrid ML Controller,2026026,d8f1ae27925d77e0,seed-2026026-scenario-00017,truck,truck,sim-001eea2a-truck-00017,sim-001eea2a-truck-00017,False,1588.6063179439332,True,True,179.1500000000065,203.25000000001197,24.10000000000548,True,True,False,0.0,False,False,10.971973978359399,3.3
Hybrid ML Controller,2026026,d8f1ae27925d77e0,seed-2026026-scenario-00018,stopped_car,mixed,sim-001eea2a-stopped-car-00018,sim-001eea2a-stopped-car-00018|sim-001eea2a-left-traffic-00018,True,1691.1267829756096,True,True,180.45000000000678,192.75000000000958,12.300000000002797,True,True,False,0.0,True,True,0.1518403309636129,-1.875
Hybrid ML Controller,2026026,d8f1ae27925d77e0,seed-2026026-scenario-00019,slow_car,mixed,sim-001eea2a-slow-car-00019,sim-001eea2a-slow-car-00019|sim-001eea2a-left-traffic-00019,True,1775.4900458682368,True,True,202.20000000001173,228.0500000000176,25.850000000005878,True,True,False,0.0,False,False,10.120391942067064,1.3045478220897038
Hybrid ML Controller,2026026,d8f1ae27925d77e0,seed-2026026-scenario-00020,stopped_car,stopped_car,sim-001eea2a-stopped-car-00020,sim-001eea2a-stopped-car-00020,False,1876.1068364033704,True,True,202.70000000001184,216.80000000001505,14.100000000003206,True,False,True,0.6,True,True,1.8234401109109684,1.156507241654457
Hybrid ML Controller,2026026,d8f1ae27925d77e0,seed-2026026-scenario-00021,truck,truck,sim-001eea2a-truck-00021,sim-001eea2a-truck-00021,False,1950.37710178832,True,True,223.05000000001647,281.8000000000298,58.75000000001333,True,True,False,1.1500000000000004,True,True,5.4204923091893376,3.3
Hybrid ML Controller,2026026,d8f1ae27925d77e0,seed-2026026-scenario-00022,slow_car,mixed,sim-001eea2a-slow-car-00022,sim-001eea2a-slow-car-00022|sim-001eea2a-left-traffic-00022,True,2055.636121386405,True,True,228.10000000001762,279.5000000000293,51.40000000001166,True,True,False,2.499999999999999,False,False,0.08712323532519857,-1.875
Hybrid ML Controller,2026026,d8f1ae27925d77e0,seed-2026026-scenario-00023,pedestrian,pedestrian,sim-001eea2a-pedestrian-00023,sim-001eea2a-pedestrian-00023,False,2132.814381119525,True,True,232.9000000000187,254.65000000002365,21.750000000004945,True,True,False,0.1,False,False,,0.42500000000000027
Hybrid ML Controller,2026026,d8f1ae27925d77e0,seed-2026026-scenario-00024,pedestrian,pedestrian,sim-001eea2a-pedestrian-00024,sim-001eea2a-pedestrian-00024,False,2225.2370793827317,True,True,254.9000000000237,274.7000000000282,19.800000000004474,True,True,False,0.1,False,False,,0.42500000000000027
Hybrid ML Controller,2026026,d8f1ae27925d77e0,seed-2026026-scenario-00025,slow_car,slow_car,sim-001eea2a-slow-car-00025,sim-001eea2a-slow-car-00025,False,2300.6659314121725,True,False,283.5000000000302,293.1500000000324,9.650000000002194,True,False,False,0.0,False,False,,3.625
Hybrid ML Controller,2026026,d8f1ae27925d77e0,seed-2026026-scenario-00026,slow_car,slow_car,sim-001eea2a-slow-car-00026,sim-001eea2a-slow-car-00026,False,2375.202754705571,True,False,283.2000000000301,294.6500000000327,11.450000000002603,True,False,False,0.0,False,False,,3.625
Hybrid ML Controller,2026026,d8f1ae27925d77e0,seed-2026026-scenario-00027,stopped_car,mixed,sim-001eea2a-stopped-car-00027,sim-001eea2a-stopped-car-00027|sim-001eea2a-left-traffic-00027,True,2467.4839330647055,True,False,286.00000000003075,292.2500000000322,6.250000000001421,True,False,False,0.0,False,False,9.952490432081067,3.625
Hybrid ML Controller,2026026,d8f1ae27925d77e0,seed-2026026-scenario-00028,truck,truck,sim-001eea2a-truck-00028,sim-001eea2a-truck-00028,False,2543.4396051314056,True,False,294.00000000003257,,,False,False,False,0.0,False,False,,16.631783439263735
Hybrid ML Controller,2026026,d8f1ae27925d77e0,seed-2026026-scenario-00029,stopped_car,stopped_car,sim-001eea2a-stopped-car-00029,sim-001eea2a-stopped-car-00029,False,2643.081718437125,True,False,298.6000000000336,,,False,False,False,0.0,False,False,,51.145234473604916
Hybrid ML Controller,2026026,d8f1ae27925d77e0,seed-2026026-scenario-00030,stopped_car,mixed,sim-001eea2a-stopped-car-00030,sim-001eea2a-stopped-car-00030|sim-001eea2a-left-traffic-00030,True,2737.243628859101,False,False,,,,False,False,False,0.0,False,False,,
Hybrid ML Controller,2026026,d8f1ae27925d77e0,seed-2026026-scenario-00031,slow_car,mixed,sim-001eea2a-slow-car-00031,sim-001eea2a-slow-car-00031|sim-001eea2a-left-traffic-00031,True,2817.372051184646,False,False,,,,False,False,False,0.0,False,False,,
Hybrid ML Controller,2026026,d8f1ae27925d77e0,seed-2026026-scenario-00032,pedestrian,pedestrian,sim-001eea2a-pedestrian-00032,sim-001eea2a-pedestrian-00032,False,2885.9431710892304,False,False,,,,False,False,False,0.0,False,False,,
Hybrid ML Controller,2026026,d8f1ae27925d77e0,seed-2026026-scenario-00033,truck,mixed,sim-001eea2a-truck-00033,sim-001eea2a-truck-00033|sim-001eea2a-left-traffic-00033,True,2967.724817616153,False,False,,,,False,False,False,0.0,False,False,,
Hybrid ML Controller,2026026,d8f1ae27925d77e0,seed-2026026-scenario-00034,truck,truck,sim-001eea2a-truck-00034,sim-001eea2a-truck-00034,False,3073.497391939672,False,False,,,,False,False,False,0.0,False,False,,
Hybrid ML Controller,2026026,d8f1ae27925d77e0,seed-2026026-scenario-00035,slow_car,slow_car,sim-001eea2a-slow-car-00035,sim-001eea2a-slow-car-00035,False,3165.5222289388144,False,False,,,,False,False,False,0.0,False,False,,
Hybrid ML Controller,2026026,d8f1ae27925d77e0,seed-2026026-scenario-00036,truck,truck,sim-001eea2a-truck-00036,sim-001eea2a-truck-00036,False,3260.0711290877853,False,False,,,,False,False,False,0.0,False,False,,
Hybrid ML Controller,2026026,d8f1ae27925d77e0,seed-2026026-scenario-00037,truck,mixed,sim-001eea2a-truck-00037,sim-001eea2a-truck-00037|sim-001eea2a-left-traffic-00037,True,3333.021267290608,False,False,,,,False,False,False,0.0,False,False,,
Hybrid ML Controller,2026026,d8f1ae27925d77e0,seed-2026026-scenario-00038,slow_car,slow_car,sim-001eea2a-slow-car-00038,sim-001eea2a-slow-car-00038,False,3419.2499099307124,False,False,,,,False,False,False,0.0,False,False,,
Hybrid ML Controller,2026026,d8f1ae27925d77e0,seed-2026026-scenario-00040,slow_car,slow_car,sim-001eea2a-slow-car-00040,sim-001eea2a-slow-car-00040,False,3608.0019415114302,False,False,,,,False,False,False,0.0,False,False,,
Hybrid ML Controller,2026026,d8f1ae27925d77e0,seed-2026026-scenario-00041,pedestrian,pedestrian,sim-001eea2a-pedestrian-00041,sim-001eea2a-pedestrian-00041,False,3685.1560738620437,False,False,,,,False,False,False,0.0,False,False,,
Hybrid ML Controller,2026026,d8f1ae27925d77e0,seed-2026026-scenario-00042,pedestrian,pedestrian,sim-001eea2a-pedestrian-00042,sim-001eea2a-pedestrian-00042,False,3756.822095632961,False,False,,,,False,False,False,0.0,False,False,,
Hybrid ML Controller,2026026,d8f1ae27925d77e0,seed-2026026-scenario-00043,slow_car,slow_car,sim-001eea2a-slow-car-00043,sim-001eea2a-slow-car-00043,False,3855.699377728006,False,False,,,,False,False,False,0.0,False,False,,
Hybrid ML Controller,2026026,d8f1ae27925d77e0,seed-2026026-scenario-00045,truck,mixed,sim-001eea2a-truck-00045,sim-001eea2a-truck-00045|sim-001eea2a-left-traffic-00045,True,4016.4610768716043,False,False,,,,False,False,False,0.0,False,False,,
Hybrid ML Controller,2026026,d8f1ae27925d77e0,seed-2026026-scenario-00046,stopped_car,stopped_car,sim-001eea2a-stopped-car-00046,sim-001eea2a-stopped-car-00046,False,4111.037340099183,False,False,,,,False,False,False,0.0,False,False,,
Hybrid ML Controller,2026026,d8f1ae27925d77e0,seed-2026026-scenario-00047,pedestrian,pedestrian,sim-001eea2a-pedestrian-00047,sim-001eea2a-pedestrian-00047,False,4208.127220243385,False,False,,,,False,False,False,0.0,False,False,,
Hybrid ML Controller,2026026,d8f1ae27925d77e0,seed-2026026-scenario-00048,slow_car,slow_car,sim-001eea2a-slow-car-00048,sim-001eea2a-slow-car-00048,False,4295.549557303305,False,False,,,,False,False,False,0.0,False,False,,
Hybrid ML Controller,2026026,d8f1ae27925d77e0,seed-2026026-scenario-00049,truck,truck,sim-001eea2a-truck-00049,sim-001eea2a-truck-00049,False,4391.494533496627,False,False,,,,False,False,False,0.0,False,False,,
Rule Controller,2026027,5a4203c50f61ee76,seed-2026027-scenario-00000,slow_car,slow_car,sim-001eea2b-slow-car-00000,sim-001eea2b-slow-car-00000,False,64.98939728621428,True,True,0.05,36.80000000000005,36.75000000000005,True,True,False,0.0,True,True,4.684538264948538,3.625
Rule Controller,2026027,5a4203c50f61ee76,seed-2026027-scenario-00001,pedestrian,pedestrian,sim-001eea2b-pedestrian-00001,sim-001eea2b-pedestrian-00001,False,142.9999300608083,True,True,8.349999999999984,26.800000000000246,18.450000000000262,True,True,False,0.1,False,False,,0.42500000000000027
Rule Controller,2026027,5a4203c50f61ee76,seed-2026027-scenario-00003,stopped_car,stopped_car,sim-001eea2b-stopped-car-00003,sim-001eea2b-stopped-car-00003,False,322.33182608708466,True,True,33.55000000000023,39.84999999999987,6.299999999999642,True,True,False,0.0,False,False,,3.625
Rule Controller,2026027,5a4203c50f61ee76,seed-2026027-scenario-00005,truck,truck,sim-001eea2b-truck-00005,sim-001eea2b-truck-00005,False,488.2269188357923,True,True,48.89999999999936,61.39999999999865,12.49999999999929,True,True,False,3.349999999999996,True,True,3.5426774893963127,2.9638026160222783
Rule Controller,2026027,5a4203c50f61ee76,seed-2026027-scenario-00006,truck,mixed,sim-001eea2b-truck-00006,sim-001eea2b-truck-00006|sim-001eea2b-left-traffic-00006,True,564.3575563943953,True,True,56.199999999998944,116.8999999999955,60.69999999999656,True,True,False,0.0,False,False,0.23916968867387042,-1.875
Rule Controller,2026027,5a4203c50f61ee76,seed-2026027-scenario-00007,pedestrian,pedestrian,sim-001eea2b-pedestrian-00007,sim-001eea2b-pedestrian-00007,False,657.4847336104567,True,True,58.19999999999883,77.09999999999776,18.899999999998933,True,True,False,0.1,False,False,,0.42500000000000027
Rule Controller,2026027,5a4203c50f61ee76,seed-2026027-scenario-00008,pedestrian,pedestrian,sim-001eea2b-pedestrian-00008,sim-001eea2b-pedestrian-00008,False,756.2875597756225,True,True,77.94999999999771,95.8999999999967,17.94999999999898,True,True,False,0.1,False,False,,0.42500000000000027
Rule Controller,2026027,5a4203c50f61ee76,seed-2026027-scenario-00009,stopped_car,stopped_car,sim-001eea2b-stopped-car-00009,sim-001eea2b-stopped-car-00009,False,863.3240312517323,True,True,97.4499999999966,103.74999999999625,6.299999999999642,True,True,False,0.0,False,False,,3.625
Rule Controller,2026027,5a4203c50f61ee76,seed-2026027-scenario-00010,slow_car,slow_car,sim-001eea2b-slow-car-00010,sim-001eea2b-slow-car-00010,False,961.3581542441066,True,True,106.14999999999611,114.74999999999562,8.599999999999511,True,True,False,0.0,False,False,,3.625
Rule Controller,2026027,5a4203c50f61ee76,seed-2026027-scenario-00011,slow_car,slow_car,sim-001eea2b-slow-car-00011,sim-001eea2b-slow-car-00011,False,1067.5273113816506,True,True,115.84999999999556,214.65000000001456,98.800000000019,True,True,False,0.0,True,True,4.40321075075117,3.4600697403169414
Rule Controller,2026027,5a4203c50f61ee76,seed-2026027-scenario-00012,pedestrian,pedestrian,sim-001eea2b-pedestrian-00012,sim-001eea2b-pedestrian-00012,False,1136.0760165399786,True,True,117.09999999999549,133.74999999999616,16.650000000000674,True,True,False,0.1,False,False,,0.42500000000000027
Rule Controller,2026027,5a4203c50f61ee76,seed-2026027-scenario-00014,slow_car,slow_car,sim-001eea2b-slow-car-00014,sim-001eea2b-slow-car-00014,False,1342.2099081303302,True,True,144.09999999999852,201.80000000001164,57.70000000001312,True,True,False,0.0,False,False,,3.625
Rule Controller,2026027,5a4203c50f61ee76,seed-2026027-scenario-00015,slow_car,slow_car,sim-001eea2b-slow-car-00015,sim-001eea2b-slow-car-00015,False,1449.5496479643252,True,True,203.75000000001208,213.15000000001422,9.400000000002137,True,True,False,0.0,False,False,3.2395478169673213,3.2368055074891515
Rule Controller,2026027,5a4203c50f61ee76,seed-2026027-scenario-00016,stopped_car,stopped_car,sim-001eea2b-stopped-car-00016,sim-001eea2b-stopped-car-00016,False,1551.0139419063742,True,True,174.65000000000546,193.2500000000097,18.60000000000423,True,True,False,0.0,False,False,,3.625
Rule Controller,2026027,5a4203c50f61ee76,seed-2026027-scenario-00017,truck,truck,sim-001eea2b-truck-00017,sim-001eea2b-truck-00017,False,1656.4444737702852,True,True,214.15000000001444,231.75000000001845,17.600000000004002,True,True,False,0.0,True,True,2.772229149568681,3.0966216763304333
Rule Controller,2026027,5a4203c50f61ee76,seed-2026027-scenario-00018,slow_car,mixed,sim-001eea2b-slow-car-00018,sim-001eea2b-slow-car-00018|sim-001eea2b-left-traffic-00018,True,1726.323230072868,True,True,209.1000000000133,218.05000000001533,8.950000000002035,True,True,False,0.0,False,False,0.06254237272551182,-0.5544999999999956
Rule Controller,2026027,5a4203c50f61ee76,seed-2026027-scenario-00019,truck,mixed,sim-001eea2b-truck-00019,sim-001eea2b-truck-00019|sim-001eea2b-left-traffic-00019,True,1800.7001262335807,True,True,215.40000000001473,234.30000000001903,18.900000000004297,True,False,True,0.0,True,False,3.9999495444869257,1.2000000000000002
Rule Controller,2026027,5a4203c50f61ee76,seed-2026027-scenario-00020,stopped_car,stopped_car,sim-001eea2b-stopped-car-00020,sim-001eea2b-stopped-car-00020,False,1903.107451180543,True,True,218.90000000001552,228.60000000001773,9.700000000002206,True,True,False,0.0,False,False,2.5161627955926087,2.2058402385061457
Rule Controller,2026027,5a4203c50f61ee76,seed-2026027-scenario-00021,slow_car,mixed,sim-001eea2b-slow-car-00021,sim-001eea2b-slow-car-00021|sim-001eea2b-left-traffic-00021,True,1988.7486540644995,True,True,231.90000000001848,253.0500000000233,21.15000000000481,True,False,True,0.0,True,True,0.19772526511480534,-0.5819999999999954
Rule Controller,2026027,5a4203c50f61ee76,seed-2026027-scenario-00022,slow_car,slow_car,sim-001eea2b-slow-car-00022,sim-001eea2b-slow-car-00022,False,2095.921392400893,True,True,252.75000000002322,,,False,False,False,0.0,True,False,4.222741358256697,6.628065300960081
Rule Controller,2026027,5a4203c50f61ee76,seed-2026027-scenario-00023,pedestrian,pedestrian,sim-001eea2b-pedestrian-00023,sim-001eea2b-pedestrian-00023,False,2200.4366025321365,True,True,252.50000000002316,269.600000000027,17.10000000000386,True,True,False,0.1,False,False,4.259914389475254,5.457824498424088
Rule Controller,2026027,5a4203c50f61ee76,seed-2026027-scenario-00024,pedestrian,pedestrian,sim-001eea2b-pedestrian-00024,sim-001eea2b-pedestrian-00024,False,2280.5271260358377,True,True,268.45000000002676,289.15000000003147,20.700000000004707,True,True,False,0.1,False,False,,5.38881435397434
Rule Controller,2026027,5a4203c50f61ee76,seed-2026027-scenario-00025,truck,truck,sim-001eea2b-truck-00025,sim-001eea2b-truck-00025,False,2367.2576683376437,False,False,,,,False,False,False,0.0,False,False,,
Rule Controller,2026027,5a4203c50f61ee76,seed-2026027-scenario-00027,slow_car,slow_car,sim-001eea2b-slow-car-00027,sim-001eea2b-slow-car-00027,False,2529.224743943167,False,False,,,,False,False,False,0.0,False,False,,
Rule Controller,2026027,5a4203c50f61ee76,seed-2026027-scenario-00028,truck,truck,sim-001eea2b-truck-00028,sim-001eea2b-truck-00028,False,2620.982088535299,False,False,,,,False,False,False,0.0,False,False,,
Rule Controller,2026027,5a4203c50f61ee76,seed-2026027-scenario-00029,slow_car,slow_car,sim-001eea2b-slow-car-00029,sim-001eea2b-slow-car-00029,False,2697.0624349490927,False,False,,,,False,False,False,0.0,False,False,,
Rule Controller,2026027,5a4203c50f61ee76,seed-2026027-scenario-00030,slow_car,mixed,sim-001eea2b-slow-car-00030,sim-001eea2b-slow-car-00030|sim-001eea2b-left-traffic-00030,True,2797.3804161088647,False,False,,,,False,False,False,0.0,False,False,,
Rule Controller,2026027,5a4203c50f61ee76,seed-2026027-scenario-00031,slow_car,slow_car,sim-001eea2b-slow-car-00031,sim-001eea2b-slow-car-00031,False,2885.783705641689,False,False,,,,False,False,False,0.0,False,False,,
Rule Controller,2026027,5a4203c50f61ee76,seed-2026027-scenario-00032,truck,truck,sim-001eea2b-truck-00032,sim-001eea2b-truck-00032,False,2988.1966171438467,False,False,,,,False,False,False,0.0,False,False,,
Rule Controller,2026027,5a4203c50f61ee76,seed-2026027-scenario-00033,slow_car,slow_car,sim-001eea2b-slow-car-00033,sim-001eea2b-slow-car-00033,False,3089.3049739658627,False,False,,,,False,False,False,0.0,False,False,,
Rule Controller,2026027,5a4203c50f61ee76,seed-2026027-scenario-00035,pedestrian,pedestrian,sim-001eea2b-pedestrian-00035,sim-001eea2b-pedestrian-00035,False,3270.3871107996197,False,False,,,,False,False,False,0.0,False,False,,
Rule Controller,2026027,5a4203c50f61ee76,seed-2026027-scenario-00036,stopped_car,mixed,sim-001eea2b-stopped-car-00036,sim-001eea2b-stopped-car-00036|sim-001eea2b-left-traffic-00036,True,3349.97419835507,False,False,,,,False,False,False,0.0,False,False,,
Rule Controller,2026027,5a4203c50f61ee76,seed-2026027-scenario-00037,truck,truck,sim-001eea2b-truck-00037,sim-001eea2b-truck-00037,False,3432.6672370264714,False,False,,,,False,False,False,0.0,False,False,,
Rule Controller,2026027,5a4203c50f61ee76,seed-2026027-scenario-00038,stopped_car,stopped_car,sim-001eea2b-stopped-car-00038,sim-001eea2b-stopped-car-00038,False,3521.6509233207435,False,False,,,,False,False,False,0.0,False,False,,
Rule Controller,2026027,5a4203c50f61ee76,seed-2026027-scenario-00039,pedestrian,pedestrian,sim-001eea2b-pedestrian-00039,sim-001eea2b-pedestrian-00039,False,3591.806307972748,False,False,,,,False,False,False,0.0,False,False,,
Rule Controller,2026027,5a4203c50f61ee76,seed-2026027-scenario-00040,slow_car,slow_car,sim-001eea2b-slow-car-00040,sim-001eea2b-slow-car-00040,False,3688.5657122897937,False,False,,,,False,False,False,0.0,False,False,,
Rule Controller,2026027,5a4203c50f61ee76,seed-2026027-scenario-00041,stopped_car,mixed,sim-001eea2b-stopped-car-00041,sim-001eea2b-stopped-car-00041|sim-001eea2b-left-traffic-00041,True,3761.492015355604,False,False,,,,False,False,False,0.0,False,False,,
Rule Controller,2026027,5a4203c50f61ee76,seed-2026027-scenario-00043,truck,truck,sim-001eea2b-truck-00043,sim-001eea2b-truck-00043,False,3921.4893306283475,False,False,,,,False,False,False,0.0,False,False,,
Rule Controller,2026027,5a4203c50f61ee76,seed-2026027-scenario-00044,slow_car,slow_car,sim-001eea2b-slow-car-00044,sim-001eea2b-slow-car-00044,False,4021.0813821107363,False,False,,,,False,False,False,0.0,False,False,,
Rule Controller,2026027,5a4203c50f61ee76,seed-2026027-scenario-00045,stopped_car,mixed,sim-001eea2b-stopped-car-00045,sim-001eea2b-stopped-car-00045|sim-001eea2b-left-traffic-00045,True,4090.82033579403,False,False,,,,False,False,False,0.0,False,False,,
Rule Controller,2026027,5a4203c50f61ee76,seed-2026027-scenario-00046,slow_car,slow_car,sim-001eea2b-slow-car-00046,sim-001eea2b-slow-car-00046,False,4188.268495852724,False,False,,,,False,False,False,0.0,False,False,,
Rule Controller,2026027,5a4203c50f61ee76,seed-2026027-scenario-00047,pedestrian,pedestrian,sim-001eea2b-pedestrian-00047,sim-001eea2b-pedestrian-00047,False,4281.7435750218565,False,False,,,,False,False,False,0.0,False,False,,
Rule Controller,2026027,5a4203c50f61ee76,seed-2026027-scenario-00048,stopped_car,stopped_car,sim-001eea2b-stopped-car-00048,sim-001eea2b-stopped-car-00048,False,4349.805795829997,False,False,,,,False,False,False,0.0,False,False,,
Hybrid ML Controller,2026027,5a4203c50f61ee76,seed-2026027-scenario-00000,slow_car,slow_car,sim-001eea2b-slow-car-00000,sim-001eea2b-slow-car-00000,False,64.98939728621428,True,True,0.05,36.80000000000005,36.75000000000005,True,True,False,0.0,True,True,4.684538264948538,3.625
Hybrid ML Controller,2026027,5a4203c50f61ee76,seed-2026027-scenario-00001,pedestrian,pedestrian,sim-001eea2b-pedestrian-00001,sim-001eea2b-pedestrian-00001,False,142.9999300608083,True,True,8.349999999999984,26.800000000000246,18.450000000000262,True,True,False,0.1,False,False,,0.42500000000000027
Hybrid ML Controller,2026027,5a4203c50f61ee76,seed-2026027-scenario-00003,stopped_car,stopped_car,sim-001eea2b-stopped-car-00003,sim-001eea2b-stopped-car-00003,False,322.33182608708466,True,True,33.55000000000023,39.84999999999987,6.299999999999642,True,True,False,0.0,False,False,,3.625
Hybrid ML Controller,2026027,5a4203c50f61ee76,seed-2026027-scenario-00005,truck,truck,sim-001eea2b-truck-00005,sim-001eea2b-truck-00005,False,488.2269188357923,True,True,48.89999999999936,114.09999999999566,65.1999999999963,True,True,False,0.0,True,True,7.16469701445919,3.3
Hybrid ML Controller,2026027,5a4203c50f61ee76,seed-2026027-scenario-00006,truck,mixed,sim-001eea2b-truck-00006,sim-001eea2b-truck-00006|sim-001eea2b-left-traffic-00006,True,564.3575563943953,True,True,66.04999999999839,147.5499999999993,81.50000000000091,True,True,False,2.1500000000000004,True,True,0.11193881525695813,-1.875
Hybrid ML Controller,2026027,5a4203c50f61ee76,seed-2026027-scenario-00007,pedestrian,pedestrian,sim-001eea2b-pedestrian-00007,sim-001eea2b-pedestrian-00007,False,657.4847336104567,True,True,61.59999999999864,82.09999999999748,20.499999999998842,True,True,False,0.1,False,False,,0.42500000000000027
Hybrid ML Controller,2026027,5a4203c50f61ee76,seed-2026027-scenario-00008,pedestrian,pedestrian,sim-001eea2b-pedestrian-00008,sim-001eea2b-pedestrian-00008,False,756.2875597756225,True,True,82.94999999999743,100.94999999999641,17.999999999998977,True,True,False,0.1,False,False,,0.42500000000000027
Hybrid ML Controller,2026027,5a4203c50f61ee76,seed-2026027-scenario-00009,stopped_car,stopped_car,sim-001eea2b-stopped-car-00009,sim-001eea2b-stopped-car-00009,False,863.3240312517323,True,True,102.49999999999632,108.79999999999596,6.299999999999642,True,True,False,0.0,False,False,,3.625
Hybrid ML Controller,2026027,5a4203c50f61ee76,seed-2026027-scenario-00010,slow_car,slow_car,sim-001eea2b-slow-car-00010,sim-001eea2b-slow-car-00010,False,961.3581542441066,True,True,111.14999999999583,119.79999999999534,8.649999999999508,True,True,False,0.0,False,False,,3.625
Hybrid ML Controller,2026027,5a4203c50f61ee76,seed-2026027-scenario-00011,slow_car,slow_car,sim-001eea2b-slow-car-00011,sim-001eea2b-slow-car-00011,False,1067.5273113816506,True,True,120.89999999999527,228.9500000000178,108.05000000002254,True,True,False,0.0,False,False,10.899802359735297,3.625
Hybrid ML Controller,2026027,5a4203c50f61ee76,seed-2026027-scenario-00012,pedestrian,pedestrian,sim-001eea2b-pedestrian-00012,sim-001eea2b-pedestrian-00012,False,1136.0760165399786,True,True,122.1499999999952,138.7499999999973,16.600000000002098,True,True,False,0.1,False,False,,0.42500000000000027
Hybrid ML Controller,2026027,5a4203c50f61ee76,seed-2026027-scenario-00014,slow_car,slow_car,sim-001eea2b-slow-car-00014,sim-001eea2b-slow-car-00014,False,1342.2099081303302,True,True,149.14999999999966,206.55000000001272,57.40000000001305,True,True,False,0.0,False,False,,3.625
Hybrid ML Controller,2026027,5a4203c50f61ee76,seed-2026027-scenario-00015,slow_car,slow_car,sim-001eea2b-slow-car-00015,sim-001eea2b-slow-car-00015,False,1449.5496479643252,True,True,208.95000000001326,225.30000000001698,16.350000000003718,True,True,False,0.0,False,False,6.552913018490078,3.625
Hybrid ML Controller,2026027,5a4203c50f61ee76,seed-2026027-scenario-00016,stopped_car,stopped_car,sim-001eea2b-stopped-car-00016,sim-001eea2b-stopped-car-00016,False,1551.0139419063742,True,True,179.6500000000066,198.25000000001083,18.60000000000423,True,True,False,0.0,False,False,,3.625
Hybrid ML Controller,2026027,5a4203c50f61ee76,seed-2026027-scenario-00017,truck,truck,sim-001eea2b-truck-00017,sim-001eea2b-truck-00017,False,1656.4444737702852,True,True,228.0000000000176,241.6500000000207,13.650000000003104,True,True,False,0.0,False,False,,3.3
Hybrid ML Controller,2026027,5a4203c50f61ee76,seed-2026027-scenario-00018,slow_car,mixed,sim-001eea2b-slow-car-00018,sim-001eea2b-slow-car-00018|sim-001eea2b-left-traffic-00018,True,1726.323230072868,True,True,217.85000000001529,230.15000000001808,12.300000000002797,True,True,False,0.0,False,False,54.90282620752419,3.625
Hybrid ML Controller,2026027,5a4203c50f61ee76,seed-2026027-scenario-00019,truck,mixed,sim-001eea2b-truck-00019,sim-001eea2b-truck-00019|sim-001eea2b-left-traffic-00019,True,1800.7001262335807,True,True,228.4500000000177,246.5000000000218,18.050000000004104,True,False,True,0.0,True,False,8.603571948542163,1.2000000000000002
Hybrid ML Controller,2026027,5a4203c50f61ee76,seed-2026027-scenario-00020,stopped_car,stopped_car,sim-001eea2b-stopped-car-00020,sim-001eea2b-stopped-car-00020,False,1903.107451180543,True,True,228.9000000000178,235.20000000001923,6.3000000000014325,True,True,False,0.0,False,False,,3.625
Hybrid ML Controller,2026027,5a4203c50f61ee76,seed-2026027-scenario-00021,slow_car,mixed,sim-001eea2b-slow-car-00021,sim-001eea2b-slow-car-00021|sim-001eea2b-left-traffic-00021,True,1988.7486540644995,True,True,236.8500000000196,254.30000000002357,17.450000000003968,True,True,False,0.0,False,False,32.74782833163017,3.625
Hybrid ML Controller,2026027,5a4203c50f61ee76,seed-2026027-scenario-00022,slow_car,slow_car,sim-001eea2b-slow-car-00022,sim-001eea2b-slow-car-00022,False,2095.921392400893,True,True,256.00000000002393,,,False,False,False,0.0,False,False,6.736153368062024,37.45721004994757
Hybrid ML Controller,2026027,5a4203c50f61ee76,seed-2026027-scenario-00023,pedestrian,pedestrian,sim-001eea2b-pedestrian-00023,sim-001eea2b-pedestrian-00023,False,2200.4366025321365,True,True,257.85000000002435,276.2000000000285,18.350000000004172,True,True,False,0.1,False,False,3.2579888820186453,4.539972205046524
Hybrid ML Controller,2026027,5a4203c50f61ee76,seed-2026027-scenario-00024,pedestrian,pedestrian,sim-001eea2b-pedestrian-00024,sim-001eea2b-pedestrian-00024,False,2280.5271260358377,True,False,275.00000000002825,295.70000000003296,20.700000000004707,True,False,False,0.1,False,False,,4.82049570874733
Hybrid ML Controller,2026027,5a4203c50f61ee76,seed-2026027-scenario-00025,truck,truck,sim-001eea2b-truck-00025,sim-001eea2b-truck-00025,False,2367.2576683376437,False,False,,,,False,False,False,0.0,False,False,,
Hybrid ML Controller,2026027,5a4203c50f61ee76,seed-2026027-scenario-00027,slow_car,slow_car,sim-001eea2b-slow-car-00027,sim-001eea2b-slow-car-00027,False,2529.224743943167,False,False,,,,False,False,False,0.0,False,False,,
Hybrid ML Controller,2026027,5a4203c50f61ee76,seed-2026027-scenario-00028,truck,truck,sim-001eea2b-truck-00028,sim-001eea2b-truck-00028,False,2620.982088535299,False,False,,,,False,False,False,0.0,False,False,,
Hybrid ML Controller,2026027,5a4203c50f61ee76,seed-2026027-scenario-00029,slow_car,slow_car,sim-001eea2b-slow-car-00029,sim-001eea2b-slow-car-00029,False,2697.0624349490927,False,False,,,,False,False,False,0.0,False,False,,
Hybrid ML Controller,2026027,5a4203c50f61ee76,seed-2026027-scenario-00030,slow_car,mixed,sim-001eea2b-slow-car-00030,sim-001eea2b-slow-car-00030|sim-001eea2b-left-traffic-00030,True,2797.3804161088647,False,False,,,,False,False,False,0.0,False,False,,
Hybrid ML Controller,2026027,5a4203c50f61ee76,seed-2026027-scenario-00031,slow_car,slow_car,sim-001eea2b-slow-car-00031,sim-001eea2b-slow-car-00031,False,2885.783705641689,False,False,,,,False,False,False,0.0,False,False,,
Hybrid ML Controller,2026027,5a4203c50f61ee76,seed-2026027-scenario-00032,truck,truck,sim-001eea2b-truck-00032,sim-001eea2b-truck-00032,False,2988.1966171438467,False,False,,,,False,False,False,0.0,False,False,,
Hybrid ML Controller,2026027,5a4203c50f61ee76,seed-2026027-scenario-00033,slow_car,slow_car,sim-001eea2b-slow-car-00033,sim-001eea2b-slow-car-00033,False,3089.3049739658627,False,False,,,,False,False,False,0.0,False,False,,
Hybrid ML Controller,2026027,5a4203c50f61ee76,seed-2026027-scenario-00035,pedestrian,pedestrian,sim-001eea2b-pedestrian-00035,sim-001eea2b-pedestrian-00035,False,3270.3871107996197,False,False,,,,False,False,False,0.0,False,False,,
Hybrid ML Controller,2026027,5a4203c50f61ee76,seed-2026027-scenario-00036,stopped_car,mixed,sim-001eea2b-stopped-car-00036,sim-001eea2b-stopped-car-00036|sim-001eea2b-left-traffic-00036,True,3349.97419835507,False,False,,,,False,False,False,0.0,False,False,,
Hybrid ML Controller,2026027,5a4203c50f61ee76,seed-2026027-scenario-00037,truck,truck,sim-001eea2b-truck-00037,sim-001eea2b-truck-00037,False,3432.6672370264714,False,False,,,,False,False,False,0.0,False,False,,
Hybrid ML Controller,2026027,5a4203c50f61ee76,seed-2026027-scenario-00038,stopped_car,stopped_car,sim-001eea2b-stopped-car-00038,sim-001eea2b-stopped-car-00038,False,3521.6509233207435,False,False,,,,False,False,False,0.0,False,False,,
Hybrid ML Controller,2026027,5a4203c50f61ee76,seed-2026027-scenario-00039,pedestrian,pedestrian,sim-001eea2b-pedestrian-00039,sim-001eea2b-pedestrian-00039,False,3591.806307972748,False,False,,,,False,False,False,0.0,False,False,,
Hybrid ML Controller,2026027,5a4203c50f61ee76,seed-2026027-scenario-00040,slow_car,slow_car,sim-001eea2b-slow-car-00040,sim-001eea2b-slow-car-00040,False,3688.5657122897937,False,False,,,,False,False,False,0.0,False,False,,
Hybrid ML Controller,2026027,5a4203c50f61ee76,seed-2026027-scenario-00041,stopped_car,mixed,sim-001eea2b-stopped-car-00041,sim-001eea2b-stopped-car-00041|sim-001eea2b-left-traffic-00041,True,3761.492015355604,False,False,,,,False,False,False,0.0,False,False,,
Hybrid ML Controller,2026027,5a4203c50f61ee76,seed-2026027-scenario-00043,truck,truck,sim-001eea2b-truck-00043,sim-001eea2b-truck-00043,False,3921.4893306283475,False,False,,,,False,False,False,0.0,False,False,,
Hybrid ML Controller,2026027,5a4203c50f61ee76,seed-2026027-scenario-00044,slow_car,slow_car,sim-001eea2b-slow-car-00044,sim-001eea2b-slow-car-00044,False,4021.0813821107363,False,False,,,,False,False,False,0.0,False,False,,
Hybrid ML Controller,2026027,5a4203c50f61ee76,seed-2026027-scenario-00045,stopped_car,mixed,sim-001eea2b-stopped-car-00045,sim-001eea2b-stopped-car-00045|sim-001eea2b-left-traffic-00045,True,4090.82033579403,False,False,,,,False,False,False,0.0,False,False,,
Hybrid ML Controller,2026027,5a4203c50f61ee76,seed-2026027-scenario-00046,slow_car,slow_car,sim-001eea2b-slow-car-00046,sim-001eea2b-slow-car-00046,False,4188.268495852724,False,False,,,,False,False,False,0.0,False,False,,
Hybrid ML Controller,2026027,5a4203c50f61ee76,seed-2026027-scenario-00047,pedestrian,pedestrian,sim-001eea2b-pedestrian-00047,sim-001eea2b-pedestrian-00047,False,4281.7435750218565,False,False,,,,False,False,False,0.0,False,False,,
Hybrid ML Controller,2026027,5a4203c50f61ee76,seed-2026027-scenario-00048,stopped_car,stopped_car,sim-001eea2b-stopped-car-00048,sim-001eea2b-stopped-car-00048,False,4349.805795829997,False,False,,,,False,False,False,0.0,False,False,,
Rule Controller,2026028,3d12efb08ddc0ef4,seed-2026028-scenario-00000,pedestrian,pedestrian,sim-001eea2c-pedestrian-00000,sim-001eea2c-pedestrian-00000,False,70.13995218861426,True,True,0.05,20.65000000000016,20.600000000000158,True,True,False,0.1,False,False,5.223058476354997,5.925000000000001
Rule Controller,2026028,3d12efb08ddc0ef4,seed-2026028-scenario-00001,slow_car,mixed,sim-001eea2c-slow-car-00001,sim-001eea2c-slow-car-00001|sim-001eea2c-left-traffic-00001,True,160.43648032583195,True,True,28.900000000000276,46.99999999999947,18.09999999999919,True,False,True,0.0,True,True,0.07739413876931117,-0.41510792856803214
Rule Controller,2026028,3d12efb08ddc0ef4,seed-2026028-scenario-00002,stopped_car,stopped_car,sim-001eea2c-stopped-car-00002,sim-001eea2c-stopped-car-00002,False,240.04803617498328,True,True,26.750000000000245,33.00000000000026,6.250000000000018,True,True,False,0.0,True,True,1.90247304920443,2.5886452660927417
Rule Controller,2026028,3d12efb08ddc0ef4,seed-2026028-scenario-00003,truck,truck,sim-001eea2c-truck-00003,sim-001eea2c-truck-00003,False,312.89999099636805,True,True,34.95000000000015,59.24999999999877,24.29999999999862,True,True,False,0.0,True,True,2.64620593558159,2.1713984568142055
Rule Controller,2026028,3d12efb08ddc0ef4,seed-2026028-scenario-00004,stopped_car,stopped_car,sim-001eea2c-stopped-car-00004,sim-001eea2c-stopped-car-00004,False,397.4697483248125,True,True,42.799999999999706,50.49999999999927,7.699999999999562,True,False,True,0.0,False,False,,0.02741170045596819
Rule Controller,2026028,3d12efb08ddc0ef4,seed-2026028-scenario-00005,stopped_car,stopped_car,sim-001eea2c-stopped-car-00005,sim-001eea2c-stopped-car-00005,False,478.48615007690154,True,True,50.14999999999929,58.14999999999883,7.999999999999545,True,True,False,0.0,False,False,3.2881136418436343,2.886124552956612
Rule Controller,2026028,3d12efb08ddc0ef4,seed-2026028-scenario-00006,truck,mixed,sim-001eea2c-truck-00006,sim-001eea2c-truck-00006|sim-001eea2c-left-traffic-00006,True,585.7531657944844,True,True,62.74999999999857,91.39999999999695,28.64999999999838,True,True,False,0.9000000000000002,True,True,3.943787748424053,2.3928867991363503
Rule Controller,2026028,3d12efb08ddc0ef4,seed-2026028-scenario-00007,pedestrian,pedestrian,sim-001eea2c-pedestrian-00007,sim-001eea2c-pedestrian-00007,False,681.3931551393013,True,True,66.49999999999837,84.49999999999734,17.999999999998977,True,True,False,0.1,False,False,,0.42500000000000027
Rule Controller,2026028,3d12efb08ddc0ef4,seed-2026028-scenario-00008,slow_car,mixed,sim-001eea2c-slow-car-00008,sim-001eea2c-slow-car-00008|sim-001eea2c-left-traffic-00008,True,774.3736137102512,True,True,98.64999999999654,212.80000000001414,114.1500000000176,True,False,True,0.0,True,True,0.029398475547036052,-1.875
Rule Controller,2026028,3d12efb08ddc0ef4,seed-2026028-scenario-00009,stopped_car,stopped_car,sim-001eea2c-stopped-car-00009,sim-001eea2c-stopped-car-00009,False,855.0183531216863,True,True,90.84999999999698,97.09999999999663,6.249999999999645,True,True,False,0.0,False,False,,3.625
Rule Controller,2026028,3d12efb08ddc0ef4,seed-2026028-scenario-00010,pedestrian,pedestrian,sim-001eea2c-pedestrian-00010,sim-001eea2c-pedestrian-00010,False,947.0269985170713,True,True,97.4499999999966,115.94999999999555,18.49999999999895,True,True,False,0.1,False,False,,0.42500000000000027
Rule Controller,2026028,3d12efb08ddc0ef4,seed-2026028-scenario-00011,slow_car,slow_car,sim-001eea2c-slow-car-00011,sim-001eea2c-slow-car-00011,False,1039.6546092665376,True,True,124.54999999999507,154.25000000000082,29.70000000000576,True,True,False,1.7000000000000008,True,True,1.7345538713652586,2.0547130592266267
Rule Controller,2026028,3d12efb08ddc0ef4,seed-2026028-scenario-00012,pedestrian,pedestrian,sim-001eea2c-pedestrian-00012,sim-001eea2c-pedestrian-00012,False,1145.2866694417066,True,True,124.09999999999509,143.94999999999848,19.85000000000339,True,True,False,0.1,False,False,,0.42500000000000027
Rule Controller,2026028,3d12efb08ddc0ef4,seed-2026028-scenario-00013,slow_car,mixed,sim-001eea2c-slow-car-00013,sim-001eea2c-slow-car-00013|sim-001eea2c-left-traffic-00013,True,1250.0381902289275,True,True,152.70000000000047,199.20000000001104,46.50000000001057,True,False,True,0.0,True,True,1.6630826641874754,1.1999999999999549
Rule Controller,2026028,3d12efb08ddc0ef4,seed-2026028-scenario-00015,truck,mixed,sim-001eea2c-truck-00015,sim-001eea2c-truck-00015|sim-001eea2c-left-traffic-00015,True,1439.2166923531743,True,True,189.05000000000874,201.00000000001145,11.950000000002717,True,True,False,0.0,False,False,0.035448833120085184,-1.7174371054622881
Rule Controller,2026028,3d12efb08ddc0ef4,seed-2026028-scenario-00016,truck,mixed,sim-001eea2c-truck-00016,sim-001eea2c-truck-00016|sim-001eea2c-left-traffic-00016,True,1544.648273027352,True,True,198.90000000001098,213.5000000000143,14.60000000000332,True,True,False,0.0,False,False,0.11964265309706808,-1.8005105139980166
Rule Controller,2026028,3d12efb08ddc0ef4,seed-2026028-scenario-00017,slow_car,slow_car,sim-001eea2c-slow-car-00017,sim-001eea2c-slow-car-00017,False,1620.8297916326992,True,True,209.80000000001345,242.30000000002084,32.50000000000739,True,False,True,0.0,True,True,1.4930697954812253,1.1999999999999549
Rule Controller,2026028,3d12efb08ddc0ef4,seed-2026028-scenario-00018,slow_car,slow_car,sim-001eea2c-slow-car-00018,sim-001eea2c-slow-car-00018,False,1728.8275253109493,True,True,213.35000000001426,243.35000000002108,30.00000000000682,True,True,False,0.0,False,False,4.782327901111773,3.625
Rule Controller,2026028,3d12efb08ddc0ef4,seed-2026028-scenario-00019,pedestrian,pedestrian,sim-001eea2c-pedestrian-00019,sim-001eea2c-pedestrian-00019,False,1807.0768117980504,True,True,215.05000000001465,234.30000000001903,19.250000000004377,True,True,False,0.1,False,False,6.228034294381819,1.682685633377763
Rule Controller,2026028,3d12efb08ddc0ef4,seed-2026028-scenario-00020,slow_car,slow_car,sim-001eea2c-slow-car-00020,sim-001eea2c-slow-car-00020,False,1890.9216564633016,True,True,246.85000000002188,284.8500000000305,38.00000000000861,True,True,False,0.0,True,True,2.4763283312349573,2.510821770287509
Rule Controller,2026028,3d12efb08ddc0ef4,seed-2026028-scenario-00021,truck,truck,sim-001eea2c-truck-00021,sim-001eea2c-truck-00021,False,1978.2705919230925,True,True,242.90000000002098,271.3500000000274,28.45000000000644,True,True,False,2.9999999999999973,True,True,1.8732561788842657,1.1550419821247981
Rule Controller,2026028,3d12efb08ddc0ef4,seed-2026028-scenario-00023,truck,mixed,sim-001eea2c-truck-00023,sim-001eea2c-truck-00023|sim-001eea2c-left-traffic-00023,True,2164.389567227707,False,False,,,,False,False,False,0.0,False,False,,
Rule Controller,2026028,3d12efb08ddc0ef4,seed-2026028-scenario-00024,slow_car,mixed,sim-001eea2c-slow-car-00024,sim-001eea2c-slow-car-00024|sim-001eea2c-left-traffic-00024,True,2252.0353240194927,True,False,282.45000000002995,,,False,False,False,0.0,False,False,6.319981307168957,30.65272578502836
Rule Controller,2026028,3d12efb08ddc0ef4,seed-2026028-scenario-00025,stopped_car,stopped_car,sim-001eea2c-stopped-car-00025,sim-001eea2c-stopped-car-00025,False,2351.64021322483,True,False,283.00000000003007,296.60000000003316,13.600000000003092,True,False,True,4.3499999999999925,True,True,0.5626622388028184,1.2000000000001823
Rule Controller,2026028,3d12efb08ddc0ef4,seed-2026028-scenario-00026,pedestrian,pedestrian,sim-001eea2c-pedestrian-00026,sim-001eea2c-pedestrian-00026,False,2420.0450193443253,True,False,288.10000000003123,,,False,False,False,0.0,False,False,,19.146131776106973
Rule Controller,2026028,3d12efb08ddc0ef4,seed-2026028-scenario-00027,slow_car,mixed,sim-001eea2c-slow-car-00027,sim-001eea2c-slow-car-00027|sim-001eea2c-left-traffic-00027,True,2489.627078453415,False,False,,,,False,False,False,0.0,False,False,,
Rule Controller,2026028,3d12efb08ddc0ef4,seed-2026028-scenario-00028,truck,mixed,sim-001eea2c-truck-00028,sim-001eea2c-truck-00028|sim-001eea2c-left-traffic-00028,True,2581.1837572780883,False,False,,,,False,False,False,0.0,False,False,,
Rule Controller,2026028,3d12efb08ddc0ef4,seed-2026028-scenario-00029,slow_car,mixed,sim-001eea2c-slow-car-00029,sim-001eea2c-slow-car-00029|sim-001eea2c-left-traffic-00029,True,2663.3354608740906,False,False,,,,False,False,False,0.0,False,False,,
Rule Controller,2026028,3d12efb08ddc0ef4,seed-2026028-scenario-00031,pedestrian,pedestrian,sim-001eea2c-pedestrian-00031,sim-001eea2c-pedestrian-00031,False,2837.0565116456096,False,False,,,,False,False,False,0.0,False,False,,
Rule Controller,2026028,3d12efb08ddc0ef4,seed-2026028-scenario-00032,truck,mixed,sim-001eea2c-truck-00032,sim-001eea2c-truck-00032|sim-001eea2c-left-traffic-00032,True,2940.0228728922457,False,False,,,,False,False,False,0.0,False,False,,
Rule Controller,2026028,3d12efb08ddc0ef4,seed-2026028-scenario-00033,pedestrian,pedestrian,sim-001eea2c-pedestrian-00033,sim-001eea2c-pedestrian-00033,False,3019.216639298015,False,False,,,,False,False,False,0.0,False,False,,
Rule Controller,2026028,3d12efb08ddc0ef4,seed-2026028-scenario-00034,stopped_car,stopped_car,sim-001eea2c-stopped-car-00034,sim-001eea2c-stopped-car-00034,False,3089.4070019171577,False,False,,,,False,False,False,0.0,False,False,,
Rule Controller,2026028,3d12efb08ddc0ef4,seed-2026028-scenario-00035,pedestrian,pedestrian,sim-001eea2c-pedestrian-00035,sim-001eea2c-pedestrian-00035,False,3168.798337532347,False,False,,,,False,False,False,0.0,False,False,,
Rule Controller,2026028,3d12efb08ddc0ef4,seed-2026028-scenario-00037,truck,truck,sim-001eea2c-truck-00037,sim-001eea2c-truck-00037,False,3311.6140989992828,False,False,,,,False,False,False,0.0,False,False,,
Rule Controller,2026028,3d12efb08ddc0ef4,seed-2026028-scenario-00038,slow_car,slow_car,sim-001eea2c-slow-car-00038,sim-001eea2c-slow-car-00038,False,3415.5629806818224,False,False,,,,False,False,False,0.0,False,False,,
Rule Controller,2026028,3d12efb08ddc0ef4,seed-2026028-scenario-00039,pedestrian,pedestrian,sim-001eea2c-pedestrian-00039,sim-001eea2c-pedestrian-00039,False,3506.732317221131,False,False,,,,False,False,False,0.0,False,False,,
Rule Controller,2026028,3d12efb08ddc0ef4,seed-2026028-scenario-00040,slow_car,mixed,sim-001eea2c-slow-car-00040,sim-001eea2c-slow-car-00040|sim-001eea2c-left-traffic-00040,True,3614.3103852871373,False,False,,,,False,False,False,0.0,False,False,,
Rule Controller,2026028,3d12efb08ddc0ef4,seed-2026028-scenario-00041,pedestrian,pedestrian,sim-001eea2c-pedestrian-00041,sim-001eea2c-pedestrian-00041,False,3696.2444651242427,False,False,,,,False,False,False,0.0,False,False,,
Rule Controller,2026028,3d12efb08ddc0ef4,seed-2026028-scenario-00042,slow_car,slow_car,sim-001eea2c-slow-car-00042,sim-001eea2c-slow-car-00042,False,3785.837170803428,False,False,,,,False,False,False,0.0,False,False,,
Rule Controller,2026028,3d12efb08ddc0ef4,seed-2026028-scenario-00043,slow_car,mixed,sim-001eea2c-slow-car-00043,sim-001eea2c-slow-car-00043|sim-001eea2c-left-traffic-00043,True,3875.3727409242747,False,False,,,,False,False,False,0.0,False,False,,
Rule Controller,2026028,3d12efb08ddc0ef4,seed-2026028-scenario-00044,truck,truck,sim-001eea2c-truck-00044,sim-001eea2c-truck-00044,False,3943.6787162925607,False,False,,,,False,False,False,0.0,False,False,,
Rule Controller,2026028,3d12efb08ddc0ef4,seed-2026028-scenario-00045,stopped_car,stopped_car,sim-001eea2c-stopped-car-00045,sim-001eea2c-stopped-car-00045,False,4021.2749975982424,False,False,,,,False,False,False,0.0,False,False,,
Rule Controller,2026028,3d12efb08ddc0ef4,seed-2026028-scenario-00046,pedestrian,pedestrian,sim-001eea2c-pedestrian-00046,sim-001eea2c-pedestrian-00046,False,4091.424172615338,False,False,,,,False,False,False,0.0,False,False,,
Rule Controller,2026028,3d12efb08ddc0ef4,seed-2026028-scenario-00047,stopped_car,stopped_car,sim-001eea2c-stopped-car-00047,sim-001eea2c-stopped-car-00047,False,4160.882333011868,False,False,,,,False,False,False,0.0,False,False,,
Rule Controller,2026028,3d12efb08ddc0ef4,seed-2026028-scenario-00048,truck,mixed,sim-001eea2c-truck-00048,sim-001eea2c-truck-00048|sim-001eea2c-left-traffic-00048,True,4243.606979354774,False,False,,,,False,False,False,0.0,False,False,,
Rule Controller,2026028,3d12efb08ddc0ef4,seed-2026028-scenario-00049,slow_car,slow_car,sim-001eea2c-slow-car-00049,sim-001eea2c-slow-car-00049,False,4334.213834810029,False,False,,,,False,False,False,0.0,False,False,,
Rule Controller,2026028,3d12efb08ddc0ef4,seed-2026028-scenario-00050,stopped_car,mixed,sim-001eea2c-stopped-car-00050,sim-001eea2c-stopped-car-00050|sim-001eea2c-left-traffic-00050,True,4410.210717775929,False,False,,,,False,False,False,0.0,False,False,,
Hybrid ML Controller,2026028,3d12efb08ddc0ef4,seed-2026028-scenario-00000,pedestrian,pedestrian,sim-001eea2c-pedestrian-00000,sim-001eea2c-pedestrian-00000,False,70.13995218861426,True,True,0.05,20.300000000000153,20.250000000000153,True,True,False,0.1,False,False,2.3675748846720444,2.619952188614434
Hybrid ML Controller,2026028,3d12efb08ddc0ef4,seed-2026028-scenario-00001,slow_car,mixed,sim-001eea2c-slow-car-00001,sim-001eea2c-slow-car-00001|sim-001eea2c-left-traffic-00001,True,160.43648032583195,True,True,31.100000000000307,43.29999999999968,12.19999999999937,True,True,False,0.0,False,False,0.09614644462647924,-1.875
Hybrid ML Controller,2026028,3d12efb08ddc0ef4,seed-2026028-scenario-00002,stopped_car,stopped_car,sim-001eea2c-stopped-car-00002,sim-001eea2c-stopped-car-00002,False,240.04803617498328,True,True,26.550000000000242,36.300000000000075,9.749999999999833,True,True,False,0.0,True,True,4.4808262269188885,3.481373191910852
Hybrid ML Controller,2026028,3d12efb08ddc0ef4,seed-2026028-scenario-00003,truck,truck,sim-001eea2c-truck-00003,sim-001eea2c-truck-00003,False,312.89999099636805,True,True,40.49999999999984,51.34999999999922,10.849999999999383,True,True,False,0.0,False,False,,3.3
Hybrid ML Controller,2026028,3d12efb08ddc0ef4,seed-2026028-scenario-00004,stopped_car,stopped_car,sim-001eea2c-stopped-car-00004,sim-001eea2c-stopped-car-00004,False,397.4697483248125,True,True,41.399999999999785,47.69999999999943,6.299999999999642,True,True,False,0.0,False,False,,3.625
Hybrid ML Controller,2026028,3d12efb08ddc0ef4,seed-2026028-scenario-00005,stopped_car,stopped_car,sim-001eea2c-stopped-car-00005,sim-001eea2c-stopped-car-00005,False,478.48615007690154,True,True,47.24999999999945,53.4999999999991,6.249999999999645,True,True,False,0.0,False,False,,3.625
Hybrid ML Controller,2026028,3d12efb08ddc0ef4,seed-2026028-scenario-00006,truck,mixed,sim-001eea2c-truck-00006,sim-001eea2c-truck-00006|sim-001eea2c-left-traffic-00006,True,585.7531657944844,True,True,57.399999999998876,85.99999999999726,28.59999999999838,True,True,False,2.2,False,False,13.35301223052772,2.423648772608937
Hybrid ML Controller,2026028,3d12efb08ddc0ef4,seed-2026028-scenario-00007,pedestrian,pedestrian,sim-001eea2c-pedestrian-00007,sim-001eea2c-pedestrian-00007,False,681.3931551393013,True,True,61.84999999999862,79.8499999999976,17.999999999998984,True,True,False,0.1,False,False,,0.42500000000000027
Hybrid ML Controller,2026028,3d12efb08ddc0ef4,seed-2026028-scenario-00008,slow_car,mixed,sim-001eea2c-slow-car-00008,sim-001eea2c-slow-car-00008|sim-001eea2c-left-traffic-00008,True,774.3736137102512,True,True,93.9999999999968,197.80000000001073,103.80000000001392,True,True,False,0.0,False,False,0.014048082174499493,-1.875
Hybrid ML Controller,2026028,3d12efb08ddc0ef4,seed-2026028-scenario-00009,stopped_car,stopped_car,sim-001eea2c-stopped-car-00009,sim-001eea2c-stopped-car-00009,False,855.0183531216863,True,True,86.19999999999725,92.44999999999689,6.249999999999645,True,True,False,0.0,False,False,,3.625
Hybrid ML Controller,2026028,3d12efb08ddc0ef4,seed-2026028-scenario-00010,pedestrian,pedestrian,sim-001eea2c-pedestrian-00010,sim-001eea2c-pedestrian-00010,False,947.0269985170713,True,True,92.79999999999687,111.29999999999582,18.49999999999895,True,True,False,0.1,False,False,,0.42500000000000027
Hybrid ML Controller,2026028,3d12efb08ddc0ef4,seed-2026028-scenario-00011,slow_car,slow_car,sim-001eea2c-slow-car-00011,sim-001eea2c-slow-car-00011,False,1039.6546092665376,True,True,123.44999999999513,153.50000000000065,30.050000000005525,True,True,False,0.0,True,True,7.83753859380409,3.586933066620637
Hybrid ML Controller,2026028,3d12efb08ddc0ef4,seed-2026028-scenario-00012,pedestrian,pedestrian,sim-001eea2c-pedestrian-00012,sim-001eea2c-pedestrian-00012,False,1145.2866694417066,True,True,121.69999999999523,141.64999999999796,19.95000000000273,True,True,False,0.1,False,False,,0.42500000000000027
Hybrid ML Controller,2026028,3d12efb08ddc0ef4,seed-2026028-scenario-00013,slow_car,mixed,sim-001eea2c-slow-car-00013,sim-001eea2c-slow-car-00013|sim-001eea2c-left-traffic-00013,True,1250.0381902289275,True,True,150.39999999999995,189.70000000000888,39.300000000008936,True,True,False,0.0,False,False,16.074253175006817,2.422329904101959
Hybrid ML Controller,2026028,3d12efb08ddc0ef4,seed-2026028-scenario-00015,truck,mixed,sim-001eea2c-truck-00015,sim-001eea2c-truck-00015|sim-001eea2c-left-traffic-00015,True,1439.2166923531743,True,True,196.70000000001048,232.15000000001854,35.45000000000806,True,True,False,2.5999999999999988,False,False,,3.3
Hybrid ML Controller,2026028,3d12efb08ddc0ef4,seed-2026028-scenario-00016,truck,mixed,sim-001eea2c-truck-00016,sim-001eea2c-truck-00016|sim-001eea2c-left-traffic-00016,True,1544.648273027352,True,True,188.8500000000087,198.90000000001098,10.050000000002285,True,True,False,0.0,False,False,10.379850810801159,3.3
Hybrid ML Controller,2026028,3d12efb08ddc0ef4,seed-2026028-scenario-00017,slow_car,slow_car,sim-001eea2c-slow-car-00017,sim-001eea2c-slow-car-00017,False,1620.8297916326992,True,True,194.1500000000099,204.60000000001227,10.450000000002376,True,True,False,1.1500000000000004,False,False,,3.625
Hybrid ML Controller,2026028,3d12efb08ddc0ef4,seed-2026028-scenario-00018,slow_car,slow_car,sim-001eea2c-slow-car-00018,sim-001eea2c-slow-car-00018,False,1728.8275253109493,True,True,201.45000000001156,233.3500000000188,31.900000000007253,True,True,False,0.0,False,False,,3.625
Hybrid ML Controller,2026028,3d12efb08ddc0ef4,seed-2026028-scenario-00019,pedestrian,pedestrian,sim-001eea2c-pedestrian-00019,sim-001eea2c-pedestrian-00019,False,1807.0768117980504,True,True,204.7500000000123,225.15000000001695,20.40000000000464,True,True,False,0.1,False,False,,0.42500000000000027
Hybrid ML Controller,2026028,3d12efb08ddc0ef4,seed-2026028-scenario-00020,slow_car,slow_car,sim-001eea2c-slow-car-00020,sim-001eea2c-slow-car-00020,False,1890.9216564633016,True,True,238.1500000000199,275.7000000000284,37.55000000000851,True,True,False,0.0,False,False,40.43734381372001,3.625
Hybrid ML Controller,2026028,3d12efb08ddc0ef4,seed-2026028-scenario-00021,truck,truck,sim-001eea2c-truck-00021,sim-001eea2c-truck-00021,False,1978.2705919230925,True,True,233.85000000001892,268.00000000002666,34.150000000007736,True,True,False,0.0,True,True,10.11957292538018,3.3
Hybrid ML Controller,2026028,3d12efb08ddc0ef4,seed-2026028-scenario-00023,truck,mixed,sim-001eea2c-truck-00023,sim-001eea2c-truck-00023|sim-001eea2c-left-traffic-00023,True,2164.389567227707,True,False,280.0500000000294,,,False,False,False,0.0,False,False,18.5828265285296,53.50343879038426
Hybrid ML Controller,2026028,3d12efb08ddc0ef4,seed-2026028-scenario-00024,slow_car,mixed,sim-001eea2c-slow-car-00024,sim-001eea2c-slow-car-00024|sim-001eea2c-left-traffic-00024,True,2252.0353240194927,True,False,271.85000000002753,,,False,False,False,2.25,False,False,12.695536615568217,3.625
Hybrid ML Controller,2026028,3d12efb08ddc0ef4,seed-2026028-scenario-00025,stopped_car,stopped_car,sim-001eea2c-stopped-car-00025,sim-001eea2c-stopped-car-00025,False,2351.64021322483,True,False,273.70000000002796,279.9500000000294,6.250000000001421,True,False,False,0.0,False,False,,3.625
Hybrid ML Controller,2026028,3d12efb08ddc0ef4,seed-2026028-scenario-00026,pedestrian,pedestrian,sim-001eea2c-pedestrian-00026,sim-001eea2c-pedestrian-00026,False,2420.0450193443253,True,False,278.60000000002907,297.2000000000333,18.60000000000423,True,False,False,0.1,False,False,,0.42500000000000027
Hybrid ML Controller,2026028,3d12efb08ddc0ef4,seed-2026028-scenario-00027,slow_car,mixed,sim-001eea2c-slow-car-00027,sim-001eea2c-slow-car-00027|sim-001eea2c-left-traffic-00027,True,2489.627078453415,False,False,,,,False,False,False,0.0,False,False,,
Hybrid ML Controller,2026028,3d12efb08ddc0ef4,seed-2026028-scenario-00028,truck,mixed,sim-001eea2c-truck-00028,sim-001eea2c-truck-00028|sim-001eea2c-left-traffic-00028,True,2581.1837572780883,False,False,,,,False,False,False,0.0,False,False,,
Hybrid ML Controller,2026028,3d12efb08ddc0ef4,seed-2026028-scenario-00029,slow_car,mixed,sim-001eea2c-slow-car-00029,sim-001eea2c-slow-car-00029|sim-001eea2c-left-traffic-00029,True,2663.3354608740906,False,False,,,,False,False,False,0.0,False,False,,
Hybrid ML Controller,2026028,3d12efb08ddc0ef4,seed-2026028-scenario-00031,pedestrian,pedestrian,sim-001eea2c-pedestrian-00031,sim-001eea2c-pedestrian-00031,False,2837.0565116456096,False,False,,,,False,False,False,0.0,False,False,,
Hybrid ML Controller,2026028,3d12efb08ddc0ef4,seed-2026028-scenario-00032,truck,mixed,sim-001eea2c-truck-00032,sim-001eea2c-truck-00032|sim-001eea2c-left-traffic-00032,True,2940.0228728922457,False,False,,,,False,False,False,0.0,False,False,,
Hybrid ML Controller,2026028,3d12efb08ddc0ef4,seed-2026028-scenario-00033,pedestrian,pedestrian,sim-001eea2c-pedestrian-00033,sim-001eea2c-pedestrian-00033,False,3019.216639298015,False,False,,,,False,False,False,0.0,False,False,,
Hybrid ML Controller,2026028,3d12efb08ddc0ef4,seed-2026028-scenario-00034,stopped_car,stopped_car,sim-001eea2c-stopped-car-00034,sim-001eea2c-stopped-car-00034,False,3089.4070019171577,False,False,,,,False,False,False,0.0,False,False,,
Hybrid ML Controller,2026028,3d12efb08ddc0ef4,seed-2026028-scenario-00035,pedestrian,pedestrian,sim-001eea2c-pedestrian-00035,sim-001eea2c-pedestrian-00035,False,3168.798337532347,False,False,,,,False,False,False,0.0,False,False,,
Hybrid ML Controller,2026028,3d12efb08ddc0ef4,seed-2026028-scenario-00037,truck,truck,sim-001eea2c-truck-00037,sim-001eea2c-truck-00037,False,3311.6140989992828,False,False,,,,False,False,False,0.0,False,False,,
Hybrid ML Controller,2026028,3d12efb08ddc0ef4,seed-2026028-scenario-00038,slow_car,slow_car,sim-001eea2c-slow-car-00038,sim-001eea2c-slow-car-00038,False,3415.5629806818224,False,False,,,,False,False,False,0.0,False,False,,
Hybrid ML Controller,2026028,3d12efb08ddc0ef4,seed-2026028-scenario-00039,pedestrian,pedestrian,sim-001eea2c-pedestrian-00039,sim-001eea2c-pedestrian-00039,False,3506.732317221131,False,False,,,,False,False,False,0.0,False,False,,
Hybrid ML Controller,2026028,3d12efb08ddc0ef4,seed-2026028-scenario-00040,slow_car,mixed,sim-001eea2c-slow-car-00040,sim-001eea2c-slow-car-00040|sim-001eea2c-left-traffic-00040,True,3614.3103852871373,False,False,,,,False,False,False,0.0,False,False,,
Hybrid ML Controller,2026028,3d12efb08ddc0ef4,seed-2026028-scenario-00041,pedestrian,pedestrian,sim-001eea2c-pedestrian-00041,sim-001eea2c-pedestrian-00041,False,3696.2444651242427,False,False,,,,False,False,False,0.0,False,False,,
Hybrid ML Controller,2026028,3d12efb08ddc0ef4,seed-2026028-scenario-00042,slow_car,slow_car,sim-001eea2c-slow-car-00042,sim-001eea2c-slow-car-00042,False,3785.837170803428,False,False,,,,False,False,False,0.0,False,False,,
Hybrid ML Controller,2026028,3d12efb08ddc0ef4,seed-2026028-scenario-00043,slow_car,mixed,sim-001eea2c-slow-car-00043,sim-001eea2c-slow-car-00043|sim-001eea2c-left-traffic-00043,True,3875.3727409242747,False,False,,,,False,False,False,0.0,False,False,,
Hybrid ML Controller,2026028,3d12efb08ddc0ef4,seed-2026028-scenario-00044,truck,truck,sim-001eea2c-truck-00044,sim-001eea2c-truck-00044,False,3943.6787162925607,False,False,,,,False,False,False,0.0,False,False,,
Hybrid ML Controller,2026028,3d12efb08ddc0ef4,seed-2026028-scenario-00045,stopped_car,stopped_car,sim-001eea2c-stopped-car-00045,sim-001eea2c-stopped-car-00045,False,4021.2749975982424,False,False,,,,False,False,False,0.0,False,False,,
Hybrid ML Controller,2026028,3d12efb08ddc0ef4,seed-2026028-scenario-00046,pedestrian,pedestrian,sim-001eea2c-pedestrian-00046,sim-001eea2c-pedestrian-00046,False,4091.424172615338,False,False,,,,False,False,False,0.0,False,False,,
Hybrid ML Controller,2026028,3d12efb08ddc0ef4,seed-2026028-scenario-00047,stopped_car,stopped_car,sim-001eea2c-stopped-car-00047,sim-001eea2c-stopped-car-00047,False,4160.882333011868,False,False,,,,False,False,False,0.0,False,False,,
Hybrid ML Controller,2026028,3d12efb08ddc0ef4,seed-2026028-scenario-00048,truck,mixed,sim-001eea2c-truck-00048,sim-001eea2c-truck-00048|sim-001eea2c-left-traffic-00048,True,4243.606979354774,False,False,,,,False,False,False,0.0,False,False,,
Hybrid ML Controller,2026028,3d12efb08ddc0ef4,seed-2026028-scenario-00049,slow_car,slow_car,sim-001eea2c-slow-car-00049,sim-001eea2c-slow-car-00049,False,4334.213834810029,False,False,,,,False,False,False,0.0,False,False,,
Hybrid ML Controller,2026028,3d12efb08ddc0ef4,seed-2026028-scenario-00050,stopped_car,mixed,sim-001eea2c-stopped-car-00050,sim-001eea2c-stopped-car-00050|sim-001eea2c-left-traffic-00050,True,4410.210717775929,False,False,,,,False,False,False,0.0,False,False,,
Rule Controller,2026029,5fb96ffe5b335c4a,seed-2026029-scenario-00001,truck,truck,sim-001eea2d-truck-00001,sim-001eea2d-truck-00001,False,142.71421956537944,True,True,12.35000000000004,23.4500000000002,11.100000000000158,True,True,False,4.199999999999993,True,True,4.705422899433201,3.1785185582090136
Rule Controller,2026029,5fb96ffe5b335c4a,seed-2026029-scenario-00002,slow_car,mixed,sim-001eea2d-slow-car-00002,sim-001eea2d-slow-car-00002|sim-001eea2d-left-traffic-00002,True,239.2330777207193,True,True,17.25000000000011,58.6999999999988,41.449999999998695,True,True,False,3.2499999999999964,True,False,3.0148669655030513,3.0200213100106907
Rule Controller,2026029,5fb96ffe5b335c4a,seed-2026029-scenario-00003,pedestrian,pedestrian,sim-001eea2d-pedestrian-00003,sim-001eea2d-pedestrian-00003,False,308.1201480787835,True,True,20.250000000000153,36.70000000000005,16.4499999999999,True,True,False,0.1,False,False,,0.42500000000000027
Rule Controller,2026029,5fb96ffe5b335c4a,seed-2026029-scenario-00004,pedestrian,pedestrian,sim-001eea2d-pedestrian-00004,sim-001eea2d-pedestrian-00004,False,380.0161108297506,True,True,34.1000000000002,53.74999999999908,19.649999999998883,True,True,False,0.1,False,False,,0.42500000000000027
Rule Controller,2026029,5fb96ffe5b335c4a,seed-2026029-scenario-00005,truck,truck,sim-001eea2d-truck-00005,sim-001eea2d-truck-00005,False,466.6695722501349,True,True,62.64999999999858,90.29999999999701,27.649999999998435,True,False,True,0.0,False,False,,1.2000000000000002
Rule Controller,2026029,5fb96ffe5b335c4a,seed-2026029-scenario-00006,pedestrian,pedestrian,sim-001eea2d-pedestrian-00006,sim-001eea2d-pedestrian-00006,False,555.1867107225827,True,True,60.19999999999872,76.4499999999978,16.249999999999083,True,True,False,0.1,False,False,,0.42500000000000027
Rule Controller,2026029,5fb96ffe5b335c4a,seed-2026029-scenario-00008,slow_car,slow_car,sim-001eea2d-slow-car-00008,sim-001eea2d-slow-car-00008,False,692.8469859721995,True,True,83.94999999999737,121.24999999999525,37.29999999999788,True,True,False,0.0,True,True,3.946686537189918,3.141414687074721
Rule Controller,2026029,5fb96ffe5b335c4a,seed-2026029-scenario-00009,stopped_car,stopped_car,sim-001eea2d-stopped-car-00009,sim-001eea2d-stopped-car-00009,False,779.1495268411716,True,True,86.64999999999722,105.84999999999613,19.19999999999891,True,False,True,8.499999999999986,True,True,0.564649915264872,1.1999999999999549
Rule Controller,2026029,5fb96ffe5b335c4a,seed-2026029-scenario-00010,truck,mixed,sim-001eea2d-truck-00010,sim-001eea2d-truck-00010|sim-001eea2d-left-traffic-00010,True,854.4153449691878,True,True,118.84999999999539,135.04999999999646,16.20000000000107,True,True,False,1.4000000000000006,True,True,0.11974291745391943,-1.875
Rule Controller,2026029,5fb96ffe5b335c4a,seed-2026029-scenario-00011,stopped_car,stopped_car,sim-001eea2d-stopped-car-00011,sim-001eea2d-stopped-car-00011,False,925.0490191586922,True,True,110.59999999999586,118.79999999999539,8.199999999999534,True,True,False,0.0,False,False,1.2823367201427927,1.5649949095333553
Rule Controller,2026029,5fb96ffe5b335c4a,seed-2026029-scenario-00012,slow_car,mixed,sim-001eea2d-slow-car-00012,sim-001eea2d-slow-car-00012|sim-001eea2d-left-traffic-00012,True,1001.4696362852333,True,True,121.84999999999522,159.8000000000021,37.95000000000687,True,True,False,2.8999999999999977,False,False,0.01387511960407223,-1.5142335430879
Rule Controller,2026029,5fb96ffe5b335c4a,seed-2026029-scenario-00013,truck,mixed,sim-001eea2d-truck-00013,sim-001eea2d-truck-00013|sim-001eea2d-left-traffic-00013,True,1097.8128063854306,True,True,132.29999999999583,162.75000000000276,30.450000000006924,True,True,False,0.0,False,False,0.09100857202963898,-1.875
Rule Controller,2026029,5fb96ffe5b335c4a,seed-2026029-scenario-00014,pedestrian,pedestrian,sim-001eea2d-pedestrian-00014,sim-001eea2d-pedestrian-00014,False,1170.2145705583362,True,True,133.8999999999962,153.7000000000007,19.800000000004502,True,True,False,0.1,False,False,,0.42500000000000027
Rule Controller,2026029,5fb96ffe5b335c4a,seed-2026029-scenario-00015,truck,truck,sim-001eea2d-truck-00015,sim-001eea2d-truck-00015,False,1241.9180348723812,True,True,163.4000000000029,189.05000000000874,25.650000000005832,True,False,True,0.0,False,False,2.4151816127190413,1.2000000000000002
Rule Controller,2026029,5fb96ffe5b335c4a,seed-2026029-scenario-00016,truck,truck,sim-001eea2d-truck-00016,sim-001eea2d-truck-00016,False,1347.980925731244,True,True,162.85000000000278,188.4000000000086,25.55000000000581,True,True,False,0.0,True,True,1.7672871161773116,1.8478034375298023
Rule Controller,2026029,5fb96ffe5b335c4a,seed-2026029-scenario-00018,stopped_car,mixed,sim-001eea2d-stopped-car-00018,sim-001eea2d-stopped-car-00018|sim-001eea2d-left-traffic-00018,True,1531.4715328672123,True,True,183.1500000000074,189.50000000000884,6.350000000001444,True,True,False,0.0,False,False,4.0158613844606075,3.403859926790304
Rule Controller,2026029,5fb96ffe5b335c4a,seed-2026029-scenario-00019,pedestrian,pedestrian,sim-001eea2d-pedestrian-00019,sim-001eea2d-pedestrian-00019,False,1599.5043964015326,True,True,188.15000000000853,204.50000000001225,16.350000000003718,True,True,False,0.1,False,False,3.4386317173645784,5.295972654673051
Rule Controller,2026029,5fb96ffe5b335c4a,seed-2026029-scenario-00020,slow_car,slow_car,sim-001eea2d-slow-car-00020,sim-001eea2d-slow-car-00020,False,1690.2805469198233,True,True,212.10000000001398,221.50000000001612,9.400000000002137,True,True,False,0.0,True,True,3.7988838191793515,3.3810920840994285
Rule Controller,2026029,5fb96ffe5b335c4a,seed-2026029-scenario-00021,truck,truck,sim-001eea2d-truck-00021,sim-001eea2d-truck-00021,False,1773.5922421689286,True,True,214.60000000001455,226.55000000001726,11.950000000002717,True,True,False,0.0,False,False,8.083447806095197,3.3
Rule Controller,2026029,5fb96ffe5b335c4a,seed-2026029-scenario-00022,slow_car,slow_car,sim-001eea2d-slow-car-00022,sim-001eea2d-slow-car-00022,False,1880.4055377167506,True,True,222.25000000001629,241.05000000002056,18.800000000004275,True,True,False,0.0,True,False,2.6899185137232635,3.4380386578054036
Rule Controller,2026029,5fb96ffe5b335c4a,seed-2026029-scenario-00024,slow_car,slow_car,sim-001eea2d-slow-car-00024,sim-001eea2d-slow-car-00024,False,2041.8641257969991,True,True,241.05000000002056,,,False,False,False,0.0,False,False,4.82857697648414,19.500935255225976
Rule Controller,2026029,5fb96ffe5b335c4a,seed-2026029-scenario-00025,truck,truck,sim-001eea2d-truck-00025,sim-001eea2d-truck-00025,False,2130.2768665706426,True,True,243.4000000000211,,,False,False,True,0.0,False,False,2.2657122442388182,1.2000000000000002
Rule Controller,2026029,5fb96ffe5b335c4a,seed-2026029-scenario-00026,stopped_car,stopped_car,sim-001eea2d-stopped-car-00026,sim-001eea2d-stopped-car-00026,False,2205.2616067870295,True,True,245.75000000002163,268.1500000000267,22.400000000005065,True,True,False,4.99999999999999,True,True,3.329669682960386,3.114477175456526
Rule Controller,2026029,5fb96ffe5b335c4a,seed-2026029-scenario-00027,truck,mixed,sim-001eea2d-truck-00027,sim-001eea2d-truck-00027|sim-001eea2d-left-traffic-00027,True,2277.004720496074,False,False,,,,False,False,False,0.0,False,False,,
Rule Controller,2026029,5fb96ffe5b335c4a,seed-2026029-scenario-00028,stopped_car,mixed,sim-001eea2d-stopped-car-00028,sim-001eea2d-stopped-car-00028|sim-001eea2d-left-traffic-00028,True,2360.397842639285,True,False,273.3500000000279,292.55000000003224,19.200000000004366,True,False,False,2.5999999999999988,True,True,3.759113136095868,3.122847905185811
Rule Controller,2026029,5fb96ffe5b335c4a,seed-2026029-scenario-00029,pedestrian,pedestrian,sim-001eea2d-pedestrian-00029,sim-001eea2d-pedestrian-00029,False,2455.91814055337,True,False,293.3500000000324,,,False,False,False,0.0,False,False,,23.748479256607283
Rule Controller,2026029,5fb96ffe5b335c4a,seed-2026029-scenario-00032,pedestrian,pedestrian,sim-001eea2d-pedestrian-00032,sim-001eea2d-pedestrian-00032,False,2679.398871056561,False,False,,,,False,False,False,0.0,False,False,,
Rule Controller,2026029,5fb96ffe5b335c4a,seed-2026029-scenario-00034,stopped_car,mixed,sim-001eea2d-stopped-car-00034,sim-001eea2d-stopped-car-00034|sim-001eea2d-left-traffic-00034,True,2860.7981387786226,False,False,,,,False,False,False,0.0,False,False,,
Rule Controller,2026029,5fb96ffe5b335c4a,seed-2026029-scenario-00035,truck,mixed,sim-001eea2d-truck-00035,sim-001eea2d-truck-00035|sim-001eea2d-left-traffic-00035,True,2933.742359406663,False,False,,,,False,False,False,0.0,False,False,,
Rule Controller,2026029,5fb96ffe5b335c4a,seed-2026029-scenario-00036,pedestrian,pedestrian,sim-001eea2d-pedestrian-00036,sim-001eea2d-pedestrian-00036,False,3005.63670355653,False,False,,,,False,False,False,0.0,False,False,,
Rule Controller,2026029,5fb96ffe5b335c4a,seed-2026029-scenario-00037,truck,mixed,sim-001eea2d-truck-00037,sim-001eea2d-truck-00037|sim-001eea2d-left-traffic-00037,True,3103.8265935698905,False,False,,,,False,False,False,0.0,False,False,,
Rule Controller,2026029,5fb96ffe5b335c4a,seed-2026029-scenario-00038,stopped_car,stopped_car,sim-001eea2d-stopped-car-00038,sim-001eea2d-stopped-car-00038,False,3180.555709724549,False,False,,,,False,False,False,0.0,False,False,,
Rule Controller,2026029,5fb96ffe5b335c4a,seed-2026029-scenario-00039,stopped_car,mixed,sim-001eea2d-stopped-car-00039,sim-001eea2d-stopped-car-00039|sim-001eea2d-left-traffic-00039,True,3284.9338214573913,False,False,,,,False,False,False,0.0,False,False,,
Rule Controller,2026029,5fb96ffe5b335c4a,seed-2026029-scenario-00040,slow_car,mixed,sim-001eea2d-slow-car-00040,sim-001eea2d-slow-car-00040|sim-001eea2d-left-traffic-00040,True,3370.8858551724597,False,False,,,,False,False,False,0.0,False,False,,
Rule Controller,2026029,5fb96ffe5b335c4a,seed-2026029-scenario-00041,stopped_car,stopped_car,sim-001eea2d-stopped-car-00041,sim-001eea2d-stopped-car-00041,False,3446.404880138036,False,False,,,,False,False,False,0.0,False,False,,
Rule Controller,2026029,5fb96ffe5b335c4a,seed-2026029-scenario-00042,pedestrian,pedestrian,sim-001eea2d-pedestrian-00042,sim-001eea2d-pedestrian-00042,False,3531.175529920841,False,False,,,,False,False,False,0.0,False,False,,
Rule Controller,2026029,5fb96ffe5b335c4a,seed-2026029-scenario-00043,stopped_car,stopped_car,sim-001eea2d-stopped-car-00043,sim-001eea2d-stopped-car-00043,False,3605.8338854440576,False,False,,,,False,False,False,0.0,False,False,,
Rule Controller,2026029,5fb96ffe5b335c4a,seed-2026029-scenario-00044,stopped_car,stopped_car,sim-001eea2d-stopped-car-00044,sim-001eea2d-stopped-car-00044,False,3681.022950122016,False,False,,,,False,False,False,0.0,False,False,,
Rule Controller,2026029,5fb96ffe5b335c4a,seed-2026029-scenario-00045,truck,mixed,sim-001eea2d-truck-00045,sim-001eea2d-truck-00045|sim-001eea2d-left-traffic-00045,True,3789.0009492225054,False,False,,,,False,False,False,0.0,False,False,,
Rule Controller,2026029,5fb96ffe5b335c4a,seed-2026029-scenario-00046,slow_car,slow_car,sim-001eea2d-slow-car-00046,sim-001eea2d-slow-car-00046,False,3882.8502229797364,False,False,,,,False,False,False,0.0,False,False,,
Rule Controller,2026029,5fb96ffe5b335c4a,seed-2026029-scenario-00047,pedestrian,pedestrian,sim-001eea2d-pedestrian-00047,sim-001eea2d-pedestrian-00047,False,3963.3435157702393,False,False,,,,False,False,False,0.0,False,False,,
Rule Controller,2026029,5fb96ffe5b335c4a,seed-2026029-scenario-00048,truck,truck,sim-001eea2d-truck-00048,sim-001eea2d-truck-00048,False,4043.026714172331,False,False,,,,False,False,False,0.0,False,False,,
Rule Controller,2026029,5fb96ffe5b335c4a,seed-2026029-scenario-00049,pedestrian,pedestrian,sim-001eea2d-pedestrian-00049,sim-001eea2d-pedestrian-00049,False,4111.165835057529,False,False,,,,False,False,False,0.0,False,False,,
Rule Controller,2026029,5fb96ffe5b335c4a,seed-2026029-scenario-00050,stopped_car,mixed,sim-001eea2d-stopped-car-00050,sim-001eea2d-stopped-car-00050|sim-001eea2d-left-traffic-00050,True,4209.09769093047,False,False,,,,False,False,False,0.0,False,False,,
Rule Controller,2026029,5fb96ffe5b335c4a,seed-2026029-scenario-00051,slow_car,mixed,sim-001eea2d-slow-car-00051,sim-001eea2d-slow-car-00051|sim-001eea2d-left-traffic-00051,True,4283.896844495617,False,False,,,,False,False,False,0.0,False,False,,
Rule Controller,2026029,5fb96ffe5b335c4a,seed-2026029-scenario-00052,stopped_car,stopped_car,sim-001eea2d-stopped-car-00052,sim-001eea2d-stopped-car-00052,False,4381.775026706796,False,False,,,,False,False,False,0.0,False,False,,
Hybrid ML Controller,2026029,5fb96ffe5b335c4a,seed-2026029-scenario-00001,truck,truck,sim-001eea2d-truck-00001,sim-001eea2d-truck-00001,False,142.71421956537944,True,True,12.35000000000004,23.4500000000002,11.100000000000158,True,True,False,4.449999999999992,True,True,4.705422899433201,3.1785185582090136
Hybrid ML Controller,2026029,5fb96ffe5b335c4a,seed-2026029-scenario-00002,slow_car,mixed,sim-001eea2d-slow-car-00002,sim-001eea2d-slow-car-00002|sim-001eea2d-left-traffic-00002,True,239.2330777207193,True,True,17.25000000000011,58.39999999999882,41.14999999999871,True,True,False,3.649999999999995,False,False,0.04538891192557292,-1.7722494000531102
Hybrid ML Controller,2026029,5fb96ffe5b335c4a,seed-2026029-scenario-00003,pedestrian,pedestrian,sim-001eea2d-pedestrian-00003,sim-001eea2d-pedestrian-00003,False,308.1201480787835,True,True,20.250000000000153,36.70000000000005,16.4499999999999,True,True,False,0.1,False,False,,0.42500000000000027
Hybrid ML Controller,2026029,5fb96ffe5b335c4a,seed-2026029-scenario-00004,pedestrian,pedestrian,sim-001eea2d-pedestrian-00004,sim-001eea2d-pedestrian-00004,False,380.0161108297506,True,True,34.1000000000002,53.4999999999991,19.399999999998897,True,True,False,0.1,False,False,,0.42500000000000027
Hybrid ML Controller,2026029,5fb96ffe5b335c4a,seed-2026029-scenario-00005,truck,truck,sim-001eea2d-truck-00005,sim-001eea2d-truck-00005,False,466.6695722501349,True,True,62.349999999998595,91.29999999999696,28.94999999999836,True,False,True,0.0,False,False,,1.2000000000000002
Hybrid ML Controller,2026029,5fb96ffe5b335c4a,seed-2026029-scenario-00006,pedestrian,pedestrian,sim-001eea2d-pedestrian-00006,sim-001eea2d-pedestrian-00006,False,555.1867107225827,True,True,60.049999999998725,76.19999999999781,16.14999999999909,True,True,False,0.1,False,False,,0.42500000000000027
Hybrid ML Controller,2026029,5fb96ffe5b335c4a,seed-2026029-scenario-00008,slow_car,slow_car,sim-001eea2d-slow-car-00008,sim-001eea2d-slow-car-00008,False,692.8469859721995,True,True,83.69999999999739,152.10000000000034,68.40000000000295,True,True,False,2.5999999999999988,True,True,4.796842795985364,3.5093359827409407
Hybrid ML Controller,2026029,5fb96ffe5b335c4a,seed-2026029-scenario-00009,stopped_car,stopped_car,sim-001eea2d-stopped-car-00009,sim-001eea2d-stopped-car-00009,False,779.1495268411716,True,True,86.44999999999723,105.49999999999615,19.049999999998917,True,False,True,6.249999999999986,True,False,0.7326283551463035,1.1565072416549367
Hybrid ML Controller,2026029,5fb96ffe5b335c4a,seed-2026029-scenario-00010,truck,mixed,sim-001eea2d-truck-00010,sim-001eea2d-truck-00010|sim-001eea2d-left-traffic-00010,True,854.4153449691878,True,True,146.94999999999916,178.90000000000643,31.950000000007265,True,True,False,0.0,False,False,0.11662266889672467,-1.4112173388434357
Hybrid ML Controller,2026029,5fb96ffe5b335c4a,seed-2026029-scenario-00011,stopped_car,stopped_car,sim-001eea2d-stopped-car-00011,sim-001eea2d-stopped-car-00011,False,925.0490191586922,True,True,112.84999999999573,133.049999999996,20.200000000000273,True,True,False,0.0,True,True,1.9366730736584776,1.6152219473240097
Hybrid ML Controller,2026029,5fb96ffe5b335c4a,seed-2026029-scenario-00012,slow_car,mixed,sim-001eea2d-slow-car-00012,sim-001eea2d-slow-car-00012|sim-001eea2d-left-traffic-00012,True,1001.4696362852333,True,True,148.24999999999946,180.20000000000672,31.950000000007265,True,True,False,0.0,False,False,0.14088245345105094,-1.8305208468759178
Hybrid ML Controller,2026029,5fb96ffe5b335c4a,seed-2026029-scenario-00013,truck,mixed,sim-001eea2d-truck-00013,sim-001eea2d-truck-00013|sim-001eea2d-left-traffic-00013,True,1097.8128063854306,True,True,145.7499999999989,175.80000000000572,30.050000000006833,True,True,False,0.0,False,False,0.2118328362323434,-1.875
Hybrid ML Controller,2026029,5fb96ffe5b335c4a,seed-2026029-scenario-00014,pedestrian,pedestrian,sim-001eea2d-pedestrian-00014,sim-001eea2d-pedestrian-00014,False,1170.2145705583362,True,True,147.84999999999937,167.60000000000386,19.75000000000449,True,True,False,0.1,False,False,,0.42500000000000027
Hybrid ML Controller,2026029,5fb96ffe5b335c4a,seed-2026029-scenario-00015,truck,truck,sim-001eea2d-truck-00015,sim-001eea2d-truck-00015,False,1241.9180348723812,True,True,177.30000000000607,207.95000000001303,30.65000000000697,True,True,False,0.7000000000000001,False,False,12.569921992726467,3.3
Hybrid ML Controller,2026029,5fb96ffe5b335c4a,seed-2026029-scenario-00016,truck,truck,sim-001eea2d-truck-00016,sim-001eea2d-truck-00016,False,1347.980925731244,True,True,176.80000000000595,207.3500000000129,30.550000000006946,True,True,False,0.0,True,True,10.651954342194905,3.3
Hybrid ML Controller,2026029,5fb96ffe5b335c4a,seed-2026029-scenario-00018,stopped_car,mixed,sim-001eea2d-stopped-car-00018,sim-001eea2d-stopped-car-00018|sim-001eea2d-left-traffic-00018,True,1531.4715328672123,True,True,197.7000000000107,206.60000000001273,8.900000000002024,True,True,False,0.0,False,False,0.16631505830163804,-1.875
Hybrid ML Controller,2026029,5fb96ffe5b335c4a,seed-2026029-scenario-00019,pedestrian,pedestrian,sim-001eea2d-pedestrian-00019,sim-001eea2d-pedestrian-00019,False,1599.5043964015326,True,True,205.2000000000124,221.55000000001613,16.350000000003718,True,True,False,0.1,False,False,,0.42500000000000027
Hybrid ML Controller,2026029,5fb96ffe5b335c4a,seed-2026029-scenario-00020,slow_car,slow_car,sim-001eea2d-slow-car-00020,sim-001eea2d-slow-car-00020,False,1690.2805469198233,True,True,232.55000000001863,246.15000000002172,13.600000000003092,True,True,False,0.0,False,False,,3.625
Hybrid ML Controller,2026029,5fb96ffe5b335c4a,seed-2026029-scenario-00021,truck,truck,sim-001eea2d-truck-00021,sim-001eea2d-truck-00021,False,1773.5922421689286,True,True,241.10000000002057,253.0500000000233,11.950000000002717,True,True,False,0.0,False,False,,3.3
Hybrid ML Controller,2026029,5fb96ffe5b335c4a,seed-2026029-scenario-00022,slow_car,slow_car,sim-001eea2d-slow-car-00022,sim-001eea2d-slow-car-00022,False,1880.4055377167506,True,True,246.35000000002177,274.95000000002824,28.600000000006474,True,False,True,0.0,False,False,,1.2000000000001823
Hybrid ML Controller,2026029,5fb96ffe5b335c4a,seed-2026029-scenario-00024,slow_car,slow_car,sim-001eea2d-slow-car-00024,sim-001eea2d-slow-car-00024,False,2041.8641257969991,True,True,260.650000000025,,,False,False,False,0.0,False,False,16.77258444124594,48.205406072991444
Hybrid ML Controller,2026029,5fb96ffe5b335c4a,seed-2026029-scenario-00025,truck,truck,sim-001eea2d-truck-00025,sim-001eea2d-truck-00025,False,2130.2768665706426,True,False,273.25000000002785,,,False,False,False,0.0,False,False,6.862985382090882,26.05683583386526
Hybrid ML Controller,2026029,5fb96ffe5b335c4a,seed-2026029-scenario-00026,stopped_car,stopped_car,sim-001eea2d-stopped-car-00026,sim-001eea2d-stopped-car-00026,False,2205.2616067870295,True,False,271.3500000000274,290.6000000000318,19.250000000004377,True,False,True,5.749999999999988,True,True,1.294605522681735,1.156507241654649
Hybrid ML Controller,2026029,5fb96ffe5b335c4a,seed-2026029-scenario-00027,truck,mixed,sim-001eea2d-truck-00027,sim-001eea2d-truck-00027|sim-001eea2d-left-traffic-00027,True,2277.004720496074,False,False,,,,False,False,False,0.0,False,False,,
Hybrid ML Controller,2026029,5fb96ffe5b335c4a,seed-2026029-scenario-00028,stopped_car,mixed,sim-001eea2d-stopped-car-00028,sim-001eea2d-stopped-car-00028|sim-001eea2d-left-traffic-00028,True,2360.397842639285,True,False,297.05000000003326,,,False,False,False,0.0,False,False,6.580489331987921,45.00509397173246
Hybrid ML Controller,2026029,5fb96ffe5b335c4a,seed-2026029-scenario-00029,pedestrian,pedestrian,sim-001eea2d-pedestrian-00029,sim-001eea2d-pedestrian-00029,False,2455.91814055337,False,False,,,,False,False,False,0.0,False,False,,
Hybrid ML Controller,2026029,5fb96ffe5b335c4a,seed-2026029-scenario-00032,pedestrian,pedestrian,sim-001eea2d-pedestrian-00032,sim-001eea2d-pedestrian-00032,False,2679.398871056561,False,False,,,,False,False,False,0.0,False,False,,
Hybrid ML Controller,2026029,5fb96ffe5b335c4a,seed-2026029-scenario-00034,stopped_car,mixed,sim-001eea2d-stopped-car-00034,sim-001eea2d-stopped-car-00034|sim-001eea2d-left-traffic-00034,True,2860.7981387786226,False,False,,,,False,False,False,0.0,False,False,,
Hybrid ML Controller,2026029,5fb96ffe5b335c4a,seed-2026029-scenario-00035,truck,mixed,sim-001eea2d-truck-00035,sim-001eea2d-truck-00035|sim-001eea2d-left-traffic-00035,True,2933.742359406663,False,False,,,,False,False,False,0.0,False,False,,
Hybrid ML Controller,2026029,5fb96ffe5b335c4a,seed-2026029-scenario-00036,pedestrian,pedestrian,sim-001eea2d-pedestrian-00036,sim-001eea2d-pedestrian-00036,False,3005.63670355653,False,False,,,,False,False,False,0.0,False,False,,
Hybrid ML Controller,2026029,5fb96ffe5b335c4a,seed-2026029-scenario-00037,truck,mixed,sim-001eea2d-truck-00037,sim-001eea2d-truck-00037|sim-001eea2d-left-traffic-00037,True,3103.8265935698905,False,False,,,,False,False,False,0.0,False,False,,
Hybrid ML Controller,2026029,5fb96ffe5b335c4a,seed-2026029-scenario-00038,stopped_car,stopped_car,sim-001eea2d-stopped-car-00038,sim-001eea2d-stopped-car-00038,False,3180.555709724549,False,False,,,,False,False,False,0.0,False,False,,
Hybrid ML Controller,2026029,5fb96ffe5b335c4a,seed-2026029-scenario-00039,stopped_car,mixed,sim-001eea2d-stopped-car-00039,sim-001eea2d-stopped-car-00039|sim-001eea2d-left-traffic-00039,True,3284.9338214573913,False,False,,,,False,False,False,0.0,False,False,,
Hybrid ML Controller,2026029,5fb96ffe5b335c4a,seed-2026029-scenario-00040,slow_car,mixed,sim-001eea2d-slow-car-00040,sim-001eea2d-slow-car-00040|sim-001eea2d-left-traffic-00040,True,3370.8858551724597,False,False,,,,False,False,False,0.0,False,False,,
Hybrid ML Controller,2026029,5fb96ffe5b335c4a,seed-2026029-scenario-00041,stopped_car,stopped_car,sim-001eea2d-stopped-car-00041,sim-001eea2d-stopped-car-00041,False,3446.404880138036,False,False,,,,False,False,False,0.0,False,False,,
Hybrid ML Controller,2026029,5fb96ffe5b335c4a,seed-2026029-scenario-00042,pedestrian,pedestrian,sim-001eea2d-pedestrian-00042,sim-001eea2d-pedestrian-00042,False,3531.175529920841,False,False,,,,False,False,False,0.0,False,False,,
Hybrid ML Controller,2026029,5fb96ffe5b335c4a,seed-2026029-scenario-00043,stopped_car,stopped_car,sim-001eea2d-stopped-car-00043,sim-001eea2d-stopped-car-00043,False,3605.8338854440576,False,False,,,,False,False,False,0.0,False,False,,
Hybrid ML Controller,2026029,5fb96ffe5b335c4a,seed-2026029-scenario-00044,stopped_car,stopped_car,sim-001eea2d-stopped-car-00044,sim-001eea2d-stopped-car-00044,False,3681.022950122016,False,False,,,,False,False,False,0.0,False,False,,
Hybrid ML Controller,2026029,5fb96ffe5b335c4a,seed-2026029-scenario-00045,truck,mixed,sim-001eea2d-truck-00045,sim-001eea2d-truck-00045|sim-001eea2d-left-traffic-00045,True,3789.0009492225054,False,False,,,,False,False,False,0.0,False,False,,
Hybrid ML Controller,2026029,5fb96ffe5b335c4a,seed-2026029-scenario-00046,slow_car,slow_car,sim-001eea2d-slow-car-00046,sim-001eea2d-slow-car-00046,False,3882.8502229797364,False,False,,,,False,False,False,0.0,False,False,,
Hybrid ML Controller,2026029,5fb96ffe5b335c4a,seed-2026029-scenario-00047,pedestrian,pedestrian,sim-001eea2d-pedestrian-00047,sim-001eea2d-pedestrian-00047,False,3963.3435157702393,False,False,,,,False,False,False,0.0,False,False,,
Hybrid ML Controller,2026029,5fb96ffe5b335c4a,seed-2026029-scenario-00048,truck,truck,sim-001eea2d-truck-00048,sim-001eea2d-truck-00048,False,4043.026714172331,False,False,,,,False,False,False,0.0,False,False,,
Hybrid ML Controller,2026029,5fb96ffe5b335c4a,seed-2026029-scenario-00049,pedestrian,pedestrian,sim-001eea2d-pedestrian-00049,sim-001eea2d-pedestrian-00049,False,4111.165835057529,False,False,,,,False,False,False,0.0,False,False,,
Hybrid ML Controller,2026029,5fb96ffe5b335c4a,seed-2026029-scenario-00050,stopped_car,mixed,sim-001eea2d-stopped-car-00050,sim-001eea2d-stopped-car-00050|sim-001eea2d-left-traffic-00050,True,4209.09769093047,False,False,,,,False,False,False,0.0,False,False,,
Hybrid ML Controller,2026029,5fb96ffe5b335c4a,seed-2026029-scenario-00051,slow_car,mixed,sim-001eea2d-slow-car-00051,sim-001eea2d-slow-car-00051|sim-001eea2d-left-traffic-00051,True,4283.896844495617,False,False,,,,False,False,False,0.0,False,False,,
Hybrid ML Controller,2026029,5fb96ffe5b335c4a,seed-2026029-scenario-00052,stopped_car,stopped_car,sim-001eea2d-stopped-car-00052,sim-001eea2d-stopped-car-00052,False,4381.775026706796,False,False,,,,False,False,False,0.0,False,False,,
